Watching for file changes with StatReloader
Watching for file changes with StatReloader
Watching for file changes with StatReloader
Watching for file changes with StatReloader
Watching for file changes with StatReloader
Watching for file changes with StatReloader
Watching for file changes with StatReloader
Watching for file changes with StatReloader
C:\Users\User\OneDrive\Desktop\computer_science\work\GenericWeb\backend\generic3\generic3\urls.py changed, reloading.
Watching for file changes with StatReloader
Watching for file changes with StatReloader
Watching for file changes with StatReloader
Not Found: /
"GET / HTTP/1.1" 404 11711
"GET /static/debug_toolbar/css/toolbar.css HTTP/1.1" 200 12621
"GET /static/debug_toolbar/js/toolbar.js HTTP/1.1" 200 13578
"GET /static/debug_toolbar/css/print.css HTTP/1.1" 200 43
"GET /static/debug_toolbar/js/utils.js HTTP/1.1" 200 4527
Not Found: /favicon.ico
"GET /favicon.ico HTTP/1.1" 404 11772
Not Found: /firebase-messaging-sw.js
"GET /firebase-messaging-sw.js HTTP/1.1" 404 11824
"GET /admin HTTP/1.1" 301 0
"GET /admin/ HTTP/1.1" 302 0
"GET /admin/login/?next=/admin/ HTTP/1.1" 302 0
Not Found: /accounts/login/
"GET /accounts/login/?next=/admin/ HTTP/1.1" 404 11814
Not Found: /firebase-messaging-sw.js
"GET /firebase-messaging-sw.js HTTP/1.1" 404 11824
C:\Users\User\OneDrive\Desktop\computer_science\work\GenericWeb\backend\generic3\generic3\urls.py changed, reloading.
Watching for file changes with StatReloader
"GET /admin/ HTTP/1.1" 302 0
"GET /admin/login/?next=/admin/ HTTP/1.1" 302 0
Not Found: /accounts/login/
"GET /accounts/login/?next=/admin/ HTTP/1.1" 404 11686
Not Found: /firebase-messaging-sw.js
"GET /firebase-messaging-sw.js HTTP/1.1" 404 11696
C:\Users\User\OneDrive\Desktop\computer_science\work\GenericWeb\backend\generic3\generic3\urls.py changed, reloading.
Watching for file changes with StatReloader
"GET /accounts/login/?next=/admin/ HTTP/1.1" 302 0
"GET /admin/login/ HTTP/1.1" 302 0
"GET /accounts/login/?next=/accounts/profile/ HTTP/1.1" 302 0
"GET /admin/login/ HTTP/1.1" 302 0
"GET /accounts/login/?next=/accounts/profile/ HTTP/1.1" 302 0
"GET /admin/login/ HTTP/1.1" 302 0
"GET /accounts/login/?next=/accounts/profile/ HTTP/1.1" 302 0
"GET /admin/login/ HTTP/1.1" 302 0
"GET /accounts/login/?next=/accounts/profile/ HTTP/1.1" 302 0
"GET /admin/login/ HTTP/1.1" 302 0
"GET /accounts/login/?next=/accounts/profile/ HTTP/1.1" 302 0
"GET /admin/login/ HTTP/1.1" 302 0
"GET /accounts/login/?next=/accounts/profile/ HTTP/1.1" 302 0
"GET /admin/login/ HTTP/1.1" 302 0
"GET /accounts/login/?next=/accounts/profile/ HTTP/1.1" 302 0
"GET /admin/login/ HTTP/1.1" 302 0
"GET /accounts/login/?next=/accounts/profile/ HTTP/1.1" 302 0
"GET /admin/login/ HTTP/1.1" 302 0
"GET /accounts/login/?next=/accounts/profile/ HTTP/1.1" 302 0
"GET /admin/login/ HTTP/1.1" 302 0
"GET /admin/login/ HTTP/1.1" 302 0
Not Found: /firebase-messaging-sw.js
"GET /firebase-messaging-sw.js HTTP/1.1" 404 11825
"GET /accounts/login/?next=/accounts/profile/ HTTP/1.1" 302 0
"GET /admin/login/ HTTP/1.1" 302 0
"GET /accounts/login/?next=/accounts/profile/ HTTP/1.1" 302 0
"GET /admin/login/ HTTP/1.1" 302 0
"GET /accounts/login/?next=/accounts/profile/ HTTP/1.1" 302 0
"GET /admin/login/ HTTP/1.1" 302 0
"GET /accounts/login/?next=/accounts/profile/ HTTP/1.1" 302 0
"GET /admin/login/ HTTP/1.1" 302 0
"GET /accounts/login/?next=/accounts/profile/ HTTP/1.1" 302 0
"GET /admin/login/ HTTP/1.1" 302 0
"GET /accounts/login/?next=/accounts/profile/ HTTP/1.1" 302 0
"GET /admin/login/ HTTP/1.1" 302 0
"GET /accounts/login/?next=/accounts/profile/ HTTP/1.1" 302 0
"GET /admin/login/ HTTP/1.1" 302 0
"GET /accounts/login/?next=/accounts/profile/ HTTP/1.1" 302 0
"GET /admin/login/ HTTP/1.1" 302 0
"GET /accounts/login/?next=/accounts/profile/ HTTP/1.1" 302 0
"GET /admin/login/ HTTP/1.1" 302 0
"GET /accounts/login/?next=/accounts/profile/ HTTP/1.1" 302 0
Not Found: /firebase-messaging-sw.js
"GET /firebase-messaging-sw.js HTTP/1.1" 404 11825
"GET /accounts/login/?next=/accounts/profile/ HTTP/1.1" 302 0
"GET /admin/login/ HTTP/1.1" 302 0
"GET /accounts/login/?next=/accounts/profile/ HTTP/1.1" 302 0
"GET /admin/login/ HTTP/1.1" 302 0
"GET /accounts/login/?next=/accounts/profile/ HTTP/1.1" 302 0
"GET /admin/login/ HTTP/1.1" 302 0
"GET /accounts/login/?next=/accounts/profile/ HTTP/1.1" 302 0
"GET /admin/login/ HTTP/1.1" 302 0
"GET /accounts/login/?next=/accounts/profile/ HTTP/1.1" 302 0
"GET /admin/login/ HTTP/1.1" 302 0
"GET /accounts/login/?next=/accounts/profile/ HTTP/1.1" 302 0
"GET /admin/login/ HTTP/1.1" 302 0
"GET /accounts/login/?next=/accounts/profile/ HTTP/1.1" 302 0
"GET /admin/login/ HTTP/1.1" 302 0
"GET /accounts/login/?next=/accounts/profile/ HTTP/1.1" 302 0
"GET /admin/login/ HTTP/1.1" 302 0
"GET /accounts/login/?next=/accounts/profile/ HTTP/1.1" 302 0
"GET /admin/login/ HTTP/1.1" 302 0
"GET /accounts/login/?next=/accounts/profile/ HTTP/1.1" 302 0
"GET /admin/login/ HTTP/1.1" 302 0
Not Found: /firebase-messaging-sw.js
"GET /firebase-messaging-sw.js HTTP/1.1" 404 11825
C:\Users\User\OneDrive\Desktop\computer_science\work\GenericWeb\backend\generic3\generic3\urls.py changed, reloading.
Watching for file changes with StatReloader
Not Found: /
"GET / HTTP/1.1" 404 11583
Not Found: /firebase-messaging-sw.js
"GET /firebase-messaging-sw.js HTTP/1.1" 404 11696
"GET /admin/ HTTP/1.1" 302 0
"GET /admin/login/?next=/admin/ HTTP/1.1" 302 0
Not Found: /accounts/login/
"GET /accounts/login/?next=/admin/ HTTP/1.1" 404 11686
"GET /static/debug_toolbar/css/toolbar.css HTTP/1.1" 200 12621
"GET /static/debug_toolbar/js/toolbar.js HTTP/1.1" 200 13578
"GET /static/debug_toolbar/css/print.css HTTP/1.1" 200 43
"GET /static/debug_toolbar/js/utils.js HTTP/1.1" 200 4527
Not Found: /favicon.ico
"GET /favicon.ico HTTP/1.1" 404 11644
C:\Users\User\OneDrive\Desktop\computer_science\work\GenericWeb\backend\generic3\generic3\urls.py changed, reloading.
Watching for file changes with StatReloader
C:\Users\User\OneDrive\Desktop\computer_science\work\GenericWeb\backend\generic3\generic3\urls.py changed, reloading.
Watching for file changes with StatReloader
C:\Users\User\OneDrive\Desktop\computer_science\work\GenericWeb\backend\generic3\generic3\urls.py changed, reloading.
Watching for file changes with StatReloader
C:\Users\User\OneDrive\Desktop\computer_science\work\GenericWeb\backend\generic3\generic3\urls.py changed, reloading.
Watching for file changes with StatReloader
C:\Users\User\OneDrive\Desktop\computer_science\work\GenericWeb\backend\generic3\generic3\urls.py changed, reloading.
Watching for file changes with StatReloader
C:\Users\User\OneDrive\Desktop\computer_science\work\GenericWeb\backend\generic3\generic3\urls.py changed, reloading.
Watching for file changes with StatReloader
Not Found: /
"GET / HTTP/1.1" 404 11582
Not Found: /firebase-messaging-sw.js
"GET /firebase-messaging-sw.js HTTP/1.1" 404 11696
"GET /admin/ HTTP/1.1" 302 0
"GET /admin/login/?next=/admin/ HTTP/1.1" 302 0
Not Found: /accounts/login/
"GET /accounts/login/?next=/admin/ HTTP/1.1" 404 11686
Not Found: /firebase-messaging-sw.js
"GET /firebase-messaging-sw.js HTTP/1.1" 404 11696
C:\Users\User\OneDrive\Desktop\computer_science\work\GenericWeb\backend\generic3\generic3\settings.py changed, reloading.
Watching for file changes with StatReloader
Not Found: /accounts/login/
"GET /accounts/login/?next=/admin/ HTTP/1.1" 404 11686
Not Found: /accounts/login/
"GET /accounts/login/?next=/admin/ HTTP/1.1" 404 11686
Not Found: /firebase-messaging-sw.js
"GET /firebase-messaging-sw.js HTTP/1.1" 404 11696
"GET /admin/ HTTP/1.1" 302 0
"GET /admin/login/?next=/admin/ HTTP/1.1" 302 0
Not Found: /accounts/login/
"GET /accounts/login/?next=/admin/ HTTP/1.1" 404 11686
Not Found: /firebase-messaging-sw.js
"GET /firebase-messaging-sw.js HTTP/1.1" 404 11696
C:\Users\User\OneDrive\Desktop\computer_science\work\GenericWeb\backend\generic3\generic3\urls.py changed, reloading.
Watching for file changes with StatReloader
C:\Users\User\OneDrive\Desktop\computer_science\work\GenericWeb\backend\generic3\generic3\settings.py changed, reloading.
Watching for file changes with StatReloader
C:\Users\User\OneDrive\Desktop\computer_science\work\GenericWeb\backend\generic3\generic3\urls.py changed, reloading.
Watching for file changes with StatReloader
C:\Users\User\OneDrive\Desktop\computer_science\work\GenericWeb\backend\generic3\generic3\settings.py changed, reloading.
Watching for file changes with StatReloader
Watching for file changes with StatReloader
C:\Users\User\OneDrive\Desktop\computer_science\work\GenericWeb\backend\generic3\generic3\urls.py changed, reloading.
Watching for file changes with StatReloader
C:\Users\User\OneDrive\Desktop\computer_science\work\GenericWeb\backend\generic3\generic3\urls.py changed, reloading.
Watching for file changes with StatReloader
C:\Users\User\OneDrive\Desktop\computer_science\work\GenericWeb\backend\generic3\generic3\settings.py changed, reloading.
Watching for file changes with StatReloader
Not Found: /accounts/login/
"GET /accounts/login/?next=/admin/ HTTP/1.1" 404 13009
Not Found: /firebase-messaging-sw.js
"GET /firebase-messaging-sw.js HTTP/1.1" 404 13019
"GET /admin/ HTTP/1.1" 302 0
"GET /admin/login/?next=/admin/ HTTP/1.1" 302 0
Not Found: /accounts/login/
"GET /accounts/login/?next=/admin/ HTTP/1.1" 404 13009
"GET /admin/ HTTP/1.1" 302 0
"GET /admin/login/?next=/admin/ HTTP/1.1" 302 0
Not Found: /accounts/login/
"GET /accounts/login/?next=/admin/ HTTP/1.1" 404 13009
Not Found: /firebase-messaging-sw.js
"GET /firebase-messaging-sw.js HTTP/1.1" 404 13019
Not Found: /firebase-messaging-sw.js
"GET /firebase-messaging-sw.js HTTP/1.1" 404 13019
C:\Users\User\OneDrive\Desktop\computer_science\work\GenericWeb\backend\generic3\generic3\settings.py changed, reloading.
Watching for file changes with StatReloader
Not Found: /accounts/login/
"GET /accounts/login/?next=/admin/ HTTP/1.1" 404 13009
Not Found: /accounts/login/
"GET /accounts/login/?next=/admin/ HTTP/1.1" 404 13009
Not Found: /firebase-messaging-sw.js
"GET /firebase-messaging-sw.js HTTP/1.1" 404 13019
Not Found: /firebase-messaging-sw.js
"GET /firebase-messaging-sw.js HTTP/1.1" 404 13019
Not Found: /
"GET / HTTP/1.1" 404 12905
Not Found: /firebase-messaging-sw.js
"GET /firebase-messaging-sw.js HTTP/1.1" 404 13019
"GET /admin/ HTTP/1.1" 302 0
"GET /admin/login/?next=/admin/ HTTP/1.1" 302 0
"GET /account/login/?next=/admin/ HTTP/1.1" 200 10927
Not Found: /firebase-messaging-sw.js
"GET /firebase-messaging-sw.js HTTP/1.1" 404 13019
"POST /account/login/?next=/admin/ HTTP/1.1" 302 0
"GET /admin/ HTTP/1.1" 302 0
"GET /admin/login/?next=/admin/ HTTP/1.1" 302 0
"GET /account/two_factor/setup/ HTTP/1.1" 200 10623
Not Found: /firebase-messaging-sw.js
"GET /firebase-messaging-sw.js HTTP/1.1" 404 13019
"POST /account/two_factor/setup/ HTTP/1.1" 200 11458
"GET /account/two_factor/qrcode/ HTTP/1.1" 200 16531
Not Found: /firebase-messaging-sw.js
"GET /firebase-messaging-sw.js HTTP/1.1" 404 13019
"POST /account/two_factor/setup/ HTTP/1.1" 200 11536
"GET /account/two_factor/qrcode/ HTTP/1.1" 200 16531
Not Found: /firebase-messaging-sw.js
"GET /firebase-messaging-sw.js HTTP/1.1" 404 13019
"POST /account/two_factor/setup/ HTTP/1.1" 302 0
"GET /account/two_factor/setup/complete/ HTTP/1.1" 200 10143
Not Found: /firebase-messaging-sw.js
"GET /firebase-messaging-sw.js HTTP/1.1" 404 13019
"GET /account/two_factor/ HTTP/1.1" 200 10461
Not Found: /firebase-messaging-sw.js
"GET /firebase-messaging-sw.js HTTP/1.1" 404 13019
"GET /admin HTTP/1.1" 301 0
"GET /admin/ HTTP/1.1" 200 20132
"GET /static/admin/css/dark_mode.css HTTP/1.1" 200 2929
"GET /static/admin/css/nav_sidebar.css HTTP/1.1" 200 2694
"GET /static/admin/css/base.css HTTP/1.1" 200 21207
"GET /static/admin/css/dashboard.css HTTP/1.1" 200 441
"GET /static/admin/css/responsive.css HTTP/1.1" 200 18557
"GET /static/admin/js/theme.js HTTP/1.1" 200 1943
"GET /static/admin/js/nav_sidebar.js HTTP/1.1" 200 3063
"GET /static/admin/img/icon-changelink.svg HTTP/1.1" 200 380
"GET /static/admin/img/icon-addlink.svg HTTP/1.1" 200 331
Not Found: /firebase-messaging-sw.js
"GET /firebase-messaging-sw.js HTTP/1.1" 404 13019
"GET /admin/users/user/ HTTP/1.1" 200 23648
"GET /static/admin/css/changelists.css HTTP/1.1" 200 6584
"GET /static/admin/js/jquery.init.js HTTP/1.1" 200 347
"GET /static/admin/js/core.js HTTP/1.1" 200 5682
"GET /static/admin/js/admin/RelatedObjectLookups.js HTTP/1.1" 200 8943
"GET /static/admin/js/urlify.js HTTP/1.1" 200 7887
"GET /static/admin/js/actions.js HTTP/1.1" 200 7872
"GET /static/admin/js/prepopulate.js HTTP/1.1" 200 1531
"GET /admin/jsi18n/ HTTP/1.1" 200 3343
"GET /static/admin/img/icon-yes.svg HTTP/1.1" 200 436
"GET /static/admin/img/search.svg HTTP/1.1" 200 458
"GET /static/admin/js/vendor/jquery/jquery.js HTTP/1.1" 200 292458
"GET /static/admin/js/filters.js HTTP/1.1" 200 978
"GET /static/admin/js/vendor/xregexp/xregexp.js HTTP/1.1" 200 232381
"GET /static/admin/img/tooltag-add.svg HTTP/1.1" 200 331
"GET /static/admin/img/sorting-icons.svg HTTP/1.1" 200 1097
Not Found: /firebase-messaging-sw.js
"GET /firebase-messaging-sw.js HTTP/1.1" 404 13019
"GET /admin/users/user/add/ HTTP/1.1" 200 22904
"GET /static/admin/css/forms.css HTTP/1.1" 200 8953
"GET /static/admin/js/prepopulate_init.js HTTP/1.1" 200 586
"GET /static/admin/css/widgets.css HTTP/1.1" 200 11952
"GET /admin/jsi18n/ HTTP/1.1" 200 3343
"GET /static/admin/js/change_form.js HTTP/1.1" 200 606
Not Found: /firebase-messaging-sw.js
"GET /firebase-messaging-sw.js HTTP/1.1" 404 13019
"GET /admin/users/user/ HTTP/1.1" 200 23647
Not Found: /firebase-messaging-sw.js
"GET /firebase-messaging-sw.js HTTP/1.1" 404 13019
"GET /admin/users/patient/ HTTP/1.1" 200 20147
"GET /admin/jsi18n/ HTTP/1.1" 200 3343
"GET /admin/users/patient/add/ HTTP/1.1" 200 21876
"GET /static/admin/img/icon-viewlink.svg HTTP/1.1" 200 581
"GET /admin/jsi18n/ HTTP/1.1" 200 3343
Not Found: /firebase-messaging-sw.js
"GET /firebase-messaging-sw.js HTTP/1.1" 404 13019
Not Found: /firebase-messaging-sw.js
"GET /firebase-messaging-sw.js HTTP/1.1" 404 13019
"GET /admin/users/patient/ HTTP/1.1" 200 20147
Not Found: /firebase-messaging-sw.js
"GET /firebase-messaging-sw.js HTTP/1.1" 404 13019
"GET /admin/users/user/ HTTP/1.1" 200 23647
"GET /admin/jsi18n/ HTTP/1.1" 200 3343
"GET /admin/users/user/add/ HTTP/1.1" 200 22903
Not Found: /firebase-messaging-sw.js
"GET /firebase-messaging-sw.js HTTP/1.1" 404 13019
"GET /admin/jsi18n/ HTTP/1.1" 200 3343
Not Found: /firebase-messaging-sw.js
"GET /firebase-messaging-sw.js HTTP/1.1" 404 13019
C:\Users\User\OneDrive\Desktop\computer_science\work\GenericWeb\backend\generic3\users\admin.py changed, reloading.
Watching for file changes with StatReloader
"GET /admin/users/user/add/ HTTP/1.1" 200 24772
"GET /admin/jsi18n/ HTTP/1.1" 200 3343
Not Found: /firebase-messaging-sw.js
"GET /firebase-messaging-sw.js HTTP/1.1" 404 13019
"POST /admin/users/user/add/ HTTP/1.1" 302 0
Internal Server Error: /admin/users/user/2/change/
Traceback (most recent call last):
  File "C:\Users\User\OneDrive\Desktop\computer_science\work\GenericWeb\backend\venv\Lib\site-packages\django\contrib\admin\options.py", line 809, in get_form
    return modelform_factory(self.model, **defaults)
           ^^^^^^^^^^^^^^^^^^^^^^^^^^^^^^^^^^^^^^^^^
  File "C:\Users\User\OneDrive\Desktop\computer_science\work\GenericWeb\backend\venv\Lib\site-packages\django\forms\models.py", line 642, in modelform_factory
    return type(form)(class_name, (form,), form_class_attrs)
           ^^^^^^^^^^^^^^^^^^^^^^^^^^^^^^^^^^^^^^^^^^^^^^^^^
  File "C:\Users\User\OneDrive\Desktop\computer_science\work\GenericWeb\backend\venv\Lib\site-packages\django\forms\models.py", line 321, in __new__
    raise FieldError(message)
django.core.exceptions.FieldError: Unknown field(s) (is_research_patient) specified for User

During handling of the above exception, another exception occurred:

Traceback (most recent call last):
  File "C:\Users\User\OneDrive\Desktop\computer_science\work\GenericWeb\backend\venv\Lib\site-packages\django\core\handlers\exception.py", line 55, in inner
    response = get_response(request)
               ^^^^^^^^^^^^^^^^^^^^^
  File "C:\Users\User\OneDrive\Desktop\computer_science\work\GenericWeb\backend\venv\Lib\site-packages\django\core\handlers\base.py", line 197, in _get_response
    response = wrapped_callback(request, *callback_args, **callback_kwargs)
               ^^^^^^^^^^^^^^^^^^^^^^^^^^^^^^^^^^^^^^^^^^^^^^^^^^^^^^^^^^^^
  File "C:\Users\User\OneDrive\Desktop\computer_science\work\GenericWeb\backend\venv\Lib\site-packages\django\contrib\admin\options.py", line 688, in wrapper
    return self.admin_site.admin_view(view)(*args, **kwargs)
           ^^^^^^^^^^^^^^^^^^^^^^^^^^^^^^^^^^^^^^^^^^^^^^^^^
  File "C:\Users\User\OneDrive\Desktop\computer_science\work\GenericWeb\backend\venv\Lib\site-packages\django\utils\decorators.py", line 134, in _wrapper_view
    response = view_func(request, *args, **kwargs)
               ^^^^^^^^^^^^^^^^^^^^^^^^^^^^^^^^^^^
  File "C:\Users\User\OneDrive\Desktop\computer_science\work\GenericWeb\backend\venv\Lib\site-packages\django\views\decorators\cache.py", line 62, in _wrapper_view_func
    response = view_func(request, *args, **kwargs)
               ^^^^^^^^^^^^^^^^^^^^^^^^^^^^^^^^^^^
  File "C:\Users\User\OneDrive\Desktop\computer_science\work\GenericWeb\backend\venv\Lib\site-packages\django\contrib\admin\sites.py", line 242, in inner
    return view(request, *args, **kwargs)
           ^^^^^^^^^^^^^^^^^^^^^^^^^^^^^^
  File "C:\Users\User\OneDrive\Desktop\computer_science\work\GenericWeb\backend\venv\Lib\site-packages\django\contrib\admin\options.py", line 1889, in change_view
    return self.changeform_view(request, object_id, form_url, extra_context)
           ^^^^^^^^^^^^^^^^^^^^^^^^^^^^^^^^^^^^^^^^^^^^^^^^^^^^^^^^^^^^^^^^^
  File "C:\Users\User\OneDrive\Desktop\computer_science\work\GenericWeb\backend\venv\Lib\site-packages\django\utils\decorators.py", line 46, in _wrapper
    return bound_method(*args, **kwargs)
           ^^^^^^^^^^^^^^^^^^^^^^^^^^^^^
  File "C:\Users\User\OneDrive\Desktop\computer_science\work\GenericWeb\backend\venv\Lib\site-packages\django\utils\decorators.py", line 134, in _wrapper_view
    response = view_func(request, *args, **kwargs)
               ^^^^^^^^^^^^^^^^^^^^^^^^^^^^^^^^^^^
  File "C:\Users\User\OneDrive\Desktop\computer_science\work\GenericWeb\backend\venv\Lib\site-packages\django\contrib\admin\options.py", line 1747, in changeform_view
    return self._changeform_view(request, object_id, form_url, extra_context)
           ^^^^^^^^^^^^^^^^^^^^^^^^^^^^^^^^^^^^^^^^^^^^^^^^^^^^^^^^^^^^^^^^^^
  File "C:\Users\User\OneDrive\Desktop\computer_science\work\GenericWeb\backend\venv\Lib\site-packages\django\contrib\admin\options.py", line 1782, in _changeform_view
    ModelForm = self.get_form(
                ^^^^^^^^^^^^^^
  File "C:\Users\User\OneDrive\Desktop\computer_science\work\GenericWeb\backend\venv\Lib\site-packages\django\contrib\auth\admin.py", line 98, in get_form
    return super().get_form(request, obj, **defaults)
           ^^^^^^^^^^^^^^^^^^^^^^^^^^^^^^^^^^^^^^^^^^
  File "C:\Users\User\OneDrive\Desktop\computer_science\work\GenericWeb\backend\venv\Lib\site-packages\django\contrib\admin\options.py", line 811, in get_form
    raise FieldError(
django.core.exceptions.FieldError: Unknown field(s) (is_research_patient) specified for User. Check fields/fieldsets/exclude attributes of class UserAdmin.
"GET /admin/users/user/2/change/ HTTP/1.1" 500 163645
Not Found: /firebase-messaging-sw.js
"GET /firebase-messaging-sw.js HTTP/1.1" 404 13019
C:\Users\User\OneDrive\Desktop\computer_science\work\GenericWeb\backend\generic3\users\admin.py changed, reloading.
Watching for file changes with StatReloader
Internal Server Error: /admin/users/user/add/
Traceback (most recent call last):
  File "C:\Users\User\OneDrive\Desktop\computer_science\work\GenericWeb\backend\venv\Lib\site-packages\django\contrib\admin\options.py", line 809, in get_form
    return modelform_factory(self.model, **defaults)
           ^^^^^^^^^^^^^^^^^^^^^^^^^^^^^^^^^^^^^^^^^
  File "C:\Users\User\OneDrive\Desktop\computer_science\work\GenericWeb\backend\venv\Lib\site-packages\django\forms\models.py", line 642, in modelform_factory
    return type(form)(class_name, (form,), form_class_attrs)
           ^^^^^^^^^^^^^^^^^^^^^^^^^^^^^^^^^^^^^^^^^^^^^^^^^
  File "C:\Users\User\OneDrive\Desktop\computer_science\work\GenericWeb\backend\venv\Lib\site-packages\django\forms\models.py", line 321, in __new__
    raise FieldError(message)
django.core.exceptions.FieldError: Unknown field(s) (is_research_patient) specified for User

During handling of the above exception, another exception occurred:

Traceback (most recent call last):
  File "C:\Users\User\OneDrive\Desktop\computer_science\work\GenericWeb\backend\venv\Lib\site-packages\django\core\handlers\exception.py", line 55, in inner
    response = get_response(request)
               ^^^^^^^^^^^^^^^^^^^^^
  File "C:\Users\User\OneDrive\Desktop\computer_science\work\GenericWeb\backend\venv\Lib\site-packages\django\core\handlers\base.py", line 197, in _get_response
    response = wrapped_callback(request, *callback_args, **callback_kwargs)
               ^^^^^^^^^^^^^^^^^^^^^^^^^^^^^^^^^^^^^^^^^^^^^^^^^^^^^^^^^^^^
  File "C:\Users\User\OneDrive\Desktop\computer_science\work\GenericWeb\backend\venv\Lib\site-packages\django\contrib\admin\options.py", line 688, in wrapper
    return self.admin_site.admin_view(view)(*args, **kwargs)
           ^^^^^^^^^^^^^^^^^^^^^^^^^^^^^^^^^^^^^^^^^^^^^^^^^
  File "C:\Users\User\OneDrive\Desktop\computer_science\work\GenericWeb\backend\venv\Lib\site-packages\django\utils\decorators.py", line 134, in _wrapper_view
    response = view_func(request, *args, **kwargs)
               ^^^^^^^^^^^^^^^^^^^^^^^^^^^^^^^^^^^
  File "C:\Users\User\OneDrive\Desktop\computer_science\work\GenericWeb\backend\venv\Lib\site-packages\django\views\decorators\cache.py", line 62, in _wrapper_view_func
    response = view_func(request, *args, **kwargs)
               ^^^^^^^^^^^^^^^^^^^^^^^^^^^^^^^^^^^
  File "C:\Users\User\OneDrive\Desktop\computer_science\work\GenericWeb\backend\venv\Lib\site-packages\django\contrib\admin\sites.py", line 242, in inner
    return view(request, *args, **kwargs)
           ^^^^^^^^^^^^^^^^^^^^^^^^^^^^^^
  File "C:\Users\User\OneDrive\Desktop\computer_science\work\GenericWeb\backend\venv\Lib\site-packages\django\utils\decorators.py", line 46, in _wrapper
    return bound_method(*args, **kwargs)
           ^^^^^^^^^^^^^^^^^^^^^^^^^^^^^
  File "C:\Users\User\OneDrive\Desktop\computer_science\work\GenericWeb\backend\venv\Lib\site-packages\django\views\decorators\debug.py", line 92, in sensitive_post_parameters_wrapper
    return view(request, *args, **kwargs)
           ^^^^^^^^^^^^^^^^^^^^^^^^^^^^^^
  File "C:\Users\User\OneDrive\Desktop\computer_science\work\GenericWeb\backend\venv\Lib\site-packages\django\utils\decorators.py", line 46, in _wrapper
    return bound_method(*args, **kwargs)
           ^^^^^^^^^^^^^^^^^^^^^^^^^^^^^
  File "C:\Users\User\OneDrive\Desktop\computer_science\work\GenericWeb\backend\venv\Lib\site-packages\django\utils\decorators.py", line 134, in _wrapper_view
    response = view_func(request, *args, **kwargs)
               ^^^^^^^^^^^^^^^^^^^^^^^^^^^^^^^^^^^
  File "C:\Users\User\OneDrive\Desktop\computer_science\work\GenericWeb\backend\venv\Lib\site-packages\django\contrib\auth\admin.py", line 119, in add_view
    return self._add_view(request, form_url, extra_context)
           ^^^^^^^^^^^^^^^^^^^^^^^^^^^^^^^^^^^^^^^^^^^^^^^^
  File "C:\Users\User\OneDrive\Desktop\computer_science\work\GenericWeb\backend\venv\Lib\site-packages\django\contrib\auth\admin.py", line 147, in _add_view
    return super().add_view(request, form_url, extra_context)
           ^^^^^^^^^^^^^^^^^^^^^^^^^^^^^^^^^^^^^^^^^^^^^^^^^^
  File "C:\Users\User\OneDrive\Desktop\computer_science\work\GenericWeb\backend\venv\Lib\site-packages\django\contrib\admin\options.py", line 1886, in add_view
    return self.changeform_view(request, None, form_url, extra_context)
           ^^^^^^^^^^^^^^^^^^^^^^^^^^^^^^^^^^^^^^^^^^^^^^^^^^^^^^^^^^^^
  File "C:\Users\User\OneDrive\Desktop\computer_science\work\GenericWeb\backend\venv\Lib\site-packages\django\utils\decorators.py", line 46, in _wrapper
    return bound_method(*args, **kwargs)
           ^^^^^^^^^^^^^^^^^^^^^^^^^^^^^
  File "C:\Users\User\OneDrive\Desktop\computer_science\work\GenericWeb\backend\venv\Lib\site-packages\django\utils\decorators.py", line 134, in _wrapper_view
    response = view_func(request, *args, **kwargs)
               ^^^^^^^^^^^^^^^^^^^^^^^^^^^^^^^^^^^
  File "C:\Users\User\OneDrive\Desktop\computer_science\work\GenericWeb\backend\venv\Lib\site-packages\django\contrib\admin\options.py", line 1747, in changeform_view
    return self._changeform_view(request, object_id, form_url, extra_context)
           ^^^^^^^^^^^^^^^^^^^^^^^^^^^^^^^^^^^^^^^^^^^^^^^^^^^^^^^^^^^^^^^^^^
  File "C:\Users\User\OneDrive\Desktop\computer_science\work\GenericWeb\backend\venv\Lib\site-packages\django\contrib\admin\options.py", line 1782, in _changeform_view
    ModelForm = self.get_form(
                ^^^^^^^^^^^^^^
  File "C:\Users\User\OneDrive\Desktop\computer_science\work\GenericWeb\backend\venv\Lib\site-packages\django\contrib\auth\admin.py", line 98, in get_form
    return super().get_form(request, obj, **defaults)
           ^^^^^^^^^^^^^^^^^^^^^^^^^^^^^^^^^^^^^^^^^^
  File "C:\Users\User\OneDrive\Desktop\computer_science\work\GenericWeb\backend\venv\Lib\site-packages\django\contrib\admin\options.py", line 811, in get_form
    raise FieldError(
django.core.exceptions.FieldError: Unknown field(s) (is_research_patient) specified for User. Check fields/fieldsets/exclude attributes of class UserAdmin.
"GET /admin/users/user/add/ HTTP/1.1" 500 193043
"GET /admin/users/user/ HTTP/1.1" 200 24290
"GET /static/admin/img/icon-no.svg HTTP/1.1" 200 560
Not Found: /firebase-messaging-sw.js
"GET /firebase-messaging-sw.js HTTP/1.1" 404 13019
"POST /admin/users/user/ HTTP/1.1" 200 20207
"GET /static/admin/js/cancel.js HTTP/1.1" 200 884
Not Found: /firebase-messaging-sw.js
"GET /firebase-messaging-sw.js HTTP/1.1" 404 13019
"POST /admin/users/user/ HTTP/1.1" 302 0
"GET /admin/users/user/ HTTP/1.1" 200 23781
"GET /admin/jsi18n/ HTTP/1.1" 200 3343
Internal Server Error: /admin/users/user/add/
Traceback (most recent call last):
  File "C:\Users\User\OneDrive\Desktop\computer_science\work\GenericWeb\backend\venv\Lib\site-packages\django\contrib\admin\options.py", line 809, in get_form
    return modelform_factory(self.model, **defaults)
           ^^^^^^^^^^^^^^^^^^^^^^^^^^^^^^^^^^^^^^^^^
  File "C:\Users\User\OneDrive\Desktop\computer_science\work\GenericWeb\backend\venv\Lib\site-packages\django\forms\models.py", line 642, in modelform_factory
    return type(form)(class_name, (form,), form_class_attrs)
           ^^^^^^^^^^^^^^^^^^^^^^^^^^^^^^^^^^^^^^^^^^^^^^^^^
  File "C:\Users\User\OneDrive\Desktop\computer_science\work\GenericWeb\backend\venv\Lib\site-packages\django\forms\models.py", line 321, in __new__
    raise FieldError(message)
django.core.exceptions.FieldError: Unknown field(s) (is_research_patient) specified for User

During handling of the above exception, another exception occurred:

Traceback (most recent call last):
  File "C:\Users\User\OneDrive\Desktop\computer_science\work\GenericWeb\backend\venv\Lib\site-packages\django\core\handlers\exception.py", line 55, in inner
    response = get_response(request)
               ^^^^^^^^^^^^^^^^^^^^^
  File "C:\Users\User\OneDrive\Desktop\computer_science\work\GenericWeb\backend\venv\Lib\site-packages\django\core\handlers\base.py", line 197, in _get_response
    response = wrapped_callback(request, *callback_args, **callback_kwargs)
               ^^^^^^^^^^^^^^^^^^^^^^^^^^^^^^^^^^^^^^^^^^^^^^^^^^^^^^^^^^^^
  File "C:\Users\User\OneDrive\Desktop\computer_science\work\GenericWeb\backend\venv\Lib\site-packages\django\contrib\admin\options.py", line 688, in wrapper
    return self.admin_site.admin_view(view)(*args, **kwargs)
           ^^^^^^^^^^^^^^^^^^^^^^^^^^^^^^^^^^^^^^^^^^^^^^^^^
  File "C:\Users\User\OneDrive\Desktop\computer_science\work\GenericWeb\backend\venv\Lib\site-packages\django\utils\decorators.py", line 134, in _wrapper_view
    response = view_func(request, *args, **kwargs)
               ^^^^^^^^^^^^^^^^^^^^^^^^^^^^^^^^^^^
  File "C:\Users\User\OneDrive\Desktop\computer_science\work\GenericWeb\backend\venv\Lib\site-packages\django\views\decorators\cache.py", line 62, in _wrapper_view_func
    response = view_func(request, *args, **kwargs)
               ^^^^^^^^^^^^^^^^^^^^^^^^^^^^^^^^^^^
  File "C:\Users\User\OneDrive\Desktop\computer_science\work\GenericWeb\backend\venv\Lib\site-packages\django\contrib\admin\sites.py", line 242, in inner
    return view(request, *args, **kwargs)
           ^^^^^^^^^^^^^^^^^^^^^^^^^^^^^^
  File "C:\Users\User\OneDrive\Desktop\computer_science\work\GenericWeb\backend\venv\Lib\site-packages\django\utils\decorators.py", line 46, in _wrapper
    return bound_method(*args, **kwargs)
           ^^^^^^^^^^^^^^^^^^^^^^^^^^^^^
  File "C:\Users\User\OneDrive\Desktop\computer_science\work\GenericWeb\backend\venv\Lib\site-packages\django\views\decorators\debug.py", line 92, in sensitive_post_parameters_wrapper
    return view(request, *args, **kwargs)
           ^^^^^^^^^^^^^^^^^^^^^^^^^^^^^^
  File "C:\Users\User\OneDrive\Desktop\computer_science\work\GenericWeb\backend\venv\Lib\site-packages\django\utils\decorators.py", line 46, in _wrapper
    return bound_method(*args, **kwargs)
           ^^^^^^^^^^^^^^^^^^^^^^^^^^^^^
  File "C:\Users\User\OneDrive\Desktop\computer_science\work\GenericWeb\backend\venv\Lib\site-packages\django\utils\decorators.py", line 134, in _wrapper_view
    response = view_func(request, *args, **kwargs)
               ^^^^^^^^^^^^^^^^^^^^^^^^^^^^^^^^^^^
  File "C:\Users\User\OneDrive\Desktop\computer_science\work\GenericWeb\backend\venv\Lib\site-packages\django\contrib\auth\admin.py", line 119, in add_view
    return self._add_view(request, form_url, extra_context)
           ^^^^^^^^^^^^^^^^^^^^^^^^^^^^^^^^^^^^^^^^^^^^^^^^
  File "C:\Users\User\OneDrive\Desktop\computer_science\work\GenericWeb\backend\venv\Lib\site-packages\django\contrib\auth\admin.py", line 147, in _add_view
    return super().add_view(request, form_url, extra_context)
           ^^^^^^^^^^^^^^^^^^^^^^^^^^^^^^^^^^^^^^^^^^^^^^^^^^
  File "C:\Users\User\OneDrive\Desktop\computer_science\work\GenericWeb\backend\venv\Lib\site-packages\django\contrib\admin\options.py", line 1886, in add_view
    return self.changeform_view(request, None, form_url, extra_context)
           ^^^^^^^^^^^^^^^^^^^^^^^^^^^^^^^^^^^^^^^^^^^^^^^^^^^^^^^^^^^^
  File "C:\Users\User\OneDrive\Desktop\computer_science\work\GenericWeb\backend\venv\Lib\site-packages\django\utils\decorators.py", line 46, in _wrapper
    return bound_method(*args, **kwargs)
           ^^^^^^^^^^^^^^^^^^^^^^^^^^^^^
  File "C:\Users\User\OneDrive\Desktop\computer_science\work\GenericWeb\backend\venv\Lib\site-packages\django\utils\decorators.py", line 134, in _wrapper_view
    response = view_func(request, *args, **kwargs)
               ^^^^^^^^^^^^^^^^^^^^^^^^^^^^^^^^^^^
  File "C:\Users\User\OneDrive\Desktop\computer_science\work\GenericWeb\backend\venv\Lib\site-packages\django\contrib\admin\options.py", line 1747, in changeform_view
    return self._changeform_view(request, object_id, form_url, extra_context)
           ^^^^^^^^^^^^^^^^^^^^^^^^^^^^^^^^^^^^^^^^^^^^^^^^^^^^^^^^^^^^^^^^^^
  File "C:\Users\User\OneDrive\Desktop\computer_science\work\GenericWeb\backend\venv\Lib\site-packages\django\contrib\admin\options.py", line 1782, in _changeform_view
    ModelForm = self.get_form(
                ^^^^^^^^^^^^^^
  File "C:\Users\User\OneDrive\Desktop\computer_science\work\GenericWeb\backend\venv\Lib\site-packages\django\contrib\auth\admin.py", line 98, in get_form
    return super().get_form(request, obj, **defaults)
           ^^^^^^^^^^^^^^^^^^^^^^^^^^^^^^^^^^^^^^^^^^
  File "C:\Users\User\OneDrive\Desktop\computer_science\work\GenericWeb\backend\venv\Lib\site-packages\django\contrib\admin\options.py", line 811, in get_form
    raise FieldError(
django.core.exceptions.FieldError: Unknown field(s) (is_research_patient) specified for User. Check fields/fieldsets/exclude attributes of class UserAdmin.
"GET /admin/users/user/add/ HTTP/1.1" 500 192669
Not Found: /firebase-messaging-sw.js
"GET /firebase-messaging-sw.js HTTP/1.1" 404 13019
Not Found: /firebase-messaging-sw.js
"GET /firebase-messaging-sw.js HTTP/1.1" 404 13019
Internal Server Error: /admin/users/user/add/
Traceback (most recent call last):
  File "C:\Users\User\OneDrive\Desktop\computer_science\work\GenericWeb\backend\venv\Lib\site-packages\django\contrib\admin\options.py", line 809, in get_form
    return modelform_factory(self.model, **defaults)
           ^^^^^^^^^^^^^^^^^^^^^^^^^^^^^^^^^^^^^^^^^
  File "C:\Users\User\OneDrive\Desktop\computer_science\work\GenericWeb\backend\venv\Lib\site-packages\django\forms\models.py", line 642, in modelform_factory
    return type(form)(class_name, (form,), form_class_attrs)
           ^^^^^^^^^^^^^^^^^^^^^^^^^^^^^^^^^^^^^^^^^^^^^^^^^
  File "C:\Users\User\OneDrive\Desktop\computer_science\work\GenericWeb\backend\venv\Lib\site-packages\django\forms\models.py", line 321, in __new__
    raise FieldError(message)
django.core.exceptions.FieldError: Unknown field(s) (is_research_patient) specified for User

During handling of the above exception, another exception occurred:

Traceback (most recent call last):
  File "C:\Users\User\OneDrive\Desktop\computer_science\work\GenericWeb\backend\venv\Lib\site-packages\django\core\handlers\exception.py", line 55, in inner
    response = get_response(request)
               ^^^^^^^^^^^^^^^^^^^^^
  File "C:\Users\User\OneDrive\Desktop\computer_science\work\GenericWeb\backend\venv\Lib\site-packages\django\core\handlers\base.py", line 197, in _get_response
    response = wrapped_callback(request, *callback_args, **callback_kwargs)
               ^^^^^^^^^^^^^^^^^^^^^^^^^^^^^^^^^^^^^^^^^^^^^^^^^^^^^^^^^^^^
  File "C:\Users\User\OneDrive\Desktop\computer_science\work\GenericWeb\backend\venv\Lib\site-packages\django\contrib\admin\options.py", line 688, in wrapper
    return self.admin_site.admin_view(view)(*args, **kwargs)
           ^^^^^^^^^^^^^^^^^^^^^^^^^^^^^^^^^^^^^^^^^^^^^^^^^
  File "C:\Users\User\OneDrive\Desktop\computer_science\work\GenericWeb\backend\venv\Lib\site-packages\django\utils\decorators.py", line 134, in _wrapper_view
    response = view_func(request, *args, **kwargs)
               ^^^^^^^^^^^^^^^^^^^^^^^^^^^^^^^^^^^
  File "C:\Users\User\OneDrive\Desktop\computer_science\work\GenericWeb\backend\venv\Lib\site-packages\django\views\decorators\cache.py", line 62, in _wrapper_view_func
    response = view_func(request, *args, **kwargs)
               ^^^^^^^^^^^^^^^^^^^^^^^^^^^^^^^^^^^
  File "C:\Users\User\OneDrive\Desktop\computer_science\work\GenericWeb\backend\venv\Lib\site-packages\django\contrib\admin\sites.py", line 242, in inner
    return view(request, *args, **kwargs)
           ^^^^^^^^^^^^^^^^^^^^^^^^^^^^^^
  File "C:\Users\User\OneDrive\Desktop\computer_science\work\GenericWeb\backend\venv\Lib\site-packages\django\utils\decorators.py", line 46, in _wrapper
    return bound_method(*args, **kwargs)
           ^^^^^^^^^^^^^^^^^^^^^^^^^^^^^
  File "C:\Users\User\OneDrive\Desktop\computer_science\work\GenericWeb\backend\venv\Lib\site-packages\django\views\decorators\debug.py", line 92, in sensitive_post_parameters_wrapper
    return view(request, *args, **kwargs)
           ^^^^^^^^^^^^^^^^^^^^^^^^^^^^^^
  File "C:\Users\User\OneDrive\Desktop\computer_science\work\GenericWeb\backend\venv\Lib\site-packages\django\utils\decorators.py", line 46, in _wrapper
    return bound_method(*args, **kwargs)
           ^^^^^^^^^^^^^^^^^^^^^^^^^^^^^
  File "C:\Users\User\OneDrive\Desktop\computer_science\work\GenericWeb\backend\venv\Lib\site-packages\django\utils\decorators.py", line 134, in _wrapper_view
    response = view_func(request, *args, **kwargs)
               ^^^^^^^^^^^^^^^^^^^^^^^^^^^^^^^^^^^
  File "C:\Users\User\OneDrive\Desktop\computer_science\work\GenericWeb\backend\venv\Lib\site-packages\django\contrib\auth\admin.py", line 119, in add_view
    return self._add_view(request, form_url, extra_context)
           ^^^^^^^^^^^^^^^^^^^^^^^^^^^^^^^^^^^^^^^^^^^^^^^^
  File "C:\Users\User\OneDrive\Desktop\computer_science\work\GenericWeb\backend\venv\Lib\site-packages\django\contrib\auth\admin.py", line 147, in _add_view
    return super().add_view(request, form_url, extra_context)
           ^^^^^^^^^^^^^^^^^^^^^^^^^^^^^^^^^^^^^^^^^^^^^^^^^^
  File "C:\Users\User\OneDrive\Desktop\computer_science\work\GenericWeb\backend\venv\Lib\site-packages\django\contrib\admin\options.py", line 1886, in add_view
    return self.changeform_view(request, None, form_url, extra_context)
           ^^^^^^^^^^^^^^^^^^^^^^^^^^^^^^^^^^^^^^^^^^^^^^^^^^^^^^^^^^^^
  File "C:\Users\User\OneDrive\Desktop\computer_science\work\GenericWeb\backend\venv\Lib\site-packages\django\utils\decorators.py", line 46, in _wrapper
    return bound_method(*args, **kwargs)
           ^^^^^^^^^^^^^^^^^^^^^^^^^^^^^
  File "C:\Users\User\OneDrive\Desktop\computer_science\work\GenericWeb\backend\venv\Lib\site-packages\django\utils\decorators.py", line 134, in _wrapper_view
    response = view_func(request, *args, **kwargs)
               ^^^^^^^^^^^^^^^^^^^^^^^^^^^^^^^^^^^
  File "C:\Users\User\OneDrive\Desktop\computer_science\work\GenericWeb\backend\venv\Lib\site-packages\django\contrib\admin\options.py", line 1747, in changeform_view
    return self._changeform_view(request, object_id, form_url, extra_context)
           ^^^^^^^^^^^^^^^^^^^^^^^^^^^^^^^^^^^^^^^^^^^^^^^^^^^^^^^^^^^^^^^^^^
  File "C:\Users\User\OneDrive\Desktop\computer_science\work\GenericWeb\backend\venv\Lib\site-packages\django\contrib\admin\options.py", line 1782, in _changeform_view
    ModelForm = self.get_form(
                ^^^^^^^^^^^^^^
  File "C:\Users\User\OneDrive\Desktop\computer_science\work\GenericWeb\backend\venv\Lib\site-packages\django\contrib\auth\admin.py", line 98, in get_form
    return super().get_form(request, obj, **defaults)
           ^^^^^^^^^^^^^^^^^^^^^^^^^^^^^^^^^^^^^^^^^^
  File "C:\Users\User\OneDrive\Desktop\computer_science\work\GenericWeb\backend\venv\Lib\site-packages\django\contrib\admin\options.py", line 811, in get_form
    raise FieldError(
django.core.exceptions.FieldError: Unknown field(s) (is_research_patient) specified for User. Check fields/fieldsets/exclude attributes of class UserAdmin.
"GET /admin/users/user/add/ HTTP/1.1" 500 192806
"GET /admin/users/user/ HTTP/1.1" 200 23647
Not Found: /firebase-messaging-sw.js
"GET /firebase-messaging-sw.js HTTP/1.1" 404 13019
Not Found: /firebase-messaging-sw.js
"GET /firebase-messaging-sw.js HTTP/1.1" 404 13019
"GET /admin/ HTTP/1.1" 200 20705
"GET /static/admin/img/icon-deletelink.svg HTTP/1.1" 200 392
Not Found: /firebase-messaging-sw.js
"GET /firebase-messaging-sw.js HTTP/1.1" 404 13019
"GET /admin/users/user/ HTTP/1.1" 200 23647
"GET /admin/jsi18n/ HTTP/1.1" 200 3343
Internal Server Error: /admin/users/user/add/
Traceback (most recent call last):
  File "C:\Users\User\OneDrive\Desktop\computer_science\work\GenericWeb\backend\venv\Lib\site-packages\django\contrib\admin\options.py", line 809, in get_form
    return modelform_factory(self.model, **defaults)
           ^^^^^^^^^^^^^^^^^^^^^^^^^^^^^^^^^^^^^^^^^
  File "C:\Users\User\OneDrive\Desktop\computer_science\work\GenericWeb\backend\venv\Lib\site-packages\django\forms\models.py", line 642, in modelform_factory
    return type(form)(class_name, (form,), form_class_attrs)
           ^^^^^^^^^^^^^^^^^^^^^^^^^^^^^^^^^^^^^^^^^^^^^^^^^
  File "C:\Users\User\OneDrive\Desktop\computer_science\work\GenericWeb\backend\venv\Lib\site-packages\django\forms\models.py", line 321, in __new__
    raise FieldError(message)
django.core.exceptions.FieldError: Unknown field(s) (is_research_patient) specified for User

During handling of the above exception, another exception occurred:

Traceback (most recent call last):
  File "C:\Users\User\OneDrive\Desktop\computer_science\work\GenericWeb\backend\venv\Lib\site-packages\django\core\handlers\exception.py", line 55, in inner
    response = get_response(request)
               ^^^^^^^^^^^^^^^^^^^^^
  File "C:\Users\User\OneDrive\Desktop\computer_science\work\GenericWeb\backend\venv\Lib\site-packages\django\core\handlers\base.py", line 197, in _get_response
    response = wrapped_callback(request, *callback_args, **callback_kwargs)
               ^^^^^^^^^^^^^^^^^^^^^^^^^^^^^^^^^^^^^^^^^^^^^^^^^^^^^^^^^^^^
  File "C:\Users\User\OneDrive\Desktop\computer_science\work\GenericWeb\backend\venv\Lib\site-packages\django\contrib\admin\options.py", line 688, in wrapper
    return self.admin_site.admin_view(view)(*args, **kwargs)
           ^^^^^^^^^^^^^^^^^^^^^^^^^^^^^^^^^^^^^^^^^^^^^^^^^
  File "C:\Users\User\OneDrive\Desktop\computer_science\work\GenericWeb\backend\venv\Lib\site-packages\django\utils\decorators.py", line 134, in _wrapper_view
    response = view_func(request, *args, **kwargs)
               ^^^^^^^^^^^^^^^^^^^^^^^^^^^^^^^^^^^
  File "C:\Users\User\OneDrive\Desktop\computer_science\work\GenericWeb\backend\venv\Lib\site-packages\django\views\decorators\cache.py", line 62, in _wrapper_view_func
    response = view_func(request, *args, **kwargs)
               ^^^^^^^^^^^^^^^^^^^^^^^^^^^^^^^^^^^
  File "C:\Users\User\OneDrive\Desktop\computer_science\work\GenericWeb\backend\venv\Lib\site-packages\django\contrib\admin\sites.py", line 242, in inner
    return view(request, *args, **kwargs)
           ^^^^^^^^^^^^^^^^^^^^^^^^^^^^^^
  File "C:\Users\User\OneDrive\Desktop\computer_science\work\GenericWeb\backend\venv\Lib\site-packages\django\utils\decorators.py", line 46, in _wrapper
    return bound_method(*args, **kwargs)
           ^^^^^^^^^^^^^^^^^^^^^^^^^^^^^
  File "C:\Users\User\OneDrive\Desktop\computer_science\work\GenericWeb\backend\venv\Lib\site-packages\django\views\decorators\debug.py", line 92, in sensitive_post_parameters_wrapper
    return view(request, *args, **kwargs)
           ^^^^^^^^^^^^^^^^^^^^^^^^^^^^^^
  File "C:\Users\User\OneDrive\Desktop\computer_science\work\GenericWeb\backend\venv\Lib\site-packages\django\utils\decorators.py", line 46, in _wrapper
    return bound_method(*args, **kwargs)
           ^^^^^^^^^^^^^^^^^^^^^^^^^^^^^
  File "C:\Users\User\OneDrive\Desktop\computer_science\work\GenericWeb\backend\venv\Lib\site-packages\django\utils\decorators.py", line 134, in _wrapper_view
    response = view_func(request, *args, **kwargs)
               ^^^^^^^^^^^^^^^^^^^^^^^^^^^^^^^^^^^
  File "C:\Users\User\OneDrive\Desktop\computer_science\work\GenericWeb\backend\venv\Lib\site-packages\django\contrib\auth\admin.py", line 119, in add_view
    return self._add_view(request, form_url, extra_context)
           ^^^^^^^^^^^^^^^^^^^^^^^^^^^^^^^^^^^^^^^^^^^^^^^^
  File "C:\Users\User\OneDrive\Desktop\computer_science\work\GenericWeb\backend\venv\Lib\site-packages\django\contrib\auth\admin.py", line 147, in _add_view
    return super().add_view(request, form_url, extra_context)
           ^^^^^^^^^^^^^^^^^^^^^^^^^^^^^^^^^^^^^^^^^^^^^^^^^^
  File "C:\Users\User\OneDrive\Desktop\computer_science\work\GenericWeb\backend\venv\Lib\site-packages\django\contrib\admin\options.py", line 1886, in add_view
    return self.changeform_view(request, None, form_url, extra_context)
           ^^^^^^^^^^^^^^^^^^^^^^^^^^^^^^^^^^^^^^^^^^^^^^^^^^^^^^^^^^^^
  File "C:\Users\User\OneDrive\Desktop\computer_science\work\GenericWeb\backend\venv\Lib\site-packages\django\utils\decorators.py", line 46, in _wrapper
    return bound_method(*args, **kwargs)
           ^^^^^^^^^^^^^^^^^^^^^^^^^^^^^
  File "C:\Users\User\OneDrive\Desktop\computer_science\work\GenericWeb\backend\venv\Lib\site-packages\django\utils\decorators.py", line 134, in _wrapper_view
    response = view_func(request, *args, **kwargs)
               ^^^^^^^^^^^^^^^^^^^^^^^^^^^^^^^^^^^
  File "C:\Users\User\OneDrive\Desktop\computer_science\work\GenericWeb\backend\venv\Lib\site-packages\django\contrib\admin\options.py", line 1747, in changeform_view
    return self._changeform_view(request, object_id, form_url, extra_context)
           ^^^^^^^^^^^^^^^^^^^^^^^^^^^^^^^^^^^^^^^^^^^^^^^^^^^^^^^^^^^^^^^^^^
  File "C:\Users\User\OneDrive\Desktop\computer_science\work\GenericWeb\backend\venv\Lib\site-packages\django\contrib\admin\options.py", line 1782, in _changeform_view
    ModelForm = self.get_form(
                ^^^^^^^^^^^^^^
  File "C:\Users\User\OneDrive\Desktop\computer_science\work\GenericWeb\backend\venv\Lib\site-packages\django\contrib\auth\admin.py", line 98, in get_form
    return super().get_form(request, obj, **defaults)
           ^^^^^^^^^^^^^^^^^^^^^^^^^^^^^^^^^^^^^^^^^^
  File "C:\Users\User\OneDrive\Desktop\computer_science\work\GenericWeb\backend\venv\Lib\site-packages\django\contrib\admin\options.py", line 811, in get_form
    raise FieldError(
django.core.exceptions.FieldError: Unknown field(s) (is_research_patient) specified for User. Check fields/fieldsets/exclude attributes of class UserAdmin.
"GET /admin/users/user/add/ HTTP/1.1" 500 192669
Not Found: /firebase-messaging-sw.js
"GET /firebase-messaging-sw.js HTTP/1.1" 404 13019
"GET /admin/users/user/ HTTP/1.1" 200 23647
Not Found: /firebase-messaging-sw.js
"GET /firebase-messaging-sw.js HTTP/1.1" 404 13019
Not Found: /firebase-messaging-sw.js
"GET /firebase-messaging-sw.js HTTP/1.1" 404 13019
C:\Users\User\OneDrive\Desktop\computer_science\work\GenericWeb\backend\generic3\users\admin.py changed, reloading.
Watching for file changes with StatReloader
C:\Users\User\OneDrive\Desktop\computer_science\work\GenericWeb\backend\generic3\users\admin.py changed, reloading.
Watching for file changes with StatReloader
C:\Users\User\OneDrive\Desktop\computer_science\work\GenericWeb\backend\generic3\users\admin.py changed, reloading.
Watching for file changes with StatReloader
C:\Users\User\OneDrive\Desktop\computer_science\work\GenericWeb\backend\generic3\users\models.py changed, reloading.
Watching for file changes with StatReloader
Watching for file changes with StatReloader
"GET /admin/users/user/ HTTP/1.1" 200 23648
"GET /admin/jsi18n/ HTTP/1.1" 200 3343
Not Found: /firebase-messaging-sw.js
"GET /firebase-messaging-sw.js HTTP/1.1" 404 13019
"GET /admin/users/user/add/ HTTP/1.1" 200 29241
"GET /admin/jsi18n/ HTTP/1.1" 200 3343
Not Found: /firebase-messaging-sw.js
"GET /firebase-messaging-sw.js HTTP/1.1" 404 13019
"POST /admin/users/user/add/ HTTP/1.1" 302 0
"GET /admin/users/user/3/change/ HTTP/1.1" 200 30926
"GET /static/admin/js/calendar.js HTTP/1.1" 200 8466
"GET /static/admin/js/admin/DateTimeShortcuts.js HTTP/1.1" 200 19319
"GET /admin/jsi18n/ HTTP/1.1" 200 3343
"GET /static/admin/img/icon-calendar.svg HTTP/1.1" 200 1086
"GET /static/admin/img/icon-clock.svg HTTP/1.1" 200 677
Not Found: /firebase-messaging-sw.js
"GET /firebase-messaging-sw.js HTTP/1.1" 404 13019
C:\Users\User\OneDrive\Desktop\computer_science\work\GenericWeb\backend\generic3\api\views.py changed, reloading.
Watching for file changes with StatReloader
C:\Users\User\OneDrive\Desktop\computer_science\work\GenericWeb\backend\generic3\clinics\admin.py changed, reloading.
Watching for file changes with StatReloader
"GET /admin/users/user/3/change/ HTTP/1.1" 200 32791
"GET /admin/jsi18n/ HTTP/1.1" 200 3343
Not Found: /firebase-messaging-sw.js
"GET /firebase-messaging-sw.js HTTP/1.1" 404 13019
"GET /admin/clinics/clinic/ HTTP/1.1" 200 22249
"GET /admin/jsi18n/ HTTP/1.1" 200 3343
Not Found: /firebase-messaging-sw.js
"GET /firebase-messaging-sw.js HTTP/1.1" 404 13063
"GET /admin/clinics/clinic/add/ HTTP/1.1" 200 24253
"GET /admin/jsi18n/ HTTP/1.1" 200 3343
Not Found: /firebase-messaging-sw.js
"GET /firebase-messaging-sw.js HTTP/1.1" 404 13019
"POST /admin/clinics/clinic/add/ HTTP/1.1" 200 24452
"GET /admin/jsi18n/ HTTP/1.1" 200 3343
Not Found: /firebase-messaging-sw.js
"GET /firebase-messaging-sw.js HTTP/1.1" 404 13019
"POST /admin/clinics/clinic/add/ HTTP/1.1" 200 24452
"GET /admin/jsi18n/ HTTP/1.1" 200 3343
Not Found: /firebase-messaging-sw.js
"GET /firebase-messaging-sw.js HTTP/1.1" 404 13019
"POST /admin/clinics/clinic/add/ HTTP/1.1" 302 0
"GET /admin/clinics/clinic/ HTTP/1.1" 200 23597
"GET /admin/jsi18n/ HTTP/1.1" 200 3343
Not Found: /firebase-messaging-sw.js
"GET /firebase-messaging-sw.js HTTP/1.1" 404 13019
"GET /admin/clinics/managerclinic/ HTTP/1.1" 200 22311
"GET /admin/jsi18n/ HTTP/1.1" 200 3343
Not Found: /firebase-messaging-sw.js
"GET /firebase-messaging-sw.js HTTP/1.1" 404 13019
"GET /admin/clinics/managerclinic/add/ HTTP/1.1" 200 25699
"GET /admin/jsi18n/ HTTP/1.1" 200 3343
Not Found: /firebase-messaging-sw.js
"GET /firebase-messaging-sw.js HTTP/1.1" 404 13019
"GET /admin/users/clinicmanager/ HTTP/1.1" 200 22301
"GET /admin/jsi18n/ HTTP/1.1" 200 3343
Not Found: /firebase-messaging-sw.js
"GET /firebase-messaging-sw.js HTTP/1.1" 404 13019
"GET /admin/users/clinicmanager/add/ HTTP/1.1" 200 24084
"GET /admin/jsi18n/ HTTP/1.1" 200 3343
Not Found: /firebase-messaging-sw.js
"GET /firebase-messaging-sw.js HTTP/1.1" 404 13019
"GET /admin/users/user/ HTTP/1.1" 200 26160
"GET /admin/jsi18n/ HTTP/1.1" 200 3343
Not Found: /firebase-messaging-sw.js
"GET /firebase-messaging-sw.js HTTP/1.1" 404 13019
"GET /admin/users/user/add/ HTTP/1.1" 200 31342
"GET /admin/jsi18n/ HTTP/1.1" 200 3343
Not Found: /firebase-messaging-sw.js
"GET /firebase-messaging-sw.js HTTP/1.1" 404 13019
Internal Server Error: /admin/users/user/add/
Traceback (most recent call last):
  File "C:\Users\User\OneDrive\Desktop\computer_science\work\GenericWeb\backend\venv\Lib\site-packages\django\db\backends\utils.py", line 89, in _execute
    return self.cursor.execute(sql, params)
           ^^^^^^^^^^^^^^^^^^^^^^^^^^^^^^^^
  File "C:\Users\User\OneDrive\Desktop\computer_science\work\GenericWeb\backend\venv\Lib\site-packages\django\db\backends\sqlite3\base.py", line 328, in execute
    return super().execute(query, params)
           ^^^^^^^^^^^^^^^^^^^^^^^^^^^^^^
sqlite3.IntegrityError: UNIQUE constraint failed: users_user.username

The above exception was the direct cause of the following exception:

Traceback (most recent call last):
  File "C:\Users\User\OneDrive\Desktop\computer_science\work\GenericWeb\backend\venv\Lib\site-packages\django\core\handlers\exception.py", line 55, in inner
    response = get_response(request)
               ^^^^^^^^^^^^^^^^^^^^^
  File "C:\Users\User\OneDrive\Desktop\computer_science\work\GenericWeb\backend\venv\Lib\site-packages\django\core\handlers\base.py", line 197, in _get_response
    response = wrapped_callback(request, *callback_args, **callback_kwargs)
               ^^^^^^^^^^^^^^^^^^^^^^^^^^^^^^^^^^^^^^^^^^^^^^^^^^^^^^^^^^^^
  File "C:\Users\User\OneDrive\Desktop\computer_science\work\GenericWeb\backend\venv\Lib\site-packages\django\contrib\admin\options.py", line 688, in wrapper
    return self.admin_site.admin_view(view)(*args, **kwargs)
           ^^^^^^^^^^^^^^^^^^^^^^^^^^^^^^^^^^^^^^^^^^^^^^^^^
  File "C:\Users\User\OneDrive\Desktop\computer_science\work\GenericWeb\backend\venv\Lib\site-packages\django\utils\decorators.py", line 134, in _wrapper_view
    response = view_func(request, *args, **kwargs)
               ^^^^^^^^^^^^^^^^^^^^^^^^^^^^^^^^^^^
  File "C:\Users\User\OneDrive\Desktop\computer_science\work\GenericWeb\backend\venv\Lib\site-packages\django\views\decorators\cache.py", line 62, in _wrapper_view_func
    response = view_func(request, *args, **kwargs)
               ^^^^^^^^^^^^^^^^^^^^^^^^^^^^^^^^^^^
  File "C:\Users\User\OneDrive\Desktop\computer_science\work\GenericWeb\backend\venv\Lib\site-packages\django\contrib\admin\sites.py", line 242, in inner
    return view(request, *args, **kwargs)
           ^^^^^^^^^^^^^^^^^^^^^^^^^^^^^^
  File "C:\Users\User\OneDrive\Desktop\computer_science\work\GenericWeb\backend\venv\Lib\site-packages\django\utils\decorators.py", line 46, in _wrapper
    return bound_method(*args, **kwargs)
           ^^^^^^^^^^^^^^^^^^^^^^^^^^^^^
  File "C:\Users\User\OneDrive\Desktop\computer_science\work\GenericWeb\backend\venv\Lib\site-packages\django\views\decorators\debug.py", line 92, in sensitive_post_parameters_wrapper
    return view(request, *args, **kwargs)
           ^^^^^^^^^^^^^^^^^^^^^^^^^^^^^^
  File "C:\Users\User\OneDrive\Desktop\computer_science\work\GenericWeb\backend\venv\Lib\site-packages\django\utils\decorators.py", line 46, in _wrapper
    return bound_method(*args, **kwargs)
           ^^^^^^^^^^^^^^^^^^^^^^^^^^^^^
  File "C:\Users\User\OneDrive\Desktop\computer_science\work\GenericWeb\backend\venv\Lib\site-packages\django\utils\decorators.py", line 134, in _wrapper_view
    response = view_func(request, *args, **kwargs)
               ^^^^^^^^^^^^^^^^^^^^^^^^^^^^^^^^^^^
  File "C:\Users\User\OneDrive\Desktop\computer_science\work\GenericWeb\backend\venv\Lib\site-packages\django\contrib\auth\admin.py", line 119, in add_view
    return self._add_view(request, form_url, extra_context)
           ^^^^^^^^^^^^^^^^^^^^^^^^^^^^^^^^^^^^^^^^^^^^^^^^
  File "C:\Users\User\OneDrive\Desktop\computer_science\work\GenericWeb\backend\venv\Lib\site-packages\django\contrib\auth\admin.py", line 147, in _add_view
    return super().add_view(request, form_url, extra_context)
           ^^^^^^^^^^^^^^^^^^^^^^^^^^^^^^^^^^^^^^^^^^^^^^^^^^
  File "C:\Users\User\OneDrive\Desktop\computer_science\work\GenericWeb\backend\venv\Lib\site-packages\django\contrib\admin\options.py", line 1886, in add_view
    return self.changeform_view(request, None, form_url, extra_context)
           ^^^^^^^^^^^^^^^^^^^^^^^^^^^^^^^^^^^^^^^^^^^^^^^^^^^^^^^^^^^^
  File "C:\Users\User\OneDrive\Desktop\computer_science\work\GenericWeb\backend\venv\Lib\site-packages\django\utils\decorators.py", line 46, in _wrapper
    return bound_method(*args, **kwargs)
           ^^^^^^^^^^^^^^^^^^^^^^^^^^^^^
  File "C:\Users\User\OneDrive\Desktop\computer_science\work\GenericWeb\backend\venv\Lib\site-packages\django\utils\decorators.py", line 134, in _wrapper_view
    response = view_func(request, *args, **kwargs)
               ^^^^^^^^^^^^^^^^^^^^^^^^^^^^^^^^^^^
  File "C:\Users\User\OneDrive\Desktop\computer_science\work\GenericWeb\backend\venv\Lib\site-packages\django\contrib\admin\options.py", line 1747, in changeform_view
    return self._changeform_view(request, object_id, form_url, extra_context)
           ^^^^^^^^^^^^^^^^^^^^^^^^^^^^^^^^^^^^^^^^^^^^^^^^^^^^^^^^^^^^^^^^^^
  File "C:\Users\User\OneDrive\Desktop\computer_science\work\GenericWeb\backend\venv\Lib\site-packages\django\contrib\admin\options.py", line 1798, in _changeform_view
    self.save_model(request, new_object, form, not add)
  File "C:\Users\User\OneDrive\Desktop\computer_science\work\GenericWeb\backend\venv\Lib\site-packages\django\contrib\admin\options.py", line 1227, in save_model
    obj.save()
  File "C:\Users\User\OneDrive\Desktop\computer_science\work\GenericWeb\backend\venv\Lib\site-packages\django\contrib\auth\base_user.py", line 76, in save
    super().save(*args, **kwargs)
  File "C:\Users\User\OneDrive\Desktop\computer_science\work\GenericWeb\backend\venv\Lib\site-packages\django\db\models\base.py", line 814, in save
    self.save_base(
  File "C:\Users\User\OneDrive\Desktop\computer_science\work\GenericWeb\backend\venv\Lib\site-packages\django\db\models\base.py", line 877, in save_base
    updated = self._save_table(
              ^^^^^^^^^^^^^^^^^
  File "C:\Users\User\OneDrive\Desktop\computer_science\work\GenericWeb\backend\venv\Lib\site-packages\django\db\models\base.py", line 1020, in _save_table
    results = self._do_insert(
              ^^^^^^^^^^^^^^^^
  File "C:\Users\User\OneDrive\Desktop\computer_science\work\GenericWeb\backend\venv\Lib\site-packages\django\db\models\base.py", line 1061, in _do_insert
    return manager._insert(
           ^^^^^^^^^^^^^^^^
  File "C:\Users\User\OneDrive\Desktop\computer_science\work\GenericWeb\backend\venv\Lib\site-packages\django\db\models\manager.py", line 87, in manager_method
    return getattr(self.get_queryset(), name)(*args, **kwargs)
           ^^^^^^^^^^^^^^^^^^^^^^^^^^^^^^^^^^^^^^^^^^^^^^^^^^^
  File "C:\Users\User\OneDrive\Desktop\computer_science\work\GenericWeb\backend\venv\Lib\site-packages\django\db\models\query.py", line 1805, in _insert
    return query.get_compiler(using=using).execute_sql(returning_fields)
           ^^^^^^^^^^^^^^^^^^^^^^^^^^^^^^^^^^^^^^^^^^^^^^^^^^^^^^^^^^^^^
  File "C:\Users\User\OneDrive\Desktop\computer_science\work\GenericWeb\backend\venv\Lib\site-packages\django\db\models\sql\compiler.py", line 1820, in execute_sql
    cursor.execute(sql, params)
  File "C:\Users\User\OneDrive\Desktop\computer_science\work\GenericWeb\backend\venv\Lib\site-packages\debug_toolbar\panels\sql\tracking.py", line 235, in execute
    return self._record(super().execute, sql, params)
           ^^^^^^^^^^^^^^^^^^^^^^^^^^^^^^^^^^^^^^^^^^
  File "C:\Users\User\OneDrive\Desktop\computer_science\work\GenericWeb\backend\venv\Lib\site-packages\debug_toolbar\panels\sql\tracking.py", line 160, in _record
    return method(sql, params)
           ^^^^^^^^^^^^^^^^^^^
  File "C:\Users\User\OneDrive\Desktop\computer_science\work\GenericWeb\backend\venv\Lib\site-packages\django\db\backends\utils.py", line 102, in execute
    return super().execute(sql, params)
           ^^^^^^^^^^^^^^^^^^^^^^^^^^^^
  File "C:\Users\User\OneDrive\Desktop\computer_science\work\GenericWeb\backend\venv\Lib\site-packages\django\db\backends\utils.py", line 67, in execute
    return self._execute_with_wrappers(
           ^^^^^^^^^^^^^^^^^^^^^^^^^^^^
  File "C:\Users\User\OneDrive\Desktop\computer_science\work\GenericWeb\backend\venv\Lib\site-packages\django\db\backends\utils.py", line 80, in _execute_with_wrappers
    return executor(sql, params, many, context)
           ^^^^^^^^^^^^^^^^^^^^^^^^^^^^^^^^^^^^
  File "C:\Users\User\OneDrive\Desktop\computer_science\work\GenericWeb\backend\venv\Lib\site-packages\django\db\backends\utils.py", line 84, in _execute
    with self.db.wrap_database_errors:
  File "C:\Users\User\OneDrive\Desktop\computer_science\work\GenericWeb\backend\venv\Lib\site-packages\django\db\utils.py", line 91, in __exit__
    raise dj_exc_value.with_traceback(traceback) from exc_value
  File "C:\Users\User\OneDrive\Desktop\computer_science\work\GenericWeb\backend\venv\Lib\site-packages\django\db\backends\utils.py", line 89, in _execute
    return self.cursor.execute(sql, params)
           ^^^^^^^^^^^^^^^^^^^^^^^^^^^^^^^^
  File "C:\Users\User\OneDrive\Desktop\computer_science\work\GenericWeb\backend\venv\Lib\site-packages\django\db\backends\sqlite3\base.py", line 328, in execute
    return super().execute(query, params)
           ^^^^^^^^^^^^^^^^^^^^^^^^^^^^^^
django.db.utils.IntegrityError: UNIQUE constraint failed: users_user.username
"POST /admin/users/user/add/ HTTP/1.1" 500 277969
Not Found: /firebase-messaging-sw.js
"GET /firebase-messaging-sw.js HTTP/1.1" 404 13019
C:\Users\User\OneDrive\Desktop\computer_science\work\GenericWeb\backend\generic3\users\forms.py changed, reloading.
Watching for file changes with StatReloader
C:\Users\User\OneDrive\Desktop\computer_science\work\GenericWeb\backend\generic3\users\admin.py changed, reloading.
Watching for file changes with StatReloader
C:\Users\User\OneDrive\Desktop\computer_science\work\GenericWeb\backend\generic3\users\admin.py changed, reloading.
Watching for file changes with StatReloader
C:\Users\User\OneDrive\Desktop\computer_science\work\GenericWeb\backend\generic3\users\admin.py changed, reloading.
Watching for file changes with StatReloader
"GET /admin/users/user/add/ HTTP/1.1" 200 31342
Not Found: /firebase-messaging-sw.js
"GET /firebase-messaging-sw.js HTTP/1.1" 404 13019
"POST /admin/users/user/add/ HTTP/1.1" 302 0
"GET /admin/users/user/4/change/ HTTP/1.1" 200 33068
"GET /admin/jsi18n/ HTTP/1.1" 200 3343
Not Found: /firebase-messaging-sw.js
"GET /firebase-messaging-sw.js HTTP/1.1" 404 13019
"GET /admin/users/clinicmanager/ HTTP/1.1" 200 22300
"GET /admin/jsi18n/ HTTP/1.1" 200 3343
Not Found: /firebase-messaging-sw.js
"GET /firebase-messaging-sw.js HTTP/1.1" 404 13063
"GET /admin/users/clinicmanager/add/ HTTP/1.1" 200 24141
"GET /admin/jsi18n/ HTTP/1.1" 200 3343
Not Found: /firebase-messaging-sw.js
"GET /firebase-messaging-sw.js HTTP/1.1" 404 13019
"POST /admin/users/clinicmanager/add/ HTTP/1.1" 302 0
"GET /admin/users/clinicmanager/ HTTP/1.1" 200 23721
"GET /admin/jsi18n/ HTTP/1.1" 200 3343
Not Found: /firebase-messaging-sw.js
"GET /firebase-messaging-sw.js HTTP/1.1" 404 13019
"GET /admin/users/doctor/ HTTP/1.1" 200 22239
"GET /admin/jsi18n/ HTTP/1.1" 200 3343
"GET /admin/users/doctor/add/ HTTP/1.1" 200 24073
"GET /admin/jsi18n/ HTTP/1.1" 200 3343
Not Found: /firebase-messaging-sw.js
"GET /firebase-messaging-sw.js HTTP/1.1" 404 13019
Not Found: /firebase-messaging-sw.js
"GET /firebase-messaging-sw.js HTTP/1.1" 404 13019
"POST /admin/users/doctor/add/ HTTP/1.1" 302 0
"GET /admin/users/doctor/ HTTP/1.1" 200 23607
"GET /admin/jsi18n/ HTTP/1.1" 200 3343
Not Found: /firebase-messaging-sw.js
"GET /firebase-messaging-sw.js HTTP/1.1" 404 13019
"GET /admin/clinics/managerclinic/ HTTP/1.1" 200 22310
"GET /admin/jsi18n/ HTTP/1.1" 200 3343
"GET /admin/clinics/managerclinic/add/ HTTP/1.1" 200 25756
"GET /admin/jsi18n/ HTTP/1.1" 200 3343
Not Found: /firebase-messaging-sw.js
"GET /firebase-messaging-sw.js HTTP/1.1" 404 13019
Not Found: /firebase-messaging-sw.js
"GET /firebase-messaging-sw.js HTTP/1.1" 404 13019
"POST /admin/clinics/managerclinic/add/ HTTP/1.1" 302 0
"GET /admin/clinics/managerclinic/ HTTP/1.1" 200 23755
"GET /admin/jsi18n/ HTTP/1.1" 200 3343
Not Found: /firebase-messaging-sw.js
"GET /firebase-messaging-sw.js HTTP/1.1" 404 13019
"GET /admin/clinics/doctorclinic/ HTTP/1.1" 200 22302
"GET /admin/jsi18n/ HTTP/1.1" 200 3343
"GET /admin/clinics/doctorclinic/add/ HTTP/1.1" 200 25679
"GET /admin/jsi18n/ HTTP/1.1" 200 3343
Not Found: /firebase-messaging-sw.js
"GET /firebase-messaging-sw.js HTTP/1.1" 404 13019
Not Found: /firebase-messaging-sw.js
"GET /firebase-messaging-sw.js HTTP/1.1" 404 13019
"POST /admin/clinics/doctorclinic/add/ HTTP/1.1" 302 0
"GET /admin/clinics/doctorclinic/ HTTP/1.1" 200 23724
"GET /admin/jsi18n/ HTTP/1.1" 200 3343
Not Found: /firebase-messaging-sw.js
"GET /firebase-messaging-sw.js HTTP/1.1" 404 13019
"GET /admin/clinics/clinic/ HTTP/1.1" 200 23398
"GET /admin/jsi18n/ HTTP/1.1" 200 3343
Not Found: /firebase-messaging-sw.js
"GET /firebase-messaging-sw.js HTTP/1.1" 404 13019
C:\Users\User\OneDrive\Desktop\computer_science\work\GenericWeb\backend\generic3\users\forms.py changed, reloading.
Watching for file changes with StatReloader
Internal Server Error: /api/v1/login/
Traceback (most recent call last):
  File "C:\Users\User\OneDrive\Desktop\computer_science\work\GenericWeb\backend\venv\Lib\site-packages\django\core\handlers\exception.py", line 55, in inner
    response = get_response(request)
               ^^^^^^^^^^^^^^^^^^^^^
  File "C:\Users\User\OneDrive\Desktop\computer_science\work\GenericWeb\backend\venv\Lib\site-packages\django\core\handlers\base.py", line 197, in _get_response
    response = wrapped_callback(request, *callback_args, **callback_kwargs)
               ^^^^^^^^^^^^^^^^^^^^^^^^^^^^^^^^^^^^^^^^^^^^^^^^^^^^^^^^^^^^
  File "C:\Users\User\OneDrive\Desktop\computer_science\work\GenericWeb\backend\venv\Lib\site-packages\django\views\decorators\csrf.py", line 56, in wrapper_view
    return view_func(*args, **kwargs)
           ^^^^^^^^^^^^^^^^^^^^^^^^^^
  File "C:\Users\User\OneDrive\Desktop\computer_science\work\GenericWeb\backend\venv\Lib\site-packages\django\views\generic\base.py", line 104, in view
    return self.dispatch(request, *args, **kwargs)
           ^^^^^^^^^^^^^^^^^^^^^^^^^^^^^^^^^^^^^^^
  File "C:\Users\User\OneDrive\Desktop\computer_science\work\GenericWeb\backend\venv\Lib\site-packages\rest_framework\views.py", line 509, in dispatch
    response = self.handle_exception(exc)
               ^^^^^^^^^^^^^^^^^^^^^^^^^^
  File "C:\Users\User\OneDrive\Desktop\computer_science\work\GenericWeb\backend\venv\Lib\site-packages\rest_framework\views.py", line 469, in handle_exception
    self.raise_uncaught_exception(exc)
  File "C:\Users\User\OneDrive\Desktop\computer_science\work\GenericWeb\backend\venv\Lib\site-packages\rest_framework\views.py", line 480, in raise_uncaught_exception
    raise exc
  File "C:\Users\User\OneDrive\Desktop\computer_science\work\GenericWeb\backend\venv\Lib\site-packages\rest_framework\views.py", line 506, in dispatch
    response = handler(request, *args, **kwargs)
               ^^^^^^^^^^^^^^^^^^^^^^^^^^^^^^^^^
  File "C:\Users\User\OneDrive\Desktop\computer_science\work\GenericWeb\backend\venv\Lib\site-packages\rest_framework\decorators.py", line 50, in handler
    return func(*args, **kwargs)
           ^^^^^^^^^^^^^^^^^^^^^
  File "C:\Users\User\OneDrive\Desktop\computer_science\work\GenericWeb\backend\generic3\api\views.py", line 35, in login
    token = Token.objects.get_or_create(user=user)
            ^^^^^^^^^^^^^
AttributeError: type object 'Token' has no attribute 'objects'
"POST /api/v1/login/ HTTP/1.1" 500 116376
C:\Users\User\OneDrive\Desktop\computer_science\work\GenericWeb\backend\generic3\api\views.py changed, reloading.
Watching for file changes with StatReloader
Internal Server Error: /api/v1/login/
Traceback (most recent call last):
  File "C:\Users\User\OneDrive\Desktop\computer_science\work\GenericWeb\backend\venv\Lib\site-packages\django\core\handlers\exception.py", line 55, in inner
    response = get_response(request)
               ^^^^^^^^^^^^^^^^^^^^^
  File "C:\Users\User\OneDrive\Desktop\computer_science\work\GenericWeb\backend\venv\Lib\site-packages\django\core\handlers\base.py", line 197, in _get_response
    response = wrapped_callback(request, *callback_args, **callback_kwargs)
               ^^^^^^^^^^^^^^^^^^^^^^^^^^^^^^^^^^^^^^^^^^^^^^^^^^^^^^^^^^^^
  File "C:\Users\User\OneDrive\Desktop\computer_science\work\GenericWeb\backend\venv\Lib\site-packages\django\views\decorators\csrf.py", line 56, in wrapper_view
    return view_func(*args, **kwargs)
           ^^^^^^^^^^^^^^^^^^^^^^^^^^
  File "C:\Users\User\OneDrive\Desktop\computer_science\work\GenericWeb\backend\venv\Lib\site-packages\django\views\generic\base.py", line 104, in view
    return self.dispatch(request, *args, **kwargs)
           ^^^^^^^^^^^^^^^^^^^^^^^^^^^^^^^^^^^^^^^
  File "C:\Users\User\OneDrive\Desktop\computer_science\work\GenericWeb\backend\venv\Lib\site-packages\rest_framework\views.py", line 509, in dispatch
    response = self.handle_exception(exc)
               ^^^^^^^^^^^^^^^^^^^^^^^^^^
  File "C:\Users\User\OneDrive\Desktop\computer_science\work\GenericWeb\backend\venv\Lib\site-packages\rest_framework\views.py", line 469, in handle_exception
    self.raise_uncaught_exception(exc)
  File "C:\Users\User\OneDrive\Desktop\computer_science\work\GenericWeb\backend\venv\Lib\site-packages\rest_framework\views.py", line 480, in raise_uncaught_exception
    raise exc
  File "C:\Users\User\OneDrive\Desktop\computer_science\work\GenericWeb\backend\venv\Lib\site-packages\rest_framework\views.py", line 506, in dispatch
    response = handler(request, *args, **kwargs)
               ^^^^^^^^^^^^^^^^^^^^^^^^^^^^^^^^^
  File "C:\Users\User\OneDrive\Desktop\computer_science\work\GenericWeb\backend\venv\Lib\site-packages\rest_framework\decorators.py", line 50, in handler
    return func(*args, **kwargs)
           ^^^^^^^^^^^^^^^^^^^^^
  File "C:\Users\User\OneDrive\Desktop\computer_science\work\GenericWeb\backend\generic3\api\views.py", line 35, in login
    token = Token.objects.get_or_create(user=user)
            ^^^^^^^^^^^^^
AttributeError: type object 'Token' has no attribute 'objects'
"POST /api/v1/login/ HTTP/1.1" 500 116377
C:\Users\User\OneDrive\Desktop\computer_science\work\GenericWeb\backend\generic3\api\views.py changed, reloading.
Watching for file changes with StatReloader
C:\Users\User\OneDrive\Desktop\computer_science\work\GenericWeb\backend\generic3\api\views.py changed, reloading.
Watching for file changes with StatReloader
C:\Users\User\OneDrive\Desktop\computer_science\work\GenericWeb\backend\generic3\api\views.py changed, reloading.
Watching for file changes with StatReloader
C:\Users\User\OneDrive\Desktop\computer_science\work\GenericWeb\backend\generic3\api\views.py changed, reloading.
Watching for file changes with StatReloader
C:\Users\User\OneDrive\Desktop\computer_science\work\GenericWeb\backend\generic3\generic3\settings.py changed, reloading.
Watching for file changes with StatReloader
Watching for file changes with StatReloader
Internal Server Error: /api/v1/login/
Traceback (most recent call last):
  File "C:\Users\User\OneDrive\Desktop\computer_science\work\GenericWeb\backend\venv\Lib\site-packages\django\core\handlers\exception.py", line 55, in inner
    response = get_response(request)
               ^^^^^^^^^^^^^^^^^^^^^
  File "C:\Users\User\OneDrive\Desktop\computer_science\work\GenericWeb\backend\venv\Lib\site-packages\django\core\handlers\base.py", line 197, in _get_response
    response = wrapped_callback(request, *callback_args, **callback_kwargs)
               ^^^^^^^^^^^^^^^^^^^^^^^^^^^^^^^^^^^^^^^^^^^^^^^^^^^^^^^^^^^^
  File "C:\Users\User\OneDrive\Desktop\computer_science\work\GenericWeb\backend\venv\Lib\site-packages\django\views\decorators\csrf.py", line 56, in wrapper_view
    return view_func(*args, **kwargs)
           ^^^^^^^^^^^^^^^^^^^^^^^^^^
  File "C:\Users\User\OneDrive\Desktop\computer_science\work\GenericWeb\backend\venv\Lib\site-packages\django\views\generic\base.py", line 104, in view
    return self.dispatch(request, *args, **kwargs)
           ^^^^^^^^^^^^^^^^^^^^^^^^^^^^^^^^^^^^^^^
  File "C:\Users\User\OneDrive\Desktop\computer_science\work\GenericWeb\backend\venv\Lib\site-packages\rest_framework\views.py", line 509, in dispatch
    response = self.handle_exception(exc)
               ^^^^^^^^^^^^^^^^^^^^^^^^^^
  File "C:\Users\User\OneDrive\Desktop\computer_science\work\GenericWeb\backend\venv\Lib\site-packages\rest_framework\views.py", line 469, in handle_exception
    self.raise_uncaught_exception(exc)
  File "C:\Users\User\OneDrive\Desktop\computer_science\work\GenericWeb\backend\venv\Lib\site-packages\rest_framework\views.py", line 480, in raise_uncaught_exception
    raise exc
  File "C:\Users\User\OneDrive\Desktop\computer_science\work\GenericWeb\backend\venv\Lib\site-packages\rest_framework\views.py", line 506, in dispatch
    response = handler(request, *args, **kwargs)
               ^^^^^^^^^^^^^^^^^^^^^^^^^^^^^^^^^
  File "C:\Users\User\OneDrive\Desktop\computer_science\work\GenericWeb\backend\venv\Lib\site-packages\rest_framework\decorators.py", line 50, in handler
    return func(*args, **kwargs)
           ^^^^^^^^^^^^^^^^^^^^^
  File "C:\Users\User\OneDrive\Desktop\computer_science\work\GenericWeb\backend\generic3\api\views.py", line 37, in login
    clinics_id = get_clinic_id_for_user(user) # could be multiple clinics for a user
                 ^^^^^^^^^^^^^^^^^^^^^^^^^^^^
  File "C:\Users\User\OneDrive\Desktop\computer_science\work\GenericWeb\backend\generic3\generic3\utils.py", line 6, in get_clinic_id_for_user
    clinic_id = DoctorClinic.objects.filter(doctor=user).values_list('clinic_id', flat=True)
                ^^^^^^^^^^^^^^^^^^^^^^^^^^^^^^^^^^^^^^^^
  File "C:\Users\User\OneDrive\Desktop\computer_science\work\GenericWeb\backend\venv\Lib\site-packages\django\db\models\manager.py", line 87, in manager_method
    return getattr(self.get_queryset(), name)(*args, **kwargs)
           ^^^^^^^^^^^^^^^^^^^^^^^^^^^^^^^^^^^^^^^^^^^^^^^^^^^
  File "C:\Users\User\OneDrive\Desktop\computer_science\work\GenericWeb\backend\venv\Lib\site-packages\django\db\models\query.py", line 1436, in filter
    return self._filter_or_exclude(False, args, kwargs)
           ^^^^^^^^^^^^^^^^^^^^^^^^^^^^^^^^^^^^^^^^^^^^
  File "C:\Users\User\OneDrive\Desktop\computer_science\work\GenericWeb\backend\venv\Lib\site-packages\django\db\models\query.py", line 1454, in _filter_or_exclude
    clone._filter_or_exclude_inplace(negate, args, kwargs)
  File "C:\Users\User\OneDrive\Desktop\computer_science\work\GenericWeb\backend\venv\Lib\site-packages\django\db\models\query.py", line 1461, in _filter_or_exclude_inplace
    self._query.add_q(Q(*args, **kwargs))
  File "C:\Users\User\OneDrive\Desktop\computer_science\work\GenericWeb\backend\venv\Lib\site-packages\django\db\models\sql\query.py", line 1498, in add_q
    clause, _ = self._add_q(q_object, self.used_aliases)
                ^^^^^^^^^^^^^^^^^^^^^^^^^^^^^^^^^^^^^^^^
  File "C:\Users\User\OneDrive\Desktop\computer_science\work\GenericWeb\backend\venv\Lib\site-packages\django\db\models\sql\query.py", line 1529, in _add_q
    child_clause, needed_inner = self.build_filter(
                                 ^^^^^^^^^^^^^^^^^^
  File "C:\Users\User\OneDrive\Desktop\computer_science\work\GenericWeb\backend\venv\Lib\site-packages\django\db\models\sql\query.py", line 1417, in build_filter
    self.check_related_objects(join_info.final_field, value, join_info.opts)
  File "C:\Users\User\OneDrive\Desktop\computer_science\work\GenericWeb\backend\venv\Lib\site-packages\django\db\models\sql\query.py", line 1228, in check_related_objects
    self.check_query_object_type(value, opts, field)
  File "C:\Users\User\OneDrive\Desktop\computer_science\work\GenericWeb\backend\venv\Lib\site-packages\django\db\models\sql\query.py", line 1205, in check_query_object_type
    raise ValueError(
ValueError: Cannot query "doctor1@example.com": Must be "Doctor" instance.
"POST /api/v1/login/ HTTP/1.1" 500 168125
C:\Users\User\OneDrive\Desktop\computer_science\work\GenericWeb\backend\generic3\api\views.py changed, reloading.
Watching for file changes with StatReloader
Internal Server Error: /api/v1/login/
Traceback (most recent call last):
  File "C:\Users\User\OneDrive\Desktop\computer_science\work\GenericWeb\backend\venv\Lib\site-packages\django\core\handlers\exception.py", line 55, in inner
    response = get_response(request)
               ^^^^^^^^^^^^^^^^^^^^^
  File "C:\Users\User\OneDrive\Desktop\computer_science\work\GenericWeb\backend\venv\Lib\site-packages\django\core\handlers\base.py", line 197, in _get_response
    response = wrapped_callback(request, *callback_args, **callback_kwargs)
               ^^^^^^^^^^^^^^^^^^^^^^^^^^^^^^^^^^^^^^^^^^^^^^^^^^^^^^^^^^^^
  File "C:\Users\User\OneDrive\Desktop\computer_science\work\GenericWeb\backend\venv\Lib\site-packages\django\views\decorators\csrf.py", line 56, in wrapper_view
    return view_func(*args, **kwargs)
           ^^^^^^^^^^^^^^^^^^^^^^^^^^
  File "C:\Users\User\OneDrive\Desktop\computer_science\work\GenericWeb\backend\venv\Lib\site-packages\django\views\generic\base.py", line 104, in view
    return self.dispatch(request, *args, **kwargs)
           ^^^^^^^^^^^^^^^^^^^^^^^^^^^^^^^^^^^^^^^
  File "C:\Users\User\OneDrive\Desktop\computer_science\work\GenericWeb\backend\venv\Lib\site-packages\rest_framework\views.py", line 509, in dispatch
    response = self.handle_exception(exc)
               ^^^^^^^^^^^^^^^^^^^^^^^^^^
  File "C:\Users\User\OneDrive\Desktop\computer_science\work\GenericWeb\backend\venv\Lib\site-packages\rest_framework\views.py", line 469, in handle_exception
    self.raise_uncaught_exception(exc)
  File "C:\Users\User\OneDrive\Desktop\computer_science\work\GenericWeb\backend\venv\Lib\site-packages\rest_framework\views.py", line 480, in raise_uncaught_exception
    raise exc
  File "C:\Users\User\OneDrive\Desktop\computer_science\work\GenericWeb\backend\venv\Lib\site-packages\rest_framework\views.py", line 506, in dispatch
    response = handler(request, *args, **kwargs)
               ^^^^^^^^^^^^^^^^^^^^^^^^^^^^^^^^^
  File "C:\Users\User\OneDrive\Desktop\computer_science\work\GenericWeb\backend\venv\Lib\site-packages\rest_framework\decorators.py", line 50, in handler
    return func(*args, **kwargs)
           ^^^^^^^^^^^^^^^^^^^^^
  File "C:\Users\User\OneDrive\Desktop\computer_science\work\GenericWeb\backend\generic3\api\views.py", line 37, in login
    clinics_id = get_clinic_id_for_user(user) # could be multiple clinics for a user
                 ^^^^^^^^^^^^^^^^^^^^^^^^^^^^
  File "C:\Users\User\OneDrive\Desktop\computer_science\work\GenericWeb\backend\generic3\generic3\utils.py", line 6, in get_clinic_id_for_user
    clinic_id = DoctorClinic.objects.filter(doctor=user).values_list('clinic_id', flat=True)
                ^^^^^^^^^^^^^^^^^^^^^^^^^^^^^^^^^^^^^^^^
  File "C:\Users\User\OneDrive\Desktop\computer_science\work\GenericWeb\backend\venv\Lib\site-packages\django\db\models\manager.py", line 87, in manager_method
    return getattr(self.get_queryset(), name)(*args, **kwargs)
           ^^^^^^^^^^^^^^^^^^^^^^^^^^^^^^^^^^^^^^^^^^^^^^^^^^^
  File "C:\Users\User\OneDrive\Desktop\computer_science\work\GenericWeb\backend\venv\Lib\site-packages\django\db\models\query.py", line 1436, in filter
    return self._filter_or_exclude(False, args, kwargs)
           ^^^^^^^^^^^^^^^^^^^^^^^^^^^^^^^^^^^^^^^^^^^^
  File "C:\Users\User\OneDrive\Desktop\computer_science\work\GenericWeb\backend\venv\Lib\site-packages\django\db\models\query.py", line 1454, in _filter_or_exclude
    clone._filter_or_exclude_inplace(negate, args, kwargs)
  File "C:\Users\User\OneDrive\Desktop\computer_science\work\GenericWeb\backend\venv\Lib\site-packages\django\db\models\query.py", line 1461, in _filter_or_exclude_inplace
    self._query.add_q(Q(*args, **kwargs))
  File "C:\Users\User\OneDrive\Desktop\computer_science\work\GenericWeb\backend\venv\Lib\site-packages\django\db\models\sql\query.py", line 1498, in add_q
    clause, _ = self._add_q(q_object, self.used_aliases)
                ^^^^^^^^^^^^^^^^^^^^^^^^^^^^^^^^^^^^^^^^
  File "C:\Users\User\OneDrive\Desktop\computer_science\work\GenericWeb\backend\venv\Lib\site-packages\django\db\models\sql\query.py", line 1529, in _add_q
    child_clause, needed_inner = self.build_filter(
                                 ^^^^^^^^^^^^^^^^^^
  File "C:\Users\User\OneDrive\Desktop\computer_science\work\GenericWeb\backend\venv\Lib\site-packages\django\db\models\sql\query.py", line 1417, in build_filter
    self.check_related_objects(join_info.final_field, value, join_info.opts)
  File "C:\Users\User\OneDrive\Desktop\computer_science\work\GenericWeb\backend\venv\Lib\site-packages\django\db\models\sql\query.py", line 1228, in check_related_objects
    self.check_query_object_type(value, opts, field)
  File "C:\Users\User\OneDrive\Desktop\computer_science\work\GenericWeb\backend\venv\Lib\site-packages\django\db\models\sql\query.py", line 1205, in check_query_object_type
    raise ValueError(
ValueError: Cannot query "doctor1@example.com": Must be "Doctor" instance.
"POST /api/v1/login/ HTTP/1.1" 500 168137
C:\Users\User\OneDrive\Desktop\computer_science\work\GenericWeb\backend\generic3\api\views.py changed, reloading.
Watching for file changes with StatReloader
C:\Users\User\OneDrive\Desktop\computer_science\work\GenericWeb\backend\generic3\generic3\utils.py changed, reloading.
Watching for file changes with StatReloader
Internal Server Error: /api/v1/login/
Traceback (most recent call last):
  File "C:\Users\User\OneDrive\Desktop\computer_science\work\GenericWeb\backend\venv\Lib\site-packages\django\core\handlers\exception.py", line 55, in inner
    response = get_response(request)
               ^^^^^^^^^^^^^^^^^^^^^
  File "C:\Users\User\OneDrive\Desktop\computer_science\work\GenericWeb\backend\venv\Lib\site-packages\django\core\handlers\base.py", line 197, in _get_response
    response = wrapped_callback(request, *callback_args, **callback_kwargs)
               ^^^^^^^^^^^^^^^^^^^^^^^^^^^^^^^^^^^^^^^^^^^^^^^^^^^^^^^^^^^^
  File "C:\Users\User\OneDrive\Desktop\computer_science\work\GenericWeb\backend\venv\Lib\site-packages\django\views\decorators\csrf.py", line 56, in wrapper_view
    return view_func(*args, **kwargs)
           ^^^^^^^^^^^^^^^^^^^^^^^^^^
  File "C:\Users\User\OneDrive\Desktop\computer_science\work\GenericWeb\backend\venv\Lib\site-packages\django\views\generic\base.py", line 104, in view
    return self.dispatch(request, *args, **kwargs)
           ^^^^^^^^^^^^^^^^^^^^^^^^^^^^^^^^^^^^^^^
  File "C:\Users\User\OneDrive\Desktop\computer_science\work\GenericWeb\backend\venv\Lib\site-packages\rest_framework\views.py", line 509, in dispatch
    response = self.handle_exception(exc)
               ^^^^^^^^^^^^^^^^^^^^^^^^^^
  File "C:\Users\User\OneDrive\Desktop\computer_science\work\GenericWeb\backend\venv\Lib\site-packages\rest_framework\views.py", line 469, in handle_exception
    self.raise_uncaught_exception(exc)
  File "C:\Users\User\OneDrive\Desktop\computer_science\work\GenericWeb\backend\venv\Lib\site-packages\rest_framework\views.py", line 480, in raise_uncaught_exception
    raise exc
  File "C:\Users\User\OneDrive\Desktop\computer_science\work\GenericWeb\backend\venv\Lib\site-packages\rest_framework\views.py", line 506, in dispatch
    response = handler(request, *args, **kwargs)
               ^^^^^^^^^^^^^^^^^^^^^^^^^^^^^^^^^
  File "C:\Users\User\OneDrive\Desktop\computer_science\work\GenericWeb\backend\venv\Lib\site-packages\rest_framework\decorators.py", line 50, in handler
    return func(*args, **kwargs)
           ^^^^^^^^^^^^^^^^^^^^^
  File "C:\Users\User\OneDrive\Desktop\computer_science\work\GenericWeb\backend\generic3\api\views.py", line 36, in login
    clinics_id = get_clinic_id_for_user(user) # could be multiple clinics for a user
                 ^^^^^^^^^^^^^^^^^^^^^^^^^^^^
  File "C:\Users\User\OneDrive\Desktop\computer_science\work\GenericWeb\backend\generic3\generic3\utils.py", line 7, in get_clinic_id_for_user
    clinic_id = DoctorClinic.objects.filter(doctor=user).values_list('clinic_id', flat=True)
                ^^^^^^^^^^^^^^^^^^^^^^^^^^^^^^^^^^^^^^^^
  File "C:\Users\User\OneDrive\Desktop\computer_science\work\GenericWeb\backend\venv\Lib\site-packages\django\db\models\manager.py", line 87, in manager_method
    return getattr(self.get_queryset(), name)(*args, **kwargs)
           ^^^^^^^^^^^^^^^^^^^^^^^^^^^^^^^^^^^^^^^^^^^^^^^^^^^
  File "C:\Users\User\OneDrive\Desktop\computer_science\work\GenericWeb\backend\venv\Lib\site-packages\django\db\models\query.py", line 1436, in filter
    return self._filter_or_exclude(False, args, kwargs)
           ^^^^^^^^^^^^^^^^^^^^^^^^^^^^^^^^^^^^^^^^^^^^
  File "C:\Users\User\OneDrive\Desktop\computer_science\work\GenericWeb\backend\venv\Lib\site-packages\django\db\models\query.py", line 1454, in _filter_or_exclude
    clone._filter_or_exclude_inplace(negate, args, kwargs)
  File "C:\Users\User\OneDrive\Desktop\computer_science\work\GenericWeb\backend\venv\Lib\site-packages\django\db\models\query.py", line 1461, in _filter_or_exclude_inplace
    self._query.add_q(Q(*args, **kwargs))
  File "C:\Users\User\OneDrive\Desktop\computer_science\work\GenericWeb\backend\venv\Lib\site-packages\django\db\models\sql\query.py", line 1498, in add_q
    clause, _ = self._add_q(q_object, self.used_aliases)
                ^^^^^^^^^^^^^^^^^^^^^^^^^^^^^^^^^^^^^^^^
  File "C:\Users\User\OneDrive\Desktop\computer_science\work\GenericWeb\backend\venv\Lib\site-packages\django\db\models\sql\query.py", line 1529, in _add_q
    child_clause, needed_inner = self.build_filter(
                                 ^^^^^^^^^^^^^^^^^^
  File "C:\Users\User\OneDrive\Desktop\computer_science\work\GenericWeb\backend\venv\Lib\site-packages\django\db\models\sql\query.py", line 1417, in build_filter
    self.check_related_objects(join_info.final_field, value, join_info.opts)
  File "C:\Users\User\OneDrive\Desktop\computer_science\work\GenericWeb\backend\venv\Lib\site-packages\django\db\models\sql\query.py", line 1228, in check_related_objects
    self.check_query_object_type(value, opts, field)
  File "C:\Users\User\OneDrive\Desktop\computer_science\work\GenericWeb\backend\venv\Lib\site-packages\django\db\models\sql\query.py", line 1205, in check_query_object_type
    raise ValueError(
ValueError: Cannot query "doctor1@example.com": Must be "Doctor" instance.
"POST /api/v1/login/ HTTP/1.1" 500 168273
C:\Users\User\OneDrive\Desktop\computer_science\work\GenericWeb\backend\generic3\generic3\utils.py changed, reloading.
Watching for file changes with StatReloader
Internal Server Error: /api/v1/login/
Traceback (most recent call last):
  File "C:\Users\User\OneDrive\Desktop\computer_science\work\GenericWeb\backend\venv\Lib\site-packages\django\core\handlers\exception.py", line 55, in inner
    response = get_response(request)
               ^^^^^^^^^^^^^^^^^^^^^
  File "C:\Users\User\OneDrive\Desktop\computer_science\work\GenericWeb\backend\venv\Lib\site-packages\django\core\handlers\base.py", line 197, in _get_response
    response = wrapped_callback(request, *callback_args, **callback_kwargs)
               ^^^^^^^^^^^^^^^^^^^^^^^^^^^^^^^^^^^^^^^^^^^^^^^^^^^^^^^^^^^^
  File "C:\Users\User\OneDrive\Desktop\computer_science\work\GenericWeb\backend\venv\Lib\site-packages\django\views\decorators\csrf.py", line 56, in wrapper_view
    return view_func(*args, **kwargs)
           ^^^^^^^^^^^^^^^^^^^^^^^^^^
  File "C:\Users\User\OneDrive\Desktop\computer_science\work\GenericWeb\backend\venv\Lib\site-packages\django\views\generic\base.py", line 104, in view
    return self.dispatch(request, *args, **kwargs)
           ^^^^^^^^^^^^^^^^^^^^^^^^^^^^^^^^^^^^^^^
  File "C:\Users\User\OneDrive\Desktop\computer_science\work\GenericWeb\backend\venv\Lib\site-packages\rest_framework\views.py", line 509, in dispatch
    response = self.handle_exception(exc)
               ^^^^^^^^^^^^^^^^^^^^^^^^^^
  File "C:\Users\User\OneDrive\Desktop\computer_science\work\GenericWeb\backend\venv\Lib\site-packages\rest_framework\views.py", line 469, in handle_exception
    self.raise_uncaught_exception(exc)
  File "C:\Users\User\OneDrive\Desktop\computer_science\work\GenericWeb\backend\venv\Lib\site-packages\rest_framework\views.py", line 480, in raise_uncaught_exception
    raise exc
  File "C:\Users\User\OneDrive\Desktop\computer_science\work\GenericWeb\backend\venv\Lib\site-packages\rest_framework\views.py", line 506, in dispatch
    response = handler(request, *args, **kwargs)
               ^^^^^^^^^^^^^^^^^^^^^^^^^^^^^^^^^
  File "C:\Users\User\OneDrive\Desktop\computer_science\work\GenericWeb\backend\venv\Lib\site-packages\rest_framework\decorators.py", line 50, in handler
    return func(*args, **kwargs)
           ^^^^^^^^^^^^^^^^^^^^^
  File "C:\Users\User\OneDrive\Desktop\computer_science\work\GenericWeb\backend\generic3\api\views.py", line 48, in login
    clinics_data = Clinic.objects.get(id=clinic_id).values_list('id','clinic_url','clinic_name')
                   ^^^^^^^^^^^^^^^^^^^^^^^^^^^^^^^^^^^^^^^^^^^^
AttributeError: 'Clinic' object has no attribute 'values_list'
"POST /api/v1/login/ HTTP/1.1" 500 119839
C:\Users\User\OneDrive\Desktop\computer_science\work\GenericWeb\backend\generic3\api\views.py changed, reloading.
Watching for file changes with StatReloader
Internal Server Error: /api/v1/login/
Traceback (most recent call last):
  File "C:\Users\User\OneDrive\Desktop\computer_science\work\GenericWeb\backend\venv\Lib\site-packages\django\core\handlers\exception.py", line 55, in inner
    response = get_response(request)
               ^^^^^^^^^^^^^^^^^^^^^
  File "C:\Users\User\OneDrive\Desktop\computer_science\work\GenericWeb\backend\venv\Lib\site-packages\django\core\handlers\base.py", line 197, in _get_response
    response = wrapped_callback(request, *callback_args, **callback_kwargs)
               ^^^^^^^^^^^^^^^^^^^^^^^^^^^^^^^^^^^^^^^^^^^^^^^^^^^^^^^^^^^^
  File "C:\Users\User\OneDrive\Desktop\computer_science\work\GenericWeb\backend\venv\Lib\site-packages\django\views\decorators\csrf.py", line 56, in wrapper_view
    return view_func(*args, **kwargs)
           ^^^^^^^^^^^^^^^^^^^^^^^^^^
  File "C:\Users\User\OneDrive\Desktop\computer_science\work\GenericWeb\backend\venv\Lib\site-packages\django\views\generic\base.py", line 104, in view
    return self.dispatch(request, *args, **kwargs)
           ^^^^^^^^^^^^^^^^^^^^^^^^^^^^^^^^^^^^^^^
  File "C:\Users\User\OneDrive\Desktop\computer_science\work\GenericWeb\backend\venv\Lib\site-packages\rest_framework\views.py", line 509, in dispatch
    response = self.handle_exception(exc)
               ^^^^^^^^^^^^^^^^^^^^^^^^^^
  File "C:\Users\User\OneDrive\Desktop\computer_science\work\GenericWeb\backend\venv\Lib\site-packages\rest_framework\views.py", line 469, in handle_exception
    self.raise_uncaught_exception(exc)
  File "C:\Users\User\OneDrive\Desktop\computer_science\work\GenericWeb\backend\venv\Lib\site-packages\rest_framework\views.py", line 480, in raise_uncaught_exception
    raise exc
  File "C:\Users\User\OneDrive\Desktop\computer_science\work\GenericWeb\backend\venv\Lib\site-packages\rest_framework\views.py", line 506, in dispatch
    response = handler(request, *args, **kwargs)
               ^^^^^^^^^^^^^^^^^^^^^^^^^^^^^^^^^
  File "C:\Users\User\OneDrive\Desktop\computer_science\work\GenericWeb\backend\venv\Lib\site-packages\rest_framework\decorators.py", line 50, in handler
    return func(*args, **kwargs)
           ^^^^^^^^^^^^^^^^^^^^^
  File "C:\Users\User\OneDrive\Desktop\computer_science\work\GenericWeb\backend\generic3\api\views.py", line 54, in login
    clinic_modules = ClinicModules.objects.filter(clinic_id=clinic_id).exclude(Q(module_id__in=[1, 2]) | Q(module_type="dashboard")).values_list('module_id', flat=True)
                     ^^^^^^^^^^^^^^^^^^^^^^^^^^^^^^^^^^^^^^^^^^^^^^^^^^^^^^^^^^^^^^^^^^^^^^^^^^^^^^^^^^^^^^^^^^^^^^^^^^^^^^^^^^^^^^^
  File "C:\Users\User\OneDrive\Desktop\computer_science\work\GenericWeb\backend\venv\Lib\site-packages\django\db\models\query.py", line 1444, in exclude
    return self._filter_or_exclude(True, args, kwargs)
           ^^^^^^^^^^^^^^^^^^^^^^^^^^^^^^^^^^^^^^^^^^^
  File "C:\Users\User\OneDrive\Desktop\computer_science\work\GenericWeb\backend\venv\Lib\site-packages\django\db\models\query.py", line 1454, in _filter_or_exclude
    clone._filter_or_exclude_inplace(negate, args, kwargs)
  File "C:\Users\User\OneDrive\Desktop\computer_science\work\GenericWeb\backend\venv\Lib\site-packages\django\db\models\query.py", line 1459, in _filter_or_exclude_inplace
    self._query.add_q(~Q(*args, **kwargs))
  File "C:\Users\User\OneDrive\Desktop\computer_science\work\GenericWeb\backend\venv\Lib\site-packages\django\db\models\sql\query.py", line 1498, in add_q
    clause, _ = self._add_q(q_object, self.used_aliases)
                ^^^^^^^^^^^^^^^^^^^^^^^^^^^^^^^^^^^^^^^^
  File "C:\Users\User\OneDrive\Desktop\computer_science\work\GenericWeb\backend\venv\Lib\site-packages\django\db\models\sql\query.py", line 1529, in _add_q
    child_clause, needed_inner = self.build_filter(
                                 ^^^^^^^^^^^^^^^^^^
  File "C:\Users\User\OneDrive\Desktop\computer_science\work\GenericWeb\backend\venv\Lib\site-packages\django\db\models\sql\query.py", line 1357, in build_filter
    return self._add_q(
           ^^^^^^^^^^^^
  File "C:\Users\User\OneDrive\Desktop\computer_science\work\GenericWeb\backend\venv\Lib\site-packages\django\db\models\sql\query.py", line 1529, in _add_q
    child_clause, needed_inner = self.build_filter(
                                 ^^^^^^^^^^^^^^^^^^
  File "C:\Users\User\OneDrive\Desktop\computer_science\work\GenericWeb\backend\venv\Lib\site-packages\django\db\models\sql\query.py", line 1379, in build_filter
    lookups, parts, reffed_expression = self.solve_lookup_type(arg, summarize)
                                        ^^^^^^^^^^^^^^^^^^^^^^^^^^^^^^^^^^^^^^
  File "C:\Users\User\OneDrive\Desktop\computer_science\work\GenericWeb\backend\venv\Lib\site-packages\django\db\models\sql\query.py", line 1189, in solve_lookup_type
    _, field, _, lookup_parts = self.names_to_path(lookup_splitted, self.get_meta())
                                ^^^^^^^^^^^^^^^^^^^^^^^^^^^^^^^^^^^^^^^^^^^^^^^^^^^^
  File "C:\Users\User\OneDrive\Desktop\computer_science\work\GenericWeb\backend\venv\Lib\site-packages\django\db\models\sql\query.py", line 1677, in names_to_path
    raise FieldError(
django.core.exceptions.FieldError: Cannot resolve keyword 'module_type' into field. Choices are: clinic, clinic_id, id, module, module_id
"POST /api/v1/login/ HTTP/1.1" 500 174071
C:\Users\User\OneDrive\Desktop\computer_science\work\GenericWeb\backend\generic3\api\views.py changed, reloading.
Watching for file changes with StatReloader
Internal Server Error: /api/v1/login/
Traceback (most recent call last):
  File "C:\Users\User\OneDrive\Desktop\computer_science\work\GenericWeb\backend\venv\Lib\site-packages\django\core\handlers\exception.py", line 55, in inner
    response = get_response(request)
               ^^^^^^^^^^^^^^^^^^^^^
  File "C:\Users\User\OneDrive\Desktop\computer_science\work\GenericWeb\backend\venv\Lib\site-packages\django\core\handlers\base.py", line 197, in _get_response
    response = wrapped_callback(request, *callback_args, **callback_kwargs)
               ^^^^^^^^^^^^^^^^^^^^^^^^^^^^^^^^^^^^^^^^^^^^^^^^^^^^^^^^^^^^
  File "C:\Users\User\OneDrive\Desktop\computer_science\work\GenericWeb\backend\venv\Lib\site-packages\django\views\decorators\csrf.py", line 56, in wrapper_view
    return view_func(*args, **kwargs)
           ^^^^^^^^^^^^^^^^^^^^^^^^^^
  File "C:\Users\User\OneDrive\Desktop\computer_science\work\GenericWeb\backend\venv\Lib\site-packages\django\views\generic\base.py", line 104, in view
    return self.dispatch(request, *args, **kwargs)
           ^^^^^^^^^^^^^^^^^^^^^^^^^^^^^^^^^^^^^^^
  File "C:\Users\User\OneDrive\Desktop\computer_science\work\GenericWeb\backend\venv\Lib\site-packages\rest_framework\views.py", line 509, in dispatch
    response = self.handle_exception(exc)
               ^^^^^^^^^^^^^^^^^^^^^^^^^^
  File "C:\Users\User\OneDrive\Desktop\computer_science\work\GenericWeb\backend\venv\Lib\site-packages\rest_framework\views.py", line 469, in handle_exception
    self.raise_uncaught_exception(exc)
  File "C:\Users\User\OneDrive\Desktop\computer_science\work\GenericWeb\backend\venv\Lib\site-packages\rest_framework\views.py", line 480, in raise_uncaught_exception
    raise exc
  File "C:\Users\User\OneDrive\Desktop\computer_science\work\GenericWeb\backend\venv\Lib\site-packages\rest_framework\views.py", line 506, in dispatch
    response = handler(request, *args, **kwargs)
               ^^^^^^^^^^^^^^^^^^^^^^^^^^^^^^^^^
  File "C:\Users\User\OneDrive\Desktop\computer_science\work\GenericWeb\backend\venv\Lib\site-packages\rest_framework\decorators.py", line 50, in handler
    return func(*args, **kwargs)
           ^^^^^^^^^^^^^^^^^^^^^
  File "C:\Users\User\OneDrive\Desktop\computer_science\work\GenericWeb\backend\generic3\api\views.py", line 67, in login
    return Response({"token":token.key,"user":data})
                            ^^^^^^^^^
AttributeError: 'tuple' object has no attribute 'key'
"POST /api/v1/login/ HTTP/1.1" 500 120421
C:\Users\User\OneDrive\Desktop\computer_science\work\GenericWeb\backend\generic3\api\views.py changed, reloading.
Watching for file changes with StatReloader
"POST /api/v1/login/ HTTP/1.1" 200 633
Not Found: /
"GET / HTTP/1.1" 404 12906
Not Found: /firebase-messaging-sw.js
"GET /firebase-messaging-sw.js HTTP/1.1" 404 13019
Internal Server Error: /api/v1/login/
Traceback (most recent call last):
  File "C:\Users\User\OneDrive\Desktop\computer_science\work\GenericWeb\backend\venv\Lib\site-packages\django\core\handlers\exception.py", line 55, in inner
    response = get_response(request)
               ^^^^^^^^^^^^^^^^^^^^^
  File "C:\Users\User\OneDrive\Desktop\computer_science\work\GenericWeb\backend\venv\Lib\site-packages\django\core\handlers\base.py", line 197, in _get_response
    response = wrapped_callback(request, *callback_args, **callback_kwargs)
               ^^^^^^^^^^^^^^^^^^^^^^^^^^^^^^^^^^^^^^^^^^^^^^^^^^^^^^^^^^^^
  File "C:\Users\User\OneDrive\Desktop\computer_science\work\GenericWeb\backend\venv\Lib\site-packages\django\views\decorators\csrf.py", line 56, in wrapper_view
    return view_func(*args, **kwargs)
           ^^^^^^^^^^^^^^^^^^^^^^^^^^
  File "C:\Users\User\OneDrive\Desktop\computer_science\work\GenericWeb\backend\venv\Lib\site-packages\django\views\generic\base.py", line 104, in view
    return self.dispatch(request, *args, **kwargs)
           ^^^^^^^^^^^^^^^^^^^^^^^^^^^^^^^^^^^^^^^
  File "C:\Users\User\OneDrive\Desktop\computer_science\work\GenericWeb\backend\venv\Lib\site-packages\rest_framework\views.py", line 509, in dispatch
    response = self.handle_exception(exc)
               ^^^^^^^^^^^^^^^^^^^^^^^^^^
  File "C:\Users\User\OneDrive\Desktop\computer_science\work\GenericWeb\backend\venv\Lib\site-packages\rest_framework\views.py", line 469, in handle_exception
    self.raise_uncaught_exception(exc)
  File "C:\Users\User\OneDrive\Desktop\computer_science\work\GenericWeb\backend\venv\Lib\site-packages\rest_framework\views.py", line 480, in raise_uncaught_exception
    raise exc
  File "C:\Users\User\OneDrive\Desktop\computer_science\work\GenericWeb\backend\venv\Lib\site-packages\rest_framework\views.py", line 506, in dispatch
    response = handler(request, *args, **kwargs)
               ^^^^^^^^^^^^^^^^^^^^^^^^^^^^^^^^^
  File "C:\Users\User\OneDrive\Desktop\computer_science\work\GenericWeb\backend\venv\Lib\site-packages\rest_framework\decorators.py", line 50, in handler
    return func(*args, **kwargs)
           ^^^^^^^^^^^^^^^^^^^^^
  File "C:\Users\User\OneDrive\Desktop\computer_science\work\GenericWeb\backend\generic3\api\views.py", line 54, in login
    clinic_modules = ClinicModules.objects.filter(clinic_id=clinic_id).exclude(Q(module_id__in=[1, 2])).values_list('module_id', flat=True)
                                                            ^^^^^^^^^
UnboundLocalError: cannot access local variable 'clinic_id' where it is not associated with a value
"POST /api/v1/login/ HTTP/1.1" 500 120695
C:\Users\User\OneDrive\Desktop\computer_science\work\GenericWeb\backend\generic3\api\views.py changed, reloading.
Watching for file changes with StatReloader
Internal Server Error: /api/v1/login/
Traceback (most recent call last):
  File "C:\Users\User\OneDrive\Desktop\computer_science\work\GenericWeb\backend\venv\Lib\site-packages\django\core\handlers\exception.py", line 55, in inner
    response = get_response(request)
               ^^^^^^^^^^^^^^^^^^^^^
  File "C:\Users\User\OneDrive\Desktop\computer_science\work\GenericWeb\backend\venv\Lib\site-packages\django\core\handlers\base.py", line 197, in _get_response
    response = wrapped_callback(request, *callback_args, **callback_kwargs)
               ^^^^^^^^^^^^^^^^^^^^^^^^^^^^^^^^^^^^^^^^^^^^^^^^^^^^^^^^^^^^
  File "C:\Users\User\OneDrive\Desktop\computer_science\work\GenericWeb\backend\venv\Lib\site-packages\django\views\decorators\csrf.py", line 56, in wrapper_view
    return view_func(*args, **kwargs)
           ^^^^^^^^^^^^^^^^^^^^^^^^^^
  File "C:\Users\User\OneDrive\Desktop\computer_science\work\GenericWeb\backend\venv\Lib\site-packages\django\views\generic\base.py", line 104, in view
    return self.dispatch(request, *args, **kwargs)
           ^^^^^^^^^^^^^^^^^^^^^^^^^^^^^^^^^^^^^^^
  File "C:\Users\User\OneDrive\Desktop\computer_science\work\GenericWeb\backend\venv\Lib\site-packages\rest_framework\views.py", line 509, in dispatch
    response = self.handle_exception(exc)
               ^^^^^^^^^^^^^^^^^^^^^^^^^^
  File "C:\Users\User\OneDrive\Desktop\computer_science\work\GenericWeb\backend\venv\Lib\site-packages\rest_framework\views.py", line 469, in handle_exception
    self.raise_uncaught_exception(exc)
  File "C:\Users\User\OneDrive\Desktop\computer_science\work\GenericWeb\backend\venv\Lib\site-packages\rest_framework\views.py", line 480, in raise_uncaught_exception
    raise exc
  File "C:\Users\User\OneDrive\Desktop\computer_science\work\GenericWeb\backend\venv\Lib\site-packages\rest_framework\views.py", line 506, in dispatch
    response = handler(request, *args, **kwargs)
               ^^^^^^^^^^^^^^^^^^^^^^^^^^^^^^^^^
  File "C:\Users\User\OneDrive\Desktop\computer_science\work\GenericWeb\backend\venv\Lib\site-packages\rest_framework\decorators.py", line 50, in handler
    return func(*args, **kwargs)
           ^^^^^^^^^^^^^^^^^^^^^
  File "C:\Users\User\OneDrive\Desktop\computer_science\work\GenericWeb\backend\generic3\api\views.py", line 55, in login
    clinic_modules = ClinicModules.objects.filter(clinic_id=clinic_id).exclude(Q(module_id__in=[1, 2])).values_list('module_id', flat=True)
                                                            ^^^^^^^^^
UnboundLocalError: cannot access local variable 'clinic_id' where it is not associated with a value
"POST /api/v1/login/ HTTP/1.1" 500 120697
C:\Users\User\OneDrive\Desktop\computer_science\work\GenericWeb\backend\generic3\api\views.py changed, reloading.
Watching for file changes with StatReloader
Internal Server Error: /api/v1/login/
Traceback (most recent call last):
  File "C:\Users\User\OneDrive\Desktop\computer_science\work\GenericWeb\backend\venv\Lib\site-packages\django\core\handlers\exception.py", line 55, in inner
    response = get_response(request)
               ^^^^^^^^^^^^^^^^^^^^^
  File "C:\Users\User\OneDrive\Desktop\computer_science\work\GenericWeb\backend\venv\Lib\site-packages\django\core\handlers\base.py", line 197, in _get_response
    response = wrapped_callback(request, *callback_args, **callback_kwargs)
               ^^^^^^^^^^^^^^^^^^^^^^^^^^^^^^^^^^^^^^^^^^^^^^^^^^^^^^^^^^^^
  File "C:\Users\User\OneDrive\Desktop\computer_science\work\GenericWeb\backend\venv\Lib\site-packages\django\views\decorators\csrf.py", line 56, in wrapper_view
    return view_func(*args, **kwargs)
           ^^^^^^^^^^^^^^^^^^^^^^^^^^
  File "C:\Users\User\OneDrive\Desktop\computer_science\work\GenericWeb\backend\venv\Lib\site-packages\django\views\generic\base.py", line 104, in view
    return self.dispatch(request, *args, **kwargs)
           ^^^^^^^^^^^^^^^^^^^^^^^^^^^^^^^^^^^^^^^
  File "C:\Users\User\OneDrive\Desktop\computer_science\work\GenericWeb\backend\venv\Lib\site-packages\rest_framework\views.py", line 509, in dispatch
    response = self.handle_exception(exc)
               ^^^^^^^^^^^^^^^^^^^^^^^^^^
  File "C:\Users\User\OneDrive\Desktop\computer_science\work\GenericWeb\backend\venv\Lib\site-packages\rest_framework\views.py", line 469, in handle_exception
    self.raise_uncaught_exception(exc)
  File "C:\Users\User\OneDrive\Desktop\computer_science\work\GenericWeb\backend\venv\Lib\site-packages\rest_framework\views.py", line 480, in raise_uncaught_exception
    raise exc
  File "C:\Users\User\OneDrive\Desktop\computer_science\work\GenericWeb\backend\venv\Lib\site-packages\rest_framework\views.py", line 506, in dispatch
    response = handler(request, *args, **kwargs)
               ^^^^^^^^^^^^^^^^^^^^^^^^^^^^^^^^^
  File "C:\Users\User\OneDrive\Desktop\computer_science\work\GenericWeb\backend\venv\Lib\site-packages\rest_framework\decorators.py", line 50, in handler
    return func(*args, **kwargs)
           ^^^^^^^^^^^^^^^^^^^^^
  File "C:\Users\User\OneDrive\Desktop\computer_science\work\GenericWeb\backend\generic3\api\views.py", line 40, in login
    if clinics_id.count() == 0:
       ^^^^^^^^^^^^^^^^^^
TypeError: list.count() takes exactly one argument (0 given)
"POST /api/v1/login/ HTTP/1.1" 500 119347
C:\Users\User\OneDrive\Desktop\computer_science\work\GenericWeb\backend\generic3\api\views.py changed, reloading.
Watching for file changes with StatReloader
Not Found: /api/v1/login/
"POST /api/v1/login/ HTTP/1.1" 404 29
C:\Users\User\OneDrive\Desktop\computer_science\work\GenericWeb\backend\generic3\api\views.py changed, reloading.
Watching for file changes with StatReloader
"POST /api/v1/login/ HTTP/1.1" 200 654
Not Found: /api/v1/login/
"POST /api/v1/login/ HTTP/1.1" 404 23
"GET /admin/users/user/ HTTP/1.1" 200 27162
"GET /admin/jsi18n/ HTTP/1.1" 200 3343
Not Found: /firebase-messaging-sw.js
"GET /firebase-messaging-sw.js HTTP/1.1" 404 13019
Not Found: /api/v1/login/
"POST /api/v1/login/ HTTP/1.1" 404 23
"GET /admin/users/user/4/change/ HTTP/1.1" 200 33375
"GET /admin/jsi18n/ HTTP/1.1" 200 3343
Not Found: /firebase-messaging-sw.js
"GET /firebase-messaging-sw.js HTTP/1.1" 404 13019
"POST /admin/users/user/4/change/ HTTP/1.1" 302 0
"GET /admin/users/user/ HTTP/1.1" 200 27377
"GET /admin/jsi18n/ HTTP/1.1" 200 3343
Not Found: /firebase-messaging-sw.js
"GET /firebase-messaging-sw.js HTTP/1.1" 404 13020
"POST /api/v1/login/ HTTP/1.1" 200 666
Watching for file changes with StatReloader
"POST /api/v1/login/ HTTP/1.1" 200 666
"POST /api/v1/login/ HTTP/1.1" 200 633
"POST /api/v1/login/ HTTP/1.1" 200 633
C:\Users\User\OneDrive\Desktop\computer_science\work\GenericWeb\backend\generic3\api\views.py changed, reloading.
Watching for file changes with StatReloader
C:\Users\User\OneDrive\Desktop\computer_science\work\GenericWeb\backend\generic3\api\views.py changed, reloading.
Watching for file changes with StatReloader
C:\Users\User\OneDrive\Desktop\computer_science\work\GenericWeb\backend\generic3\api\views.py changed, reloading.
Watching for file changes with StatReloader
"POST /api/v1/login/ HTTP/1.1" 200 633
C:\Users\User\OneDrive\Desktop\computer_science\work\GenericWeb\backend\generic3\api\views.py changed, reloading.
Watching for file changes with StatReloader
Watching for file changes with StatReloader
"GET /admin HTTP/1.1" 301 0
"GET /admin/ HTTP/1.1" 302 0
"GET /admin/login/?next=/admin/ HTTP/1.1" 302 0
"GET /account/login/?next=/admin/ HTTP/1.1" 200 10927
"GET /static/debug_toolbar/css/toolbar.css HTTP/1.1" 304 0
"GET /static/debug_toolbar/js/toolbar.js HTTP/1.1" 304 0
"GET /static/debug_toolbar/css/print.css HTTP/1.1" 304 0
"GET /static/debug_toolbar/js/utils.js HTTP/1.1" 304 0
Not Found: /favicon.ico
"GET /favicon.ico HTTP/1.1" 404 12968
"POST /account/login/?next=/admin/ HTTP/1.1" 200 10805
"POST /account/login/?next=/admin/ HTTP/1.1" 302 0
"GET /admin/ HTTP/1.1" 200 26748
"GET /static/admin/css/dark_mode.css HTTP/1.1" 200 2929
"GET /static/admin/css/base.css HTTP/1.1" 200 21207
"GET /static/admin/css/nav_sidebar.css HTTP/1.1" 200 2694
"GET /static/admin/css/dashboard.css HTTP/1.1" 200 441
"GET /static/admin/css/responsive.css HTTP/1.1" 200 18557
"GET /static/admin/js/theme.js HTTP/1.1" 200 1943
"GET /static/admin/js/nav_sidebar.js HTTP/1.1" 200 3063
"GET /static/admin/img/icon-addlink.svg HTTP/1.1" 200 331
"GET /static/admin/img/icon-changelink.svg HTTP/1.1" 200 380
"GET /static/admin/img/icon-deletelink.svg HTTP/1.1" 200 392
"GET /admin/clinics/modules/ HTTP/1.1" 200 22807
"GET /static/admin/css/changelists.css HTTP/1.1" 200 6584
"GET /static/admin/js/jquery.init.js HTTP/1.1" 200 347
"GET /static/admin/js/core.js HTTP/1.1" 200 5682
"GET /static/admin/js/admin/RelatedObjectLookups.js HTTP/1.1" 200 8943
"GET /static/admin/js/urlify.js HTTP/1.1" 200 7887
"GET /static/admin/js/actions.js HTTP/1.1" 200 7872
"GET /static/admin/js/prepopulate.js HTTP/1.1" 200 1531
"GET /admin/jsi18n/ HTTP/1.1" 200 3343
"GET /static/admin/js/vendor/jquery/jquery.js HTTP/1.1" 200 292458
"GET /static/admin/js/filters.js HTTP/1.1" 200 978
"GET /static/admin/js/vendor/xregexp/xregexp.js HTTP/1.1" 200 232381
"GET /static/admin/img/tooltag-add.svg HTTP/1.1" 200 331
"GET /admin/clinics/modules/add/ HTTP/1.1" 200 23576
"GET /static/admin/css/forms.css HTTP/1.1" 200 8953
"GET /static/admin/js/prepopulate_init.js HTTP/1.1" 200 586
"GET /static/admin/css/widgets.css HTTP/1.1" 200 11952
"GET /static/admin/js/change_form.js HTTP/1.1" 200 606
"GET /admin/jsi18n/ HTTP/1.1" 200 3343
"POST /admin/clinics/modules/add/ HTTP/1.1" 302 0
"GET /admin/clinics/modules/ HTTP/1.1" 200 24174
"GET /admin/jsi18n/ HTTP/1.1" 200 3343
"GET /static/admin/img/icon-yes.svg HTTP/1.1" 200 436
"GET /admin/clinics/modules/add/ HTTP/1.1" 200 23576
"GET /admin/jsi18n/ HTTP/1.1" 200 3343
"POST /admin/clinics/modules/add/ HTTP/1.1" 302 0
"GET /admin/clinics/modules/ HTTP/1.1" 200 24385
"GET /admin/jsi18n/ HTTP/1.1" 200 3343
"GET /admin/clinics/modules/add/ HTTP/1.1" 200 23576
"GET /admin/jsi18n/ HTTP/1.1" 200 3343
"POST /admin/clinics/modules/add/ HTTP/1.1" 302 0
"GET /admin/clinics/modules/ HTTP/1.1" 200 24588
"GET /admin/jsi18n/ HTTP/1.1" 200 3343
"GET /admin/clinics/modules/add/ HTTP/1.1" 200 23576
"GET /admin/jsi18n/ HTTP/1.1" 200 3343
"POST /admin/clinics/modules/add/ HTTP/1.1" 302 0
"GET /admin/clinics/modules/ HTTP/1.1" 200 24804
"GET /admin/jsi18n/ HTTP/1.1" 200 3343
"GET /admin/clinics/modules/add/ HTTP/1.1" 200 23576
"GET /admin/jsi18n/ HTTP/1.1" 200 3343
"POST /admin/clinics/modules/add/ HTTP/1.1" 302 0
"GET /admin/clinics/modules/ HTTP/1.1" 200 25016
"GET /admin/jsi18n/ HTTP/1.1" 200 3343
"GET /admin/clinics/modules/add/ HTTP/1.1" 200 23576
"GET /admin/jsi18n/ HTTP/1.1" 200 3343
"POST /admin/clinics/modules/add/ HTTP/1.1" 302 0
"GET /admin/clinics/modules/ HTTP/1.1" 200 25236
"GET /admin/jsi18n/ HTTP/1.1" 200 3343
"GET /admin/clinics/modules/add/ HTTP/1.1" 200 23576
"GET /admin/jsi18n/ HTTP/1.1" 200 3343
"POST /admin/clinics/modules/add/ HTTP/1.1" 302 0
"GET /admin/clinics/modules/ HTTP/1.1" 200 25432
"GET /admin/jsi18n/ HTTP/1.1" 200 3343
"GET /admin/clinics/modules/add/ HTTP/1.1" 200 23576
"GET /admin/jsi18n/ HTTP/1.1" 200 3343
"POST /admin/clinics/modules/add/ HTTP/1.1" 302 0
"GET /admin/clinics/modules/ HTTP/1.1" 200 25650
"GET /admin/jsi18n/ HTTP/1.1" 200 3343
"GET /admin/clinics/clinicmodules/ HTTP/1.1" 200 22860
"GET /admin/jsi18n/ HTTP/1.1" 200 3343
"GET /admin/clinics/clinicmodules/add/ HTTP/1.1" 200 26521
"GET /static/admin/img/icon-viewlink.svg HTTP/1.1" 200 581
"GET /admin/jsi18n/ HTTP/1.1" 200 3343
"POST /admin/clinics/clinicmodules/add/ HTTP/1.1" 302 0
"GET /admin/clinics/clinicmodules/ HTTP/1.1" 200 24276
"GET /admin/jsi18n/ HTTP/1.1" 200 3343
"GET /admin/clinics/clinicmodules/add/ HTTP/1.1" 200 26521
"GET /admin/jsi18n/ HTTP/1.1" 200 3343
"POST /admin/clinics/clinicmodules/add/ HTTP/1.1" 302 0
"GET /admin/clinics/clinicmodules/ HTTP/1.1" 200 24502
"GET /admin/jsi18n/ HTTP/1.1" 200 3343
"GET /admin/clinics/clinicmodules/add/ HTTP/1.1" 200 26521
"GET /admin/jsi18n/ HTTP/1.1" 200 3343
"POST /admin/clinics/clinicmodules/add/ HTTP/1.1" 302 0
"GET /admin/clinics/clinicmodules/ HTTP/1.1" 200 24719
"GET /admin/jsi18n/ HTTP/1.1" 200 3343
"GET /admin/clinics/clinicmodules/add/ HTTP/1.1" 200 26521
"GET /admin/jsi18n/ HTTP/1.1" 200 3343
"POST /admin/clinics/clinicmodules/add/ HTTP/1.1" 302 0
"GET /admin/clinics/clinicmodules/ HTTP/1.1" 200 24949
"GET /admin/jsi18n/ HTTP/1.1" 200 3343
"GET /admin/clinics/clinicmodules/add/ HTTP/1.1" 200 26520
"GET /admin/jsi18n/ HTTP/1.1" 200 3343
"POST /admin/clinics/clinicmodules/add/ HTTP/1.1" 302 0
"GET /admin/clinics/clinicmodules/ HTTP/1.1" 200 25175
"GET /admin/jsi18n/ HTTP/1.1" 200 3343
"GET /admin/clinics/clinicmodules/add/ HTTP/1.1" 200 26520
"GET /admin/jsi18n/ HTTP/1.1" 200 3343
"POST /admin/clinics/clinicmodules/add/ HTTP/1.1" 302 0
"GET /admin/clinics/clinicmodules/ HTTP/1.1" 200 25409
"GET /admin/jsi18n/ HTTP/1.1" 200 3343
"POST /api/v1/login/ HTTP/1.1" 200 700
"GET /admin/clinics/clinicmodules/add/ HTTP/1.1" 200 26520
"GET /admin/jsi18n/ HTTP/1.1" 200 3343
"POST /admin/clinics/clinicmodules/add/ HTTP/1.1" 302 0
"GET /admin/clinics/clinicmodules/ HTTP/1.1" 200 25619
"GET /admin/jsi18n/ HTTP/1.1" 200 3343
"GET /admin/clinics/clinicmodules/add/ HTTP/1.1" 200 26520
"GET /admin/jsi18n/ HTTP/1.1" 200 3343
"POST /admin/clinics/clinicmodules/add/ HTTP/1.1" 302 0
"GET /admin/clinics/clinicmodules/ HTTP/1.1" 200 25851
"GET /admin/jsi18n/ HTTP/1.1" 200 3343
"POST /api/v1/login/ HTTP/1.1" 200 728
C:\Users\User\OneDrive\Desktop\computer_science\work\GenericWeb\backend\generic3\api\views.py changed, reloading.
Watching for file changes with StatReloader
"POST /api/v1/login/ HTTP/1.1" 200 767
C:\Users\User\OneDrive\Desktop\computer_science\work\GenericWeb\backend\generic3\api\views.py changed, reloading.
Watching for file changes with StatReloader
"POST /api/v1/login/ HTTP/1.1" 200 751
C:\Users\User\OneDrive\Desktop\computer_science\work\GenericWeb\backend\generic3\api\views.py changed, reloading.
Watching for file changes with StatReloader
"POST /api/v1/login/ HTTP/1.1" 200 863
C:\Users\User\OneDrive\Desktop\computer_science\work\GenericWeb\backend\generic3\generic3\settings.py changed, reloading.
Watching for file changes with StatReloader
"GET /admin/clinics/clinicmodules/ HTTP/1.1" 200 25625
"GET /admin/jsi18n/ HTTP/1.1" 200 3343
Forbidden: /api/v1/login/
"POST /api/v1/login/ HTTP/1.1" 403 108
"POST /api/v1/login/ HTTP/1.1" 200 863
Forbidden: /api/v1/login/
"POST /api/v1/login/ HTTP/1.1" 403 108
Forbidden: /api/v1/login/
"POST /api/v1/login/ HTTP/1.1" 403 108
"GET /admin/clinics/doctorclinic/ HTTP/1.1" 200 24039
"GET /admin/jsi18n/ HTTP/1.1" 200 3343
"GET /admin/clinics/doctorclinic/1/change/ HTTP/1.1" 200 26506
"GET /admin/jsi18n/ HTTP/1.1" 200 3343
C:\Users\User\OneDrive\Desktop\computer_science\work\GenericWeb\backend\generic3\api\views.py changed, reloading.
Watching for file changes with StatReloader
Forbidden: /api/v1/login/
"POST /api/v1/login/ HTTP/1.1" 403 108
C:\Users\User\OneDrive\Desktop\computer_science\work\GenericWeb\backend\generic3\api\views.py changed, reloading.
Watching for file changes with StatReloader
C:\Users\User\OneDrive\Desktop\computer_science\work\GenericWeb\backend\generic3\api\views.py changed, reloading.
Watching for file changes with StatReloader
Forbidden: /api/v1/login/
"POST /api/v1/login/ HTTP/1.1" 403 108
Forbidden: /api/v1/login/
"POST /api/v1/login/ HTTP/1.1" 403 45
Forbidden: /api/v1/login/
"POST /api/v1/login/ HTTP/1.1" 403 108
"POST /api/v1/login/ HTTP/1.1" 200 863
C:\Users\User\OneDrive\Desktop\computer_science\work\GenericWeb\backend\generic3\generic3\settings.py changed, reloading.
Watching for file changes with StatReloader
C:\Users\User\OneDrive\Desktop\computer_science\work\GenericWeb\backend\generic3\generic3\settings.py changed, reloading.
Watching for file changes with StatReloader
C:\Users\User\OneDrive\Desktop\computer_science\work\GenericWeb\backend\generic3\generic3\settings.py changed, reloading.
Watching for file changes with StatReloader
Watching for file changes with StatReloader
"OPTIONS /api/v1/login/ HTTP/1.1" 200 0
"POST /api/v1/login/ HTTP/1.1" 200 863
Invalid HTTP_HOST header: '10.16.38.127:8001'. You may need to add '10.16.38.127' to ALLOWED_HOSTS.
Traceback (most recent call last):
  File "C:\Users\User\OneDrive\Desktop\computer_science\work\GenericWeb\backend\venv\Lib\site-packages\django\core\handlers\exception.py", line 55, in inner
    response = get_response(request)
               ^^^^^^^^^^^^^^^^^^^^^
  File "C:\Users\User\OneDrive\Desktop\computer_science\work\GenericWeb\backend\venv\Lib\site-packages\django\utils\deprecation.py", line 133, in __call__
    response = self.process_request(request)
               ^^^^^^^^^^^^^^^^^^^^^^^^^^^^^
  File "C:\Users\User\OneDrive\Desktop\computer_science\work\GenericWeb\backend\venv\Lib\site-packages\django\middleware\common.py", line 48, in process_request
    host = request.get_host()
           ^^^^^^^^^^^^^^^^^^
  File "C:\Users\User\OneDrive\Desktop\computer_science\work\GenericWeb\backend\venv\Lib\site-packages\django\http\request.py", line 167, in get_host
    raise DisallowedHost(msg)
django.core.exceptions.DisallowedHost: Invalid HTTP_HOST header: '10.16.38.127:8001'. You may need to add '10.16.38.127' to ALLOWED_HOSTS.
Bad Request: /api/v1/login/
"POST /api/v1/login/ HTTP/1.1" 400 78913
Invalid HTTP_HOST header: '10.16.38.127:8001'. You may need to add '10.16.38.127' to ALLOWED_HOSTS.
Traceback (most recent call last):
  File "C:\Users\User\OneDrive\Desktop\computer_science\work\GenericWeb\backend\venv\Lib\site-packages\django\core\handlers\exception.py", line 55, in inner
    response = get_response(request)
               ^^^^^^^^^^^^^^^^^^^^^
  File "C:\Users\User\OneDrive\Desktop\computer_science\work\GenericWeb\backend\venv\Lib\site-packages\django\utils\deprecation.py", line 133, in __call__
    response = self.process_request(request)
               ^^^^^^^^^^^^^^^^^^^^^^^^^^^^^
  File "C:\Users\User\OneDrive\Desktop\computer_science\work\GenericWeb\backend\venv\Lib\site-packages\django\middleware\common.py", line 48, in process_request
    host = request.get_host()
           ^^^^^^^^^^^^^^^^^^
  File "C:\Users\User\OneDrive\Desktop\computer_science\work\GenericWeb\backend\venv\Lib\site-packages\django\http\request.py", line 167, in get_host
    raise DisallowedHost(msg)
django.core.exceptions.DisallowedHost: Invalid HTTP_HOST header: '10.16.38.127:8001'. You may need to add '10.16.38.127' to ALLOWED_HOSTS.
Bad Request: /api/v1/login/
"POST /api/v1/login/ HTTP/1.1" 400 78913
C:\Users\User\OneDrive\Desktop\computer_science\work\GenericWeb\backend\generic3\generic3\settings.py changed, reloading.
Watching for file changes with StatReloader
Invalid HTTP_HOST header: '10.16.38.127:8001'. You may need to add '10.16.38.127' to ALLOWED_HOSTS.
Traceback (most recent call last):
  File "C:\Users\User\OneDrive\Desktop\computer_science\work\GenericWeb\backend\venv\Lib\site-packages\django\core\handlers\exception.py", line 55, in inner
    response = get_response(request)
               ^^^^^^^^^^^^^^^^^^^^^
  File "C:\Users\User\OneDrive\Desktop\computer_science\work\GenericWeb\backend\venv\Lib\site-packages\django\utils\deprecation.py", line 133, in __call__
    response = self.process_request(request)
               ^^^^^^^^^^^^^^^^^^^^^^^^^^^^^
  File "C:\Users\User\OneDrive\Desktop\computer_science\work\GenericWeb\backend\venv\Lib\site-packages\django\middleware\common.py", line 48, in process_request
    host = request.get_host()
           ^^^^^^^^^^^^^^^^^^
  File "C:\Users\User\OneDrive\Desktop\computer_science\work\GenericWeb\backend\venv\Lib\site-packages\django\http\request.py", line 167, in get_host
    raise DisallowedHost(msg)
django.core.exceptions.DisallowedHost: Invalid HTTP_HOST header: '10.16.38.127:8001'. You may need to add '10.16.38.127' to ALLOWED_HOSTS.
Bad Request: /api/v1/login/
"POST /api/v1/login/ HTTP/1.1" 400 78913
Watching for file changes with StatReloader
"POST /api/v1/login/ HTTP/1.1" 200 863
C:\Users\User\OneDrive\Desktop\computer_science\work\GenericWeb\backend\generic3\api\views.py changed, reloading.
Watching for file changes with StatReloader
C:\Users\User\OneDrive\Desktop\computer_science\work\GenericWeb\backend\generic3\generic3\settings.py changed, reloading.
Watching for file changes with StatReloader
"POST /api/v1/login/ HTTP/1.1" 200 863
C:\Users\User\OneDrive\Desktop\computer_science\work\GenericWeb\backend\generic3\generic3\settings.py changed, reloading.
Watching for file changes with StatReloader
C:\Users\User\OneDrive\Desktop\computer_science\work\GenericWeb\backend\generic3\api\views.py changed, reloading.
Watching for file changes with StatReloader
C:\Users\User\OneDrive\Desktop\computer_science\work\GenericWeb\backend\generic3\api\views.py changed, reloading.
Watching for file changes with StatReloader
Not Found: /api/v1/login/
"POST /api/v1/login/ HTTP/1.1" 404 29
C:\Users\User\OneDrive\Desktop\computer_science\work\GenericWeb\backend\generic3\api\views.py changed, reloading.
Watching for file changes with StatReloader
Internal Server Error: /api/v1/login/
Traceback (most recent call last):
  File "C:\Users\User\OneDrive\Desktop\computer_science\work\GenericWeb\backend\venv\Lib\site-packages\django\core\handlers\exception.py", line 55, in inner
    response = get_response(request)
               ^^^^^^^^^^^^^^^^^^^^^
  File "C:\Users\User\OneDrive\Desktop\computer_science\work\GenericWeb\backend\venv\Lib\site-packages\django\core\handlers\base.py", line 197, in _get_response
    response = wrapped_callback(request, *callback_args, **callback_kwargs)
               ^^^^^^^^^^^^^^^^^^^^^^^^^^^^^^^^^^^^^^^^^^^^^^^^^^^^^^^^^^^^
  File "C:\Users\User\OneDrive\Desktop\computer_science\work\GenericWeb\backend\venv\Lib\site-packages\django\views\decorators\csrf.py", line 56, in wrapper_view
    return view_func(*args, **kwargs)
           ^^^^^^^^^^^^^^^^^^^^^^^^^^
  File "C:\Users\User\OneDrive\Desktop\computer_science\work\GenericWeb\backend\venv\Lib\site-packages\django\views\generic\base.py", line 104, in view
    return self.dispatch(request, *args, **kwargs)
           ^^^^^^^^^^^^^^^^^^^^^^^^^^^^^^^^^^^^^^^
  File "C:\Users\User\OneDrive\Desktop\computer_science\work\GenericWeb\backend\venv\Lib\site-packages\rest_framework\views.py", line 509, in dispatch
    response = self.handle_exception(exc)
               ^^^^^^^^^^^^^^^^^^^^^^^^^^
  File "C:\Users\User\OneDrive\Desktop\computer_science\work\GenericWeb\backend\venv\Lib\site-packages\rest_framework\views.py", line 469, in handle_exception
    self.raise_uncaught_exception(exc)
  File "C:\Users\User\OneDrive\Desktop\computer_science\work\GenericWeb\backend\venv\Lib\site-packages\rest_framework\views.py", line 480, in raise_uncaught_exception
    raise exc
  File "C:\Users\User\OneDrive\Desktop\computer_science\work\GenericWeb\backend\venv\Lib\site-packages\rest_framework\views.py", line 506, in dispatch
    response = handler(request, *args, **kwargs)
               ^^^^^^^^^^^^^^^^^^^^^^^^^^^^^^^^^
  File "C:\Users\User\OneDrive\Desktop\computer_science\work\GenericWeb\backend\venv\Lib\site-packages\rest_framework\decorators.py", line 50, in handler
    return func(*args, **kwargs)
           ^^^^^^^^^^^^^^^^^^^^^
  File "C:\Users\User\OneDrive\Desktop\computer_science\work\GenericWeb\backend\generic3\api\views.py", line 89, in login
    'clinicId': clinic_id if clinic_id else None,
                             ^^^^^^^^^
UnboundLocalError: cannot access local variable 'clinic_id' where it is not associated with a value
"POST /api/v1/login/ HTTP/1.1" 500 119865
C:\Users\User\OneDrive\Desktop\computer_science\work\GenericWeb\backend\generic3\api\views.py changed, reloading.
Watching for file changes with StatReloader
C:\Users\User\OneDrive\Desktop\computer_science\work\GenericWeb\backend\generic3\api\views.py changed, reloading.
Watching for file changes with StatReloader
Internal Server Error: /api/v1/login/
Traceback (most recent call last):
  File "C:\Users\User\OneDrive\Desktop\computer_science\work\GenericWeb\backend\venv\Lib\site-packages\django\core\handlers\exception.py", line 55, in inner
    response = get_response(request)
               ^^^^^^^^^^^^^^^^^^^^^
  File "C:\Users\User\OneDrive\Desktop\computer_science\work\GenericWeb\backend\venv\Lib\site-packages\django\core\handlers\base.py", line 197, in _get_response
    response = wrapped_callback(request, *callback_args, **callback_kwargs)
               ^^^^^^^^^^^^^^^^^^^^^^^^^^^^^^^^^^^^^^^^^^^^^^^^^^^^^^^^^^^^
  File "C:\Users\User\OneDrive\Desktop\computer_science\work\GenericWeb\backend\venv\Lib\site-packages\django\views\decorators\csrf.py", line 56, in wrapper_view
    return view_func(*args, **kwargs)
           ^^^^^^^^^^^^^^^^^^^^^^^^^^
  File "C:\Users\User\OneDrive\Desktop\computer_science\work\GenericWeb\backend\venv\Lib\site-packages\django\views\generic\base.py", line 104, in view
    return self.dispatch(request, *args, **kwargs)
           ^^^^^^^^^^^^^^^^^^^^^^^^^^^^^^^^^^^^^^^
  File "C:\Users\User\OneDrive\Desktop\computer_science\work\GenericWeb\backend\venv\Lib\site-packages\rest_framework\views.py", line 509, in dispatch
    response = self.handle_exception(exc)
               ^^^^^^^^^^^^^^^^^^^^^^^^^^
  File "C:\Users\User\OneDrive\Desktop\computer_science\work\GenericWeb\backend\venv\Lib\site-packages\rest_framework\views.py", line 469, in handle_exception
    self.raise_uncaught_exception(exc)
  File "C:\Users\User\OneDrive\Desktop\computer_science\work\GenericWeb\backend\venv\Lib\site-packages\rest_framework\views.py", line 480, in raise_uncaught_exception
    raise exc
  File "C:\Users\User\OneDrive\Desktop\computer_science\work\GenericWeb\backend\venv\Lib\site-packages\rest_framework\views.py", line 506, in dispatch
    response = handler(request, *args, **kwargs)
               ^^^^^^^^^^^^^^^^^^^^^^^^^^^^^^^^^
  File "C:\Users\User\OneDrive\Desktop\computer_science\work\GenericWeb\backend\venv\Lib\site-packages\rest_framework\decorators.py", line 50, in handler
    return func(*args, **kwargs)
           ^^^^^^^^^^^^^^^^^^^^^
  File "C:\Users\User\OneDrive\Desktop\computer_science\work\GenericWeb\backend\generic3\api\views.py", line 90, in login
    'clinicName': clinic_data['name'] if clinic_data else None,
                                         ^^^^^^^^^^^
UnboundLocalError: cannot access local variable 'clinic_data' where it is not associated with a value
"POST /api/v1/login/ HTTP/1.1" 500 120048
C:\Users\User\OneDrive\Desktop\computer_science\work\GenericWeb\backend\generic3\api\views.py changed, reloading.
Watching for file changes with StatReloader
Internal Server Error: /api/v1/login/
Traceback (most recent call last):
  File "C:\Users\User\OneDrive\Desktop\computer_science\work\GenericWeb\backend\venv\Lib\site-packages\django\core\handlers\exception.py", line 55, in inner
    response = get_response(request)
               ^^^^^^^^^^^^^^^^^^^^^
  File "C:\Users\User\OneDrive\Desktop\computer_science\work\GenericWeb\backend\venv\Lib\site-packages\django\core\handlers\base.py", line 197, in _get_response
    response = wrapped_callback(request, *callback_args, **callback_kwargs)
               ^^^^^^^^^^^^^^^^^^^^^^^^^^^^^^^^^^^^^^^^^^^^^^^^^^^^^^^^^^^^
  File "C:\Users\User\OneDrive\Desktop\computer_science\work\GenericWeb\backend\venv\Lib\site-packages\django\views\decorators\csrf.py", line 56, in wrapper_view
    return view_func(*args, **kwargs)
           ^^^^^^^^^^^^^^^^^^^^^^^^^^
  File "C:\Users\User\OneDrive\Desktop\computer_science\work\GenericWeb\backend\venv\Lib\site-packages\django\views\generic\base.py", line 104, in view
    return self.dispatch(request, *args, **kwargs)
           ^^^^^^^^^^^^^^^^^^^^^^^^^^^^^^^^^^^^^^^
  File "C:\Users\User\OneDrive\Desktop\computer_science\work\GenericWeb\backend\venv\Lib\site-packages\rest_framework\views.py", line 509, in dispatch
    response = self.handle_exception(exc)
               ^^^^^^^^^^^^^^^^^^^^^^^^^^
  File "C:\Users\User\OneDrive\Desktop\computer_science\work\GenericWeb\backend\venv\Lib\site-packages\rest_framework\views.py", line 469, in handle_exception
    self.raise_uncaught_exception(exc)
  File "C:\Users\User\OneDrive\Desktop\computer_science\work\GenericWeb\backend\venv\Lib\site-packages\rest_framework\views.py", line 480, in raise_uncaught_exception
    raise exc
  File "C:\Users\User\OneDrive\Desktop\computer_science\work\GenericWeb\backend\venv\Lib\site-packages\rest_framework\views.py", line 506, in dispatch
    response = handler(request, *args, **kwargs)
               ^^^^^^^^^^^^^^^^^^^^^^^^^^^^^^^^^
  File "C:\Users\User\OneDrive\Desktop\computer_science\work\GenericWeb\backend\venv\Lib\site-packages\rest_framework\decorators.py", line 50, in handler
    return func(*args, **kwargs)
           ^^^^^^^^^^^^^^^^^^^^^
  File "C:\Users\User\OneDrive\Desktop\computer_science\work\GenericWeb\backend\generic3\api\views.py", line 93, in login
    'modules': [{'name': module[0], 'id': module[1]} for module in modules] if modules else [],
                                                                               ^^^^^^^
UnboundLocalError: cannot access local variable 'modules' where it is not associated with a value
"POST /api/v1/login/ HTTP/1.1" 500 120314
C:\Users\User\OneDrive\Desktop\computer_science\work\GenericWeb\backend\generic3\api\views.py changed, reloading.
Watching for file changes with StatReloader
Internal Server Error: /api/v1/login/
Traceback (most recent call last):
  File "C:\Users\User\OneDrive\Desktop\computer_science\work\GenericWeb\backend\venv\Lib\site-packages\django\core\handlers\exception.py", line 55, in inner
    response = get_response(request)
               ^^^^^^^^^^^^^^^^^^^^^
  File "C:\Users\User\OneDrive\Desktop\computer_science\work\GenericWeb\backend\venv\Lib\site-packages\django\core\handlers\base.py", line 197, in _get_response
    response = wrapped_callback(request, *callback_args, **callback_kwargs)
               ^^^^^^^^^^^^^^^^^^^^^^^^^^^^^^^^^^^^^^^^^^^^^^^^^^^^^^^^^^^^
  File "C:\Users\User\OneDrive\Desktop\computer_science\work\GenericWeb\backend\venv\Lib\site-packages\django\views\decorators\csrf.py", line 56, in wrapper_view
    return view_func(*args, **kwargs)
           ^^^^^^^^^^^^^^^^^^^^^^^^^^
  File "C:\Users\User\OneDrive\Desktop\computer_science\work\GenericWeb\backend\venv\Lib\site-packages\django\views\generic\base.py", line 104, in view
    return self.dispatch(request, *args, **kwargs)
           ^^^^^^^^^^^^^^^^^^^^^^^^^^^^^^^^^^^^^^^
  File "C:\Users\User\OneDrive\Desktop\computer_science\work\GenericWeb\backend\venv\Lib\site-packages\rest_framework\views.py", line 509, in dispatch
    response = self.handle_exception(exc)
               ^^^^^^^^^^^^^^^^^^^^^^^^^^
  File "C:\Users\User\OneDrive\Desktop\computer_science\work\GenericWeb\backend\venv\Lib\site-packages\rest_framework\views.py", line 469, in handle_exception
    self.raise_uncaught_exception(exc)
  File "C:\Users\User\OneDrive\Desktop\computer_science\work\GenericWeb\backend\venv\Lib\site-packages\rest_framework\views.py", line 480, in raise_uncaught_exception
    raise exc
  File "C:\Users\User\OneDrive\Desktop\computer_science\work\GenericWeb\backend\venv\Lib\site-packages\rest_framework\views.py", line 506, in dispatch
    response = handler(request, *args, **kwargs)
               ^^^^^^^^^^^^^^^^^^^^^^^^^^^^^^^^^
  File "C:\Users\User\OneDrive\Desktop\computer_science\work\GenericWeb\backend\venv\Lib\site-packages\rest_framework\decorators.py", line 50, in handler
    return func(*args, **kwargs)
           ^^^^^^^^^^^^^^^^^^^^^
  File "C:\Users\User\OneDrive\Desktop\computer_science\work\GenericWeb\backend\generic3\api\views.py", line 96, in login
    'server_url': clinic_data['url'] or default_url
                  ~~~~~~~~~~~^^^^^^^
TypeError: 'NoneType' object is not subscriptable
"POST /api/v1/login/ HTTP/1.1" 500 120009
C:\Users\User\OneDrive\Desktop\computer_science\work\GenericWeb\backend\generic3\api\views.py changed, reloading.
Watching for file changes with StatReloader
"POST /api/v1/login/ HTTP/1.1" 200 657
C:\Users\User\OneDrive\Desktop\computer_science\work\GenericWeb\backend\generic3\api\views.py changed, reloading.
Watching for file changes with StatReloader
C:\Users\User\OneDrive\Desktop\computer_science\work\GenericWeb\backend\generic3\api\views.py changed, reloading.
Watching for file changes with StatReloader
C:\Users\User\OneDrive\Desktop\computer_science\work\GenericWeb\backend\generic3\api\views.py changed, reloading.
Watching for file changes with StatReloader
C:\Users\User\OneDrive\Desktop\computer_science\work\GenericWeb\backend\generic3\api\views.py changed, reloading.
Watching for file changes with StatReloader
C:\Users\User\OneDrive\Desktop\computer_science\work\GenericWeb\backend\generic3\api\views.py changed, reloading.
Watching for file changes with StatReloader
C:\Users\User\OneDrive\Desktop\computer_science\work\GenericWeb\backend\generic3\api\views.py changed, reloading.
Watching for file changes with StatReloader
C:\Users\User\OneDrive\Desktop\computer_science\work\GenericWeb\backend\generic3\api\views.py changed, reloading.
Watching for file changes with StatReloader
C:\Users\User\OneDrive\Desktop\computer_science\work\GenericWeb\backend\generic3\api\views.py changed, reloading.
Watching for file changes with StatReloader
Internal Server Error: /api/v1/login/
Traceback (most recent call last):
  File "C:\Users\User\OneDrive\Desktop\computer_science\work\GenericWeb\backend\venv\Lib\site-packages\django\core\handlers\exception.py", line 55, in inner
    response = get_response(request)
               ^^^^^^^^^^^^^^^^^^^^^
  File "C:\Users\User\OneDrive\Desktop\computer_science\work\GenericWeb\backend\venv\Lib\site-packages\django\core\handlers\base.py", line 197, in _get_response
    response = wrapped_callback(request, *callback_args, **callback_kwargs)
               ^^^^^^^^^^^^^^^^^^^^^^^^^^^^^^^^^^^^^^^^^^^^^^^^^^^^^^^^^^^^
  File "C:\Users\User\OneDrive\Desktop\computer_science\work\GenericWeb\backend\venv\Lib\site-packages\django\views\decorators\csrf.py", line 56, in wrapper_view
    return view_func(*args, **kwargs)
           ^^^^^^^^^^^^^^^^^^^^^^^^^^
  File "C:\Users\User\OneDrive\Desktop\computer_science\work\GenericWeb\backend\venv\Lib\site-packages\django\views\generic\base.py", line 104, in view
    return self.dispatch(request, *args, **kwargs)
           ^^^^^^^^^^^^^^^^^^^^^^^^^^^^^^^^^^^^^^^
  File "C:\Users\User\OneDrive\Desktop\computer_science\work\GenericWeb\backend\venv\Lib\site-packages\rest_framework\views.py", line 509, in dispatch
    response = self.handle_exception(exc)
               ^^^^^^^^^^^^^^^^^^^^^^^^^^
  File "C:\Users\User\OneDrive\Desktop\computer_science\work\GenericWeb\backend\venv\Lib\site-packages\rest_framework\views.py", line 469, in handle_exception
    self.raise_uncaught_exception(exc)
  File "C:\Users\User\OneDrive\Desktop\computer_science\work\GenericWeb\backend\venv\Lib\site-packages\rest_framework\views.py", line 480, in raise_uncaught_exception
    raise exc
  File "C:\Users\User\OneDrive\Desktop\computer_science\work\GenericWeb\backend\venv\Lib\site-packages\rest_framework\views.py", line 506, in dispatch
    response = handler(request, *args, **kwargs)
               ^^^^^^^^^^^^^^^^^^^^^^^^^^^^^^^^^
  File "C:\Users\User\OneDrive\Desktop\computer_science\work\GenericWeb\backend\venv\Lib\site-packages\rest_framework\decorators.py", line 50, in handler
    return func(*args, **kwargs)
           ^^^^^^^^^^^^^^^^^^^^^
  File "C:\Users\User\OneDrive\Desktop\computer_science\work\GenericWeb\backend\generic3\api\views.py", line 104, in login
    'clinic_image' : clinic_image if clinic_image else None,
                                     ^^^^^^^^^^^^
UnboundLocalError: cannot access local variable 'clinic_image' where it is not associated with a value
"POST /api/v1/login/ HTTP/1.1" 500 120392
C:\Users\User\OneDrive\Desktop\computer_science\work\GenericWeb\backend\generic3\api\views.py changed, reloading.
Watching for file changes with StatReloader
"POST /api/v1/login/ HTTP/1.1" 200 677
C:\Users\User\OneDrive\Desktop\computer_science\work\GenericWeb\backend\generic3\api\views.py changed, reloading.
Watching for file changes with StatReloader
The joined path (C:\static\images\clinic1.png) is located outside of the base path component (C:\Users\User\OneDrive\Desktop\computer_science\work\GenericWeb\backend\generic3\media)
Traceback (most recent call last):
  File "C:\Users\User\OneDrive\Desktop\computer_science\work\GenericWeb\backend\venv\Lib\site-packages\django\core\handlers\exception.py", line 55, in inner
    response = get_response(request)
               ^^^^^^^^^^^^^^^^^^^^^
  File "C:\Users\User\OneDrive\Desktop\computer_science\work\GenericWeb\backend\venv\Lib\site-packages\django\core\handlers\base.py", line 197, in _get_response
    response = wrapped_callback(request, *callback_args, **callback_kwargs)
               ^^^^^^^^^^^^^^^^^^^^^^^^^^^^^^^^^^^^^^^^^^^^^^^^^^^^^^^^^^^^
  File "C:\Users\User\OneDrive\Desktop\computer_science\work\GenericWeb\backend\venv\Lib\site-packages\django\views\decorators\csrf.py", line 56, in wrapper_view
    return view_func(*args, **kwargs)
           ^^^^^^^^^^^^^^^^^^^^^^^^^^
  File "C:\Users\User\OneDrive\Desktop\computer_science\work\GenericWeb\backend\venv\Lib\site-packages\django\views\generic\base.py", line 104, in view
    return self.dispatch(request, *args, **kwargs)
           ^^^^^^^^^^^^^^^^^^^^^^^^^^^^^^^^^^^^^^^
  File "C:\Users\User\OneDrive\Desktop\computer_science\work\GenericWeb\backend\venv\Lib\site-packages\rest_framework\views.py", line 509, in dispatch
    response = self.handle_exception(exc)
               ^^^^^^^^^^^^^^^^^^^^^^^^^^
  File "C:\Users\User\OneDrive\Desktop\computer_science\work\GenericWeb\backend\venv\Lib\site-packages\rest_framework\views.py", line 469, in handle_exception
    self.raise_uncaught_exception(exc)
  File "C:\Users\User\OneDrive\Desktop\computer_science\work\GenericWeb\backend\venv\Lib\site-packages\rest_framework\views.py", line 480, in raise_uncaught_exception
    raise exc
  File "C:\Users\User\OneDrive\Desktop\computer_science\work\GenericWeb\backend\venv\Lib\site-packages\rest_framework\views.py", line 506, in dispatch
    response = handler(request, *args, **kwargs)
               ^^^^^^^^^^^^^^^^^^^^^^^^^^^^^^^^^
  File "C:\Users\User\OneDrive\Desktop\computer_science\work\GenericWeb\backend\venv\Lib\site-packages\rest_framework\decorators.py", line 50, in handler
    return func(*args, **kwargs)
           ^^^^^^^^^^^^^^^^^^^^^
  File "C:\Users\User\OneDrive\Desktop\computer_science\work\GenericWeb\backend\generic3\api\views.py", line 91, in login
    file_exists = default_storage.exists(f'/static/images/{clinic_name}.png')
                  ^^^^^^^^^^^^^^^^^^^^^^^^^^^^^^^^^^^^^^^^^^^^^^^^^^^^^^^^^^^
  File "C:\Users\User\OneDrive\Desktop\computer_science\work\GenericWeb\backend\venv\Lib\site-packages\django\core\files\storage\filesystem.py", line 165, in exists
    return os.path.lexists(self.path(name))
                           ^^^^^^^^^^^^^^^
  File "C:\Users\User\OneDrive\Desktop\computer_science\work\GenericWeb\backend\venv\Lib\site-packages\django\core\files\storage\filesystem.py", line 179, in path
    return safe_join(self.location, name)
           ^^^^^^^^^^^^^^^^^^^^^^^^^^^^^^
  File "C:\Users\User\OneDrive\Desktop\computer_science\work\GenericWeb\backend\venv\Lib\site-packages\django\utils\_os.py", line 31, in safe_join
    raise SuspiciousFileOperation(
django.core.exceptions.SuspiciousFileOperation: The joined path (C:\static\images\clinic1.png) is located outside of the base path component (C:\Users\User\OneDrive\Desktop\computer_science\work\GenericWeb\backend\generic3\media)
Bad Request: /api/v1/login/
"POST /api/v1/login/ HTTP/1.1" 400 133571
C:\Users\User\OneDrive\Desktop\computer_science\work\GenericWeb\backend\generic3\api\views.py changed, reloading.
Watching for file changes with StatReloader
C:\Users\User\OneDrive\Desktop\computer_science\work\GenericWeb\backend\generic3\api\views.py changed, reloading.
Watching for file changes with StatReloader
"POST /api/v1/login/ HTTP/1.1" 200 907
"POST /api/v1/login/ HTTP/1.1" 200 907
C:\Users\User\OneDrive\Desktop\computer_science\work\GenericWeb\backend\generic3\generic3\settings.py changed, reloading.
Watching for file changes with StatReloader
C:\Users\User\OneDrive\Desktop\computer_science\work\GenericWeb\backend\generic3\generic3\settings.py changed, reloading.
Watching for file changes with StatReloader
C:\Users\User\OneDrive\Desktop\computer_science\work\GenericWeb\backend\generic3\api\views.py changed, reloading.
Watching for file changes with StatReloader
"POST /api/v1/login/ HTTP/1.1" 200 907
"POST /api/v1/login/ HTTP/1.1" 200 940
"POST /api/v1/login/ HTTP/1.1" 200 701
C:\Users\User\OneDrive\Desktop\computer_science\work\GenericWeb\backend\generic3\api\views.py changed, reloading.
Watching for file changes with StatReloader
C:\Users\User\OneDrive\Desktop\computer_science\work\GenericWeb\backend\generic3\api\views.py changed, reloading.
Watching for file changes with StatReloader
C:\Users\User\OneDrive\Desktop\computer_science\work\GenericWeb\backend\generic3\api\views.py changed, reloading.
Watching for file changes with StatReloader
C:\Users\User\OneDrive\Desktop\computer_science\work\GenericWeb\backend\generic3\api\views.py changed, reloading.
Watching for file changes with StatReloader
"POST /api/v1/login/ HTTP/1.1" 200 720
"POST /api/v1/login/ HTTP/1.1" 200 928
Not Found: /
"GET / HTTP/1.1" 404 12905
"GET /static/debug_toolbar/js/toolbar.js HTTP/1.1" 304 0
"GET /static/debug_toolbar/css/toolbar.css HTTP/1.1" 304 0
"GET /static/debug_toolbar/css/print.css HTTP/1.1" 304 0
"GET /static/debug_toolbar/js/utils.js HTTP/1.1" 304 0
Not Found: /favicon.ico
"GET /favicon.ico HTTP/1.1" 404 12967
Not Found: /firebase-messaging-sw.js
"GET /firebase-messaging-sw.js HTTP/1.1" 404 13019
"POST /api/v1/login/ HTTP/1.1" 200 722
"GET /static/images/default.png HTTP/1.1" 200 9685
Not Found: /favicon.ico
"GET /favicon.ico HTTP/1.1" 404 12967
"POST /api/v1/login/ HTTP/1.1" 200 928
"GET /static/images/clinic1.png HTTP/1.1" 200 29087
Watching for file changes with StatReloader
"POST /api/v1/login/ HTTP/1.1" 200 928
"POST /api/v1/login/ HTTP/1.1" 200 931
Watching for file changes with StatReloader
Watching for file changes with StatReloader
Watching for file changes with StatReloader
"POST /api/v1/login/ HTTP/1.1" 200 941
"POST /api/v1/login/ HTTP/1.1" 200 941
Not Found: /
"GET / HTTP/1.1" 404 12919
Watching for file changes with StatReloader
"OPTIONS /api/v1/login/ HTTP/1.1" 200 0
"POST /api/v1/login/ HTTP/1.1" 200 941
"GET /static/images/default.png HTTP/1.1" 200 9685
Not Found: /favicon.ico
"GET /favicon.ico HTTP/1.1" 404 12980
"POST /api/v1/login/ HTTP/1.1" 200 941
"OPTIONS /api/v1/login/ HTTP/1.1" 200 0
"POST /api/v1/login/ HTTP/1.1" 200 928
C:\Users\User\OneDrive\Desktop\computer_science\work\GenericWeb\backend\generic3\api\views.py changed, reloading.
Watching for file changes with StatReloader
"POST /api/v1/login/ HTTP/1.1" 200 928
"POST /api/v1/login/ HTTP/1.1" 200 941
C:\Users\User\OneDrive\Desktop\computer_science\work\GenericWeb\backend\generic3\api\urls.py changed, reloading.
Watching for file changes with StatReloader
C:\Users\User\OneDrive\Desktop\computer_science\work\GenericWeb\backend\generic3\api\views.py changed, reloading.
Watching for file changes with StatReloader
C:\Users\User\OneDrive\Desktop\computer_science\work\GenericWeb\backend\generic3\api\views.py changed, reloading.
Watching for file changes with StatReloader
C:\Users\User\OneDrive\Desktop\computer_science\work\GenericWeb\backend\generic3\api\views.py changed, reloading.
Watching for file changes with StatReloader
C:\Users\User\OneDrive\Desktop\computer_science\work\GenericWeb\backend\generic3\api\views.py changed, reloading.
Watching for file changes with StatReloader
C:\Users\User\OneDrive\Desktop\computer_science\work\GenericWeb\backend\generic3\api\views.py changed, reloading.
Watching for file changes with StatReloader
C:\Users\User\OneDrive\Desktop\computer_science\work\GenericWeb\backend\generic3\api\views.py changed, reloading.
Watching for file changes with StatReloader
C:\Users\User\OneDrive\Desktop\computer_science\work\GenericWeb\backend\generic3\api\urls.py changed, reloading.
Watching for file changes with StatReloader
C:\Users\User\OneDrive\Desktop\computer_science\work\GenericWeb\backend\generic3\api\views.py changed, reloading.
Watching for file changes with StatReloader
Internal Server Error: /api/v1/getUsers/1/2/
Traceback (most recent call last):
  File "C:\Users\User\OneDrive\Desktop\computer_science\work\GenericWeb\backend\venv\Lib\site-packages\django\core\handlers\exception.py", line 55, in inner
    response = get_response(request)
               ^^^^^^^^^^^^^^^^^^^^^
  File "C:\Users\User\OneDrive\Desktop\computer_science\work\GenericWeb\backend\venv\Lib\site-packages\django\core\handlers\base.py", line 220, in _get_response
    response = response.render()
               ^^^^^^^^^^^^^^^^^
  File "C:\Users\User\OneDrive\Desktop\computer_science\work\GenericWeb\backend\venv\Lib\site-packages\django\template\response.py", line 111, in render
    self.content = self.rendered_content
                   ^^^^^^^^^^^^^^^^^^^^^
  File "C:\Users\User\OneDrive\Desktop\computer_science\work\GenericWeb\backend\venv\Lib\site-packages\rest_framework\response.py", line 55, in rendered_content
    assert renderer, ".accepted_renderer not set on Response"
           ^^^^^^^^
AssertionError: .accepted_renderer not set on Response
"GET /api/v1/getUsers/1/2/ HTTP/1.1" 500 88217
Internal Server Error: /api/v1/getUsers/1/2/
Traceback (most recent call last):
  File "C:\Users\User\OneDrive\Desktop\computer_science\work\GenericWeb\backend\venv\Lib\site-packages\django\core\handlers\exception.py", line 55, in inner
    response = get_response(request)
               ^^^^^^^^^^^^^^^^^^^^^
  File "C:\Users\User\OneDrive\Desktop\computer_science\work\GenericWeb\backend\venv\Lib\site-packages\django\core\handlers\base.py", line 220, in _get_response
    response = response.render()
               ^^^^^^^^^^^^^^^^^
  File "C:\Users\User\OneDrive\Desktop\computer_science\work\GenericWeb\backend\venv\Lib\site-packages\django\template\response.py", line 111, in render
    self.content = self.rendered_content
                   ^^^^^^^^^^^^^^^^^^^^^
  File "C:\Users\User\OneDrive\Desktop\computer_science\work\GenericWeb\backend\venv\Lib\site-packages\rest_framework\response.py", line 55, in rendered_content
    assert renderer, ".accepted_renderer not set on Response"
           ^^^^^^^^
AssertionError: .accepted_renderer not set on Response
"GET /api/v1/getUsers/1/2/ HTTP/1.1" 500 90713
"GET /static/debug_toolbar/css/toolbar.css HTTP/1.1" 200 12621
"GET /static/debug_toolbar/css/print.css HTTP/1.1" 200 43
"GET /static/debug_toolbar/js/toolbar.js HTTP/1.1" 200 13578
"GET /static/debug_toolbar/js/utils.js HTTP/1.1" 200 4527
Not Found: /favicon.ico
"GET /favicon.ico HTTP/1.1" 404 13207
"GET /admin HTTP/1.1" 301 0
"GET /admin/ HTTP/1.1" 200 26836
"GET /static/admin/css/dark_mode.css HTTP/1.1" 304 0
"GET /static/admin/css/base.css HTTP/1.1" 304 0
"GET /static/admin/css/nav_sidebar.css HTTP/1.1" 304 0
"GET /static/admin/css/dashboard.css HTTP/1.1" 304 0
"GET /static/admin/css/responsive.css HTTP/1.1" 304 0
"GET /static/debug_toolbar/css/toolbar.css HTTP/1.1" 304 0
"GET /static/debug_toolbar/js/toolbar.js HTTP/1.1" 304 0
"GET /static/admin/js/theme.js HTTP/1.1" 304 0
"GET /static/admin/js/nav_sidebar.js HTTP/1.1" 304 0
"GET /static/debug_toolbar/css/print.css HTTP/1.1" 304 0
"GET /static/admin/img/icon-changelink.svg HTTP/1.1" 304 0
"GET /static/admin/img/icon-addlink.svg HTTP/1.1" 304 0
"GET /static/debug_toolbar/js/utils.js HTTP/1.1" 304 0
Not Found: /favicon.ico
"GET /favicon.ico HTTP/1.1" 404 13194
"GET /admin/clinics/clinic/ HTTP/1.1" 200 23947
"GET /static/admin/css/changelists.css HTTP/1.1" 304 0
"GET /static/admin/js/admin/RelatedObjectLookups.js HTTP/1.1" 304 0
"GET /static/admin/js/vendor/jquery/jquery.js HTTP/1.1" 304 0
"GET /static/admin/js/core.js HTTP/1.1" 304 0
"GET /static/admin/js/actions.js HTTP/1.1" 304 0
"GET /static/admin/js/jquery.init.js HTTP/1.1" 304 0
"GET /static/admin/js/prepopulate.js HTTP/1.1" 304 0
"GET /static/admin/js/urlify.js HTTP/1.1" 304 0
"GET /static/admin/js/vendor/xregexp/xregexp.js HTTP/1.1" 304 0
"GET /static/admin/js/filters.js HTTP/1.1" 304 0
"GET /admin/jsi18n/ HTTP/1.1" 200 3343
"GET /static/admin/img/tooltag-add.svg HTTP/1.1" 304 0
"GET /admin/clinics/clinic/1/change/ HTTP/1.1" 200 25174
"GET /static/admin/css/forms.css HTTP/1.1" 304 0
"GET /static/admin/css/widgets.css HTTP/1.1" 304 0
"GET /static/admin/js/prepopulate_init.js HTTP/1.1" 304 0
"GET /static/admin/js/change_form.js HTTP/1.1" 304 0
"GET /admin/jsi18n/ HTTP/1.1" 200 3343
"GET /admin/users/user/ HTTP/1.1" 200 27162
"GET /static/admin/img/search.svg HTTP/1.1" 200 458
"GET /static/admin/img/icon-no.svg HTTP/1.1" 200 560
"GET /static/admin/img/icon-yes.svg HTTP/1.1" 304 0
"GET /admin/jsi18n/ HTTP/1.1" 200 3343
"GET /static/admin/img/sorting-icons.svg HTTP/1.1" 200 1097
"GET /admin/users/user/add/ HTTP/1.1" 200 31891
"GET /admin/jsi18n/ HTTP/1.1" 200 3343
"POST /admin/users/user/add/ HTTP/1.1" 302 0
"GET /admin/users/user/5/change/ HTTP/1.1" 200 33581
"GET /static/admin/js/admin/DateTimeShortcuts.js HTTP/1.1" 200 19319
"GET /static/admin/js/calendar.js HTTP/1.1" 200 8466
"GET /admin/jsi18n/ HTTP/1.1" 200 3343
"GET /static/admin/img/icon-clock.svg HTTP/1.1" 200 677
"GET /static/admin/img/icon-calendar.svg HTTP/1.1" 200 1086
"POST /admin/users/user/5/change/ HTTP/1.1" 302 0
"GET /admin/users/user/add/ HTTP/1.1" 200 32131
"GET /admin/jsi18n/ HTTP/1.1" 200 3343
"POST /admin/users/user/add/ HTTP/1.1" 200 32123
"GET /admin/jsi18n/ HTTP/1.1" 200 3343
"POST /admin/users/user/add/ HTTP/1.1" 200 32189
"GET /admin/jsi18n/ HTTP/1.1" 200 3343
"POST /admin/users/user/add/ HTTP/1.1" 302 0
"GET /admin/users/user/add/ HTTP/1.1" 200 32130
"GET /admin/jsi18n/ HTTP/1.1" 200 3343
"POST /admin/users/user/add/ HTTP/1.1" 302 0
"GET /admin/users/user/7/change/ HTTP/1.1" 200 33581
"GET /admin/jsi18n/ HTTP/1.1" 200 3343
"GET /admin/users/patientdoctor/ HTTP/1.1" 200 22849
"GET /admin/jsi18n/ HTTP/1.1" 200 3343
"GET /admin/users/patientdoctor/add/ HTTP/1.1" 200 26204
"GET /static/admin/img/icon-viewlink.svg HTTP/1.1" 304 0
"GET /admin/jsi18n/ HTTP/1.1" 200 3343
"GET /admin/users/patient/ HTTP/1.1" 200 22796
"GET /admin/jsi18n/ HTTP/1.1" 200 3343
"GET /admin/users/patient/add/ HTTP/1.1" 200 24784
"GET /admin/jsi18n/ HTTP/1.1" 200 3343
"POST /admin/users/patient/add/ HTTP/1.1" 302 0
"GET /admin/users/patient/add/ HTTP/1.1" 200 25032
"GET /admin/jsi18n/ HTTP/1.1" 200 3343
"POST /admin/users/patient/add/ HTTP/1.1" 302 0
"GET /admin/users/patient/add/ HTTP/1.1" 200 25032
"GET /admin/jsi18n/ HTTP/1.1" 200 3343
"POST /admin/users/patient/add/ HTTP/1.1" 302 0
"GET /admin/users/patient/add/ HTTP/1.1" 200 25032
"GET /admin/jsi18n/ HTTP/1.1" 200 3343
"GET /admin/users/patientdoctor/ HTTP/1.1" 200 22849
"GET /admin/jsi18n/ HTTP/1.1" 200 3343
"GET /admin/users/patientdoctor/add/ HTTP/1.1" 200 26358
"GET /admin/jsi18n/ HTTP/1.1" 200 3343
"POST /admin/users/patientdoctor/add/ HTTP/1.1" 302 0
"GET /admin/users/patientdoctor/add/ HTTP/1.1" 200 26648
"GET /admin/jsi18n/ HTTP/1.1" 200 3343
"POST /admin/users/patientdoctor/add/ HTTP/1.1" 302 0
"GET /admin/users/patientdoctor/add/ HTTP/1.1" 200 26648
"GET /admin/jsi18n/ HTTP/1.1" 200 3343
"POST /admin/users/patientdoctor/add/ HTTP/1.1" 302 0
"GET /admin/users/patientdoctor/add/ HTTP/1.1" 200 26648
"GET /admin/jsi18n/ HTTP/1.1" 200 3343
"POST /admin/users/patientdoctor/add/ HTTP/1.1" 200 26568
"GET /admin/jsi18n/ HTTP/1.1" 200 3343
"GET /admin/clinics/patientclinic/ HTTP/1.1" 200 22859
"GET /admin/jsi18n/ HTTP/1.1" 200 3343
"GET /admin/clinics/patientclinic/add/ HTTP/1.1" 200 26356
"GET /admin/jsi18n/ HTTP/1.1" 200 3343
"POST /admin/clinics/patientclinic/add/ HTTP/1.1" 302 0
"GET /admin/clinics/patientclinic/add/ HTTP/1.1" 200 26632
"GET /admin/jsi18n/ HTTP/1.1" 200 3343
"POST /admin/clinics/patientclinic/add/ HTTP/1.1" 302 0
"GET /admin/clinics/patientclinic/add/ HTTP/1.1" 200 26633
"GET /admin/jsi18n/ HTTP/1.1" 200 3343
"POST /admin/clinics/patientclinic/add/ HTTP/1.1" 302 0
"GET /admin/clinics/patientclinic/ HTTP/1.1" 200 24762
"GET /admin/jsi18n/ HTTP/1.1" 200 3343
"GET /admin/clinics/clinic/ HTTP/1.1" 200 23946
"GET /admin/jsi18n/ HTTP/1.1" 200 3343
"GET /admin/clinics/doctorclinic/ HTTP/1.1" 200 24040
"GET /admin/jsi18n/ HTTP/1.1" 200 3343
"GET /admin/clinics/patientclinic/ HTTP/1.1" 200 24526
"GET /admin/jsi18n/ HTTP/1.1" 200 3343
"GET /admin/users/patientdoctor/ HTTP/1.1" 200 24552
"GET /admin/jsi18n/ HTTP/1.1" 200 3343
"GET /admin/users/doctor/ HTTP/1.1" 200 23946
"GET /admin/jsi18n/ HTTP/1.1" 200 3343
"GET /admin/users/clinicmanager/ HTTP/1.1" 200 24038
"GET /admin/jsi18n/ HTTP/1.1" 200 3343
"GET /admin/users/user/ HTTP/1.1" 200 28463
"GET /admin/jsi18n/ HTTP/1.1" 200 3343
C:\Users\User\OneDrive\Desktop\computer_science\work\GenericWeb\backend\generic3\api\views.py changed, reloading.
Watching for file changes with StatReloader
Method Not Allowed: /api/v1/getUsers/1/2/
"GET /api/v1/getUsers/1/2/ HTTP/1.1" 405 40
C:\Users\User\OneDrive\Desktop\computer_science\work\GenericWeb\backend\generic3\api\views.py changed, reloading.
Watching for file changes with StatReloader
Not Found: /api/v1/getUsers/1/2/
"GET /api/v1/getUsers/1/2/ HTTP/1.1" 404 27
"GET /admin/ HTTP/1.1" 200 26923
"GET /admin/clinics/doctorclinic/ HTTP/1.1" 200 24040
"GET /admin/jsi18n/ HTTP/1.1" 200 3343
"GET /admin/clinics/doctorclinic/1/change/ HTTP/1.1" 200 26506
"GET /admin/jsi18n/ HTTP/1.1" 200 3343
"GET /admin/users/doctor/ HTTP/1.1" 200 23946
"GET /admin/jsi18n/ HTTP/1.1" 200 3343
"GET /admin/users/doctor/3/change/ HTTP/1.1" 200 25025
"GET /admin/jsi18n/ HTTP/1.1" 200 3343
"GET /admin/users/user/ HTTP/1.1" 200 28464
"GET /admin/jsi18n/ HTTP/1.1" 200 3343
"GET /admin/users/user/1/change/ HTTP/1.1" 200 33336
"GET /admin/jsi18n/ HTTP/1.1" 200 3343
"GET /admin/users/user/ HTTP/1.1" 200 28463
"GET /admin/users/user/1/change/ HTTP/1.1" 200 33336
"GET /admin/jsi18n/ HTTP/1.1" 200 3343
"GET /admin/users/user/ HTTP/1.1" 200 28463
"GET /admin/users/user/4/change/ HTTP/1.1" 200 33374
"GET /admin/jsi18n/ HTTP/1.1" 200 3343
"GET /admin/users/user/ HTTP/1.1" 200 28463
"GET /admin/users/user/5/change/ HTTP/1.1" 200 33344
"GET /admin/jsi18n/ HTTP/1.1" 200 3343
"GET /admin/users/user/ HTTP/1.1" 200 28463
"GET /admin/users/user/6/change/ HTTP/1.1" 200 33344
"GET /admin/jsi18n/ HTTP/1.1" 200 3343
"GET /admin/users/user/ HTTP/1.1" 200 28463
"GET /admin/users/user/7/change/ HTTP/1.1" 200 33344
"GET /admin/jsi18n/ HTTP/1.1" 200 3343
"GET /admin/users/user/ HTTP/1.1" 200 28463
"POST /api/v1/login/ HTTP/1.1" 200 941
Internal Server Error: /api/v1/getUsers/1/3/
Traceback (most recent call last):
  File "C:\Users\User\OneDrive\Desktop\computer_science\work\GenericWeb\backend\venv\Lib\site-packages\django\core\handlers\exception.py", line 55, in inner
    response = get_response(request)
               ^^^^^^^^^^^^^^^^^^^^^
  File "C:\Users\User\OneDrive\Desktop\computer_science\work\GenericWeb\backend\venv\Lib\site-packages\django\core\handlers\base.py", line 197, in _get_response
    response = wrapped_callback(request, *callback_args, **callback_kwargs)
               ^^^^^^^^^^^^^^^^^^^^^^^^^^^^^^^^^^^^^^^^^^^^^^^^^^^^^^^^^^^^
  File "C:\Users\User\OneDrive\Desktop\computer_science\work\GenericWeb\backend\venv\Lib\site-packages\django\views\decorators\csrf.py", line 56, in wrapper_view
    return view_func(*args, **kwargs)
           ^^^^^^^^^^^^^^^^^^^^^^^^^^
  File "C:\Users\User\OneDrive\Desktop\computer_science\work\GenericWeb\backend\venv\Lib\site-packages\django\views\generic\base.py", line 104, in view
    return self.dispatch(request, *args, **kwargs)
           ^^^^^^^^^^^^^^^^^^^^^^^^^^^^^^^^^^^^^^^
  File "C:\Users\User\OneDrive\Desktop\computer_science\work\GenericWeb\backend\venv\Lib\site-packages\rest_framework\views.py", line 509, in dispatch
    response = self.handle_exception(exc)
               ^^^^^^^^^^^^^^^^^^^^^^^^^^
  File "C:\Users\User\OneDrive\Desktop\computer_science\work\GenericWeb\backend\venv\Lib\site-packages\rest_framework\views.py", line 469, in handle_exception
    self.raise_uncaught_exception(exc)
  File "C:\Users\User\OneDrive\Desktop\computer_science\work\GenericWeb\backend\venv\Lib\site-packages\rest_framework\views.py", line 480, in raise_uncaught_exception
    raise exc
  File "C:\Users\User\OneDrive\Desktop\computer_science\work\GenericWeb\backend\venv\Lib\site-packages\rest_framework\views.py", line 506, in dispatch
    response = handler(request, *args, **kwargs)
               ^^^^^^^^^^^^^^^^^^^^^^^^^^^^^^^^^
  File "C:\Users\User\OneDrive\Desktop\computer_science\work\GenericWeb\backend\venv\Lib\site-packages\rest_framework\decorators.py", line 50, in handler
    return func(*args, **kwargs)
           ^^^^^^^^^^^^^^^^^^^^^
  File "C:\Users\User\OneDrive\Desktop\computer_science\work\GenericWeb\backend\generic3\api\views.py", line 138, in get_users
    patients = Patient.objects.filter(id__in=clinicpatients)
               ^^^^^^^^^^^^^^^^^^^^^^^^^^^^^^^^^^^^^^^^^^^^^
  File "C:\Users\User\OneDrive\Desktop\computer_science\work\GenericWeb\backend\venv\Lib\site-packages\django\db\models\manager.py", line 87, in manager_method
    return getattr(self.get_queryset(), name)(*args, **kwargs)
           ^^^^^^^^^^^^^^^^^^^^^^^^^^^^^^^^^^^^^^^^^^^^^^^^^^^
  File "C:\Users\User\OneDrive\Desktop\computer_science\work\GenericWeb\backend\venv\Lib\site-packages\django\db\models\query.py", line 1436, in filter
    return self._filter_or_exclude(False, args, kwargs)
           ^^^^^^^^^^^^^^^^^^^^^^^^^^^^^^^^^^^^^^^^^^^^
  File "C:\Users\User\OneDrive\Desktop\computer_science\work\GenericWeb\backend\venv\Lib\site-packages\django\db\models\query.py", line 1454, in _filter_or_exclude
    clone._filter_or_exclude_inplace(negate, args, kwargs)
  File "C:\Users\User\OneDrive\Desktop\computer_science\work\GenericWeb\backend\venv\Lib\site-packages\django\db\models\query.py", line 1461, in _filter_or_exclude_inplace
    self._query.add_q(Q(*args, **kwargs))
  File "C:\Users\User\OneDrive\Desktop\computer_science\work\GenericWeb\backend\venv\Lib\site-packages\django\db\models\sql\query.py", line 1498, in add_q
    clause, _ = self._add_q(q_object, self.used_aliases)
                ^^^^^^^^^^^^^^^^^^^^^^^^^^^^^^^^^^^^^^^^
  File "C:\Users\User\OneDrive\Desktop\computer_science\work\GenericWeb\backend\venv\Lib\site-packages\django\db\models\sql\query.py", line 1529, in _add_q
    child_clause, needed_inner = self.build_filter(
                                 ^^^^^^^^^^^^^^^^^^
  File "C:\Users\User\OneDrive\Desktop\computer_science\work\GenericWeb\backend\venv\Lib\site-packages\django\db\models\sql\query.py", line 1379, in build_filter
    lookups, parts, reffed_expression = self.solve_lookup_type(arg, summarize)
                                        ^^^^^^^^^^^^^^^^^^^^^^^^^^^^^^^^^^^^^^
  File "C:\Users\User\OneDrive\Desktop\computer_science\work\GenericWeb\backend\venv\Lib\site-packages\django\db\models\sql\query.py", line 1189, in solve_lookup_type
    _, field, _, lookup_parts = self.names_to_path(lookup_splitted, self.get_meta())
                                ^^^^^^^^^^^^^^^^^^^^^^^^^^^^^^^^^^^^^^^^^^^^^^^^^^^^
  File "C:\Users\User\OneDrive\Desktop\computer_science\work\GenericWeb\backend\venv\Lib\site-packages\django\db\models\sql\query.py", line 1677, in names_to_path
    raise FieldError(
django.core.exceptions.FieldError: Cannot resolve keyword 'id' into field. Choices are: patientclinic, patientdoctor, patientmedicine, user, user_id
"GET /api/v1/getUsers/1/3/ HTTP/1.1" 500 162309
C:\Users\User\OneDrive\Desktop\computer_science\work\GenericWeb\backend\generic3\api\views.py changed, reloading.
Watching for file changes with StatReloader
Internal Server Error: /api/v1/getUsers/1/3/
Traceback (most recent call last):
  File "C:\Users\User\OneDrive\Desktop\computer_science\work\GenericWeb\backend\venv\Lib\site-packages\django\core\handlers\exception.py", line 55, in inner
    response = get_response(request)
               ^^^^^^^^^^^^^^^^^^^^^
  File "C:\Users\User\OneDrive\Desktop\computer_science\work\GenericWeb\backend\venv\Lib\site-packages\django\core\handlers\base.py", line 197, in _get_response
    response = wrapped_callback(request, *callback_args, **callback_kwargs)
               ^^^^^^^^^^^^^^^^^^^^^^^^^^^^^^^^^^^^^^^^^^^^^^^^^^^^^^^^^^^^
  File "C:\Users\User\OneDrive\Desktop\computer_science\work\GenericWeb\backend\venv\Lib\site-packages\django\views\decorators\csrf.py", line 56, in wrapper_view
    return view_func(*args, **kwargs)
           ^^^^^^^^^^^^^^^^^^^^^^^^^^
  File "C:\Users\User\OneDrive\Desktop\computer_science\work\GenericWeb\backend\venv\Lib\site-packages\django\views\generic\base.py", line 104, in view
    return self.dispatch(request, *args, **kwargs)
           ^^^^^^^^^^^^^^^^^^^^^^^^^^^^^^^^^^^^^^^
  File "C:\Users\User\OneDrive\Desktop\computer_science\work\GenericWeb\backend\venv\Lib\site-packages\rest_framework\views.py", line 509, in dispatch
    response = self.handle_exception(exc)
               ^^^^^^^^^^^^^^^^^^^^^^^^^^
  File "C:\Users\User\OneDrive\Desktop\computer_science\work\GenericWeb\backend\venv\Lib\site-packages\rest_framework\views.py", line 469, in handle_exception
    self.raise_uncaught_exception(exc)
  File "C:\Users\User\OneDrive\Desktop\computer_science\work\GenericWeb\backend\venv\Lib\site-packages\rest_framework\views.py", line 480, in raise_uncaught_exception
    raise exc
  File "C:\Users\User\OneDrive\Desktop\computer_science\work\GenericWeb\backend\venv\Lib\site-packages\rest_framework\views.py", line 506, in dispatch
    response = handler(request, *args, **kwargs)
               ^^^^^^^^^^^^^^^^^^^^^^^^^^^^^^^^^
  File "C:\Users\User\OneDrive\Desktop\computer_science\work\GenericWeb\backend\venv\Lib\site-packages\rest_framework\decorators.py", line 50, in handler
    return func(*args, **kwargs)
           ^^^^^^^^^^^^^^^^^^^^^
  File "C:\Users\User\OneDrive\Desktop\computer_science\work\GenericWeb\backend\generic3\api\views.py", line 139, in get_users
    patients = Patient.objects.filter(id__in=clinicpatients.values_list('user__id', flat=True))
                                             ^^^^^^^^^^^^^^^^^^^^^^^^^^^^^^^^^^^^^^^^^^^^^^^^^
  File "C:\Users\User\OneDrive\Desktop\computer_science\work\GenericWeb\backend\venv\Lib\site-packages\django\db\models\query.py", line 1345, in values_list
    clone = self._values(*_fields, **expressions)
            ^^^^^^^^^^^^^^^^^^^^^^^^^^^^^^^^^^^^^
  File "C:\Users\User\OneDrive\Desktop\computer_science\work\GenericWeb\backend\venv\Lib\site-packages\django\db\models\query.py", line 1308, in _values
    clone.query.set_values(fields)
  File "C:\Users\User\OneDrive\Desktop\computer_science\work\GenericWeb\backend\venv\Lib\site-packages\django\db\models\sql\query.py", line 2413, in set_values
    self.add_fields(field_names, True)
  File "C:\Users\User\OneDrive\Desktop\computer_science\work\GenericWeb\backend\venv\Lib\site-packages\django\db\models\sql\query.py", line 2114, in add_fields
    join_info = self.setup_joins(
                ^^^^^^^^^^^^^^^^^
  File "C:\Users\User\OneDrive\Desktop\computer_science\work\GenericWeb\backend\venv\Lib\site-packages\django\db\models\sql\query.py", line 1776, in setup_joins
    path, final_field, targets, rest = self.names_to_path(
                                       ^^^^^^^^^^^^^^^^^^^
  File "C:\Users\User\OneDrive\Desktop\computer_science\work\GenericWeb\backend\venv\Lib\site-packages\django\db\models\sql\query.py", line 1677, in names_to_path
    raise FieldError(
django.core.exceptions.FieldError: Cannot resolve keyword 'user' into field. Choices are: clinic, clinic_id, id, patient, patient_id
"GET /api/v1/getUsers/1/3/ HTTP/1.1" 500 148188
C:\Users\User\OneDrive\Desktop\computer_science\work\GenericWeb\backend\generic3\api\views.py changed, reloading.
Watching for file changes with StatReloader
"GET /api/v1/getUsers/1/3/ HTTP/1.1" 200 1467
"POST /api/v1/login/ HTTP/1.1" 200 974
"GET /api/v1/getUsers/1/4/ HTTP/1.1" 200 470
"GET /api/v1/getUsers/1/1/ HTTP/1.1" 200 503
C:\Users\User\OneDrive\Desktop\computer_science\work\GenericWeb\backend\generic3\api\views.py changed, reloading.
Watching for file changes with StatReloader
Internal Server Error: /api/v1/getUsers/1/3/
Traceback (most recent call last):
  File "C:\Users\User\OneDrive\Desktop\computer_science\work\GenericWeb\backend\venv\Lib\site-packages\rest_framework\fields.py", line 446, in get_attribute
    return get_attribute(instance, self.source_attrs)
           ^^^^^^^^^^^^^^^^^^^^^^^^^^^^^^^^^^^^^^^^^^
  File "C:\Users\User\OneDrive\Desktop\computer_science\work\GenericWeb\backend\venv\Lib\site-packages\rest_framework\fields.py", line 94, in get_attribute
    instance = instance[attr]
               ~~~~~~~~^^^^^^
KeyError: 'password'

During handling of the above exception, another exception occurred:

Traceback (most recent call last):
  File "C:\Users\User\OneDrive\Desktop\computer_science\work\GenericWeb\backend\venv\Lib\site-packages\django\core\handlers\exception.py", line 55, in inner
    response = get_response(request)
               ^^^^^^^^^^^^^^^^^^^^^
  File "C:\Users\User\OneDrive\Desktop\computer_science\work\GenericWeb\backend\venv\Lib\site-packages\django\core\handlers\base.py", line 197, in _get_response
    response = wrapped_callback(request, *callback_args, **callback_kwargs)
               ^^^^^^^^^^^^^^^^^^^^^^^^^^^^^^^^^^^^^^^^^^^^^^^^^^^^^^^^^^^^
  File "C:\Users\User\OneDrive\Desktop\computer_science\work\GenericWeb\backend\venv\Lib\site-packages\django\views\decorators\csrf.py", line 56, in wrapper_view
    return view_func(*args, **kwargs)
           ^^^^^^^^^^^^^^^^^^^^^^^^^^
  File "C:\Users\User\OneDrive\Desktop\computer_science\work\GenericWeb\backend\venv\Lib\site-packages\django\views\generic\base.py", line 104, in view
    return self.dispatch(request, *args, **kwargs)
           ^^^^^^^^^^^^^^^^^^^^^^^^^^^^^^^^^^^^^^^
  File "C:\Users\User\OneDrive\Desktop\computer_science\work\GenericWeb\backend\venv\Lib\site-packages\rest_framework\views.py", line 509, in dispatch
    response = self.handle_exception(exc)
               ^^^^^^^^^^^^^^^^^^^^^^^^^^
  File "C:\Users\User\OneDrive\Desktop\computer_science\work\GenericWeb\backend\venv\Lib\site-packages\rest_framework\views.py", line 469, in handle_exception
    self.raise_uncaught_exception(exc)
  File "C:\Users\User\OneDrive\Desktop\computer_science\work\GenericWeb\backend\venv\Lib\site-packages\rest_framework\views.py", line 480, in raise_uncaught_exception
    raise exc
  File "C:\Users\User\OneDrive\Desktop\computer_science\work\GenericWeb\backend\venv\Lib\site-packages\rest_framework\views.py", line 506, in dispatch
    response = handler(request, *args, **kwargs)
               ^^^^^^^^^^^^^^^^^^^^^^^^^^^^^^^^^
  File "C:\Users\User\OneDrive\Desktop\computer_science\work\GenericWeb\backend\venv\Lib\site-packages\rest_framework\decorators.py", line 50, in handler
    return func(*args, **kwargs)
           ^^^^^^^^^^^^^^^^^^^^^
  File "C:\Users\User\OneDrive\Desktop\computer_science\work\GenericWeb\backend\generic3\api\views.py", line 145, in get_users
    return Response(serializer.data, status=status.HTTP_200_OK)
                    ^^^^^^^^^^^^^^^
  File "C:\Users\User\OneDrive\Desktop\computer_science\work\GenericWeb\backend\venv\Lib\site-packages\rest_framework\serializers.py", line 768, in data
    ret = super().data
          ^^^^^^^^^^^^
  File "C:\Users\User\OneDrive\Desktop\computer_science\work\GenericWeb\backend\venv\Lib\site-packages\rest_framework\serializers.py", line 253, in data
    self._data = self.to_representation(self.instance)
                 ^^^^^^^^^^^^^^^^^^^^^^^^^^^^^^^^^^^^^
  File "C:\Users\User\OneDrive\Desktop\computer_science\work\GenericWeb\backend\venv\Lib\site-packages\rest_framework\serializers.py", line 686, in to_representation
    return [
           ^
  File "C:\Users\User\OneDrive\Desktop\computer_science\work\GenericWeb\backend\venv\Lib\site-packages\rest_framework\serializers.py", line 687, in <listcomp>
    self.child.to_representation(item) for item in iterable
    ^^^^^^^^^^^^^^^^^^^^^^^^^^^^^^^^^^
  File "C:\Users\User\OneDrive\Desktop\computer_science\work\GenericWeb\backend\venv\Lib\site-packages\rest_framework\serializers.py", line 509, in to_representation
    attribute = field.get_attribute(instance)
                ^^^^^^^^^^^^^^^^^^^^^^^^^^^^^
  File "C:\Users\User\OneDrive\Desktop\computer_science\work\GenericWeb\backend\venv\Lib\site-packages\rest_framework\fields.py", line 479, in get_attribute
    raise type(exc)(msg)
KeyError: "Got KeyError when attempting to get a value for field `password` on serializer `UserSerializer`.\nThe serializer field might be named incorrectly and not match any attribute or key on the `dict` instance.\nOriginal exception text was: 'password'."
"GET /api/v1/getUsers/1/3/ HTTP/1.1" 500 174827
C:\Users\User\OneDrive\Desktop\computer_science\work\GenericWeb\backend\generic3\api\views.py changed, reloading.
Watching for file changes with StatReloader
"GET /api/v1/getUsers/1/3/ HTTP/1.1" 200 604
C:\Users\User\OneDrive\Desktop\computer_science\work\GenericWeb\backend\generic3\api\views.py changed, reloading.
Watching for file changes with StatReloader
Not Found: /favicon.ico
"GET /favicon.ico HTTP/1.1" 404 13208
"GET /admin/users/user/ HTTP/1.1" 200 28421
Not Found: /favicon.ico
"GET /favicon.ico HTTP/1.1" 404 13194
"GET /admin/users/user/ HTTP/1.1" 200 28464
"GET /admin/jsi18n/ HTTP/1.1" 200 3343
Watching for file changes with StatReloader
"GET /api/v1/getUsers/1/3/ HTTP/1.1" 200 604
"OPTIONS /api/v1/login/ HTTP/1.1" 200 0
"POST /api/v1/login/ HTTP/1.1" 200 941
"POST /api/v1/login/ HTTP/1.1" 200 941
"POST /api/v1/login/ HTTP/1.1" 200 941
"POST /api/v1/login/ HTTP/1.1" 200 941
"POST /api/v1/login/ HTTP/1.1" 200 941
Internal Server Error: /api/v1/login
Traceback (most recent call last):
  File "C:\Users\User\OneDrive\Desktop\computer_science\work\GenericWeb\backend\venv\Lib\site-packages\django\core\handlers\exception.py", line 55, in inner
    response = get_response(request)
               ^^^^^^^^^^^^^^^^^^^^^
  File "C:\Users\User\OneDrive\Desktop\computer_science\work\GenericWeb\backend\venv\Lib\site-packages\django\utils\deprecation.py", line 136, in __call__
    response = self.process_response(request, response)
               ^^^^^^^^^^^^^^^^^^^^^^^^^^^^^^^^^^^^^^^^
  File "C:\Users\User\OneDrive\Desktop\computer_science\work\GenericWeb\backend\venv\Lib\site-packages\django\middleware\common.py", line 108, in process_response
    return self.response_redirect_class(self.get_full_path_with_slash(request))
                                        ^^^^^^^^^^^^^^^^^^^^^^^^^^^^^^^^^^^^^^
  File "C:\Users\User\OneDrive\Desktop\computer_science\work\GenericWeb\backend\venv\Lib\site-packages\django\middleware\common.py", line 87, in get_full_path_with_slash
    raise RuntimeError(
RuntimeError: You called this URL via POST, but the URL doesn't end in a slash and you have APPEND_SLASH set. Django can't redirect to the slash URL while maintaining POST data. Change your form to point to e9eebf62425d.ngrok-free.app/api/v1/login/ (note the trailing slash), or set APPEND_SLASH=False in your Django settings.
"POST /api/v1/login HTTP/1.1" 500 80560
"POST /api/v1/login/ HTTP/1.1" 200 941
"POST /api/v1/login/ HTTP/1.1" 200 941
C:\Users\User\OneDrive\Desktop\computer_science\work\GenericWeb\backend\generic3\api\views.py changed, reloading.
Watching for file changes with StatReloader
"GET /api/v1/getUsers/1/3/ HTTP/1.1" 200 654
"GET /api/v1/getUsers/1/3/ HTTP/1.1" 200 654
C:\Users\User\OneDrive\Desktop\computer_science\work\GenericWeb\backend\generic3\api\views.py changed, reloading.
Watching for file changes with StatReloader
C:\Users\User\OneDrive\Desktop\computer_science\work\GenericWeb\backend\generic3\api\views.py changed, reloading.
Watching for file changes with StatReloader
C:\Users\User\OneDrive\Desktop\computer_science\work\GenericWeb\backend\generic3\api\views.py changed, reloading.
Watching for file changes with StatReloader
"OPTIONS /api/v1/login/ HTTP/1.1" 200 0
"POST /api/v1/login/ HTTP/1.1" 200 941
"OPTIONS /api/v1/getUsers/1/3/ HTTP/1.1" 200 0
"POST /api/v1/login/ HTTP/1.1" 200 941
Unauthorized: /api/v1/getUsers/1/3/
"GET /api/v1/getUsers/1/3/ HTTP/1.1" 401 58
Unauthorized: /api/v1/getUsers/1/3/
"GET /api/v1/getUsers/1/3/ HTTP/1.1" 401 58
"GET /api/v1/getUsers/1/3/ HTTP/1.1" 200 654
"GET /api/v1/getUsers/1/3/ HTTP/1.1" 200 654
C:\Users\User\OneDrive\Desktop\computer_science\work\GenericWeb\backend\generic3\api\views.py changed, reloading.
Watching for file changes with StatReloader
Unauthorized: /api/v1/getUsers/1/3/
"GET /api/v1/getUsers/1/3/ HTTP/1.1" 401 58
"GET /api/v1/getUsers/1/3/ HTTP/1.1" 200 604
"GET /api/v1/getUsers/1/4/ HTTP/1.1" 200 200
"GET /api/v1/getUsers/1/1/ HTTP/1.1" 200 214
C:\Users\User\OneDrive\Desktop\computer_science\work\GenericWeb\backend\generic3\api\views.py changed, reloading.
Watching for file changes with StatReloader
C:\Users\User\OneDrive\Desktop\computer_science\work\GenericWeb\backend\generic3\api\views.py changed, reloading.
Watching for file changes with StatReloader
"GET /api/v1/getUsers/0/1/ HTTP/1.1" 200 214
Not Found: /api/v1/getUsers/0/3/
"GET /api/v1/getUsers/0/3/ HTTP/1.1" 404 29
"GET /api/v1/getUsers/1/1/ HTTP/1.1" 200 214
"GET /api/v1/getUsers/1/3/ HTTP/1.1" 200 604
Internal Server Error: /api/v1/getUsers/1/5/
Traceback (most recent call last):
  File "C:\Users\User\OneDrive\Desktop\computer_science\work\GenericWeb\backend\venv\Lib\site-packages\django\core\handlers\exception.py", line 55, in inner
    response = get_response(request)
               ^^^^^^^^^^^^^^^^^^^^^
  File "C:\Users\User\OneDrive\Desktop\computer_science\work\GenericWeb\backend\venv\Lib\site-packages\django\core\handlers\base.py", line 197, in _get_response
    response = wrapped_callback(request, *callback_args, **callback_kwargs)
               ^^^^^^^^^^^^^^^^^^^^^^^^^^^^^^^^^^^^^^^^^^^^^^^^^^^^^^^^^^^^
  File "C:\Users\User\OneDrive\Desktop\computer_science\work\GenericWeb\backend\venv\Lib\site-packages\django\views\decorators\csrf.py", line 56, in wrapper_view
    return view_func(*args, **kwargs)
           ^^^^^^^^^^^^^^^^^^^^^^^^^^
  File "C:\Users\User\OneDrive\Desktop\computer_science\work\GenericWeb\backend\venv\Lib\site-packages\django\views\generic\base.py", line 104, in view
    return self.dispatch(request, *args, **kwargs)
           ^^^^^^^^^^^^^^^^^^^^^^^^^^^^^^^^^^^^^^^
  File "C:\Users\User\OneDrive\Desktop\computer_science\work\GenericWeb\backend\venv\Lib\site-packages\rest_framework\views.py", line 509, in dispatch
    response = self.handle_exception(exc)
               ^^^^^^^^^^^^^^^^^^^^^^^^^^
  File "C:\Users\User\OneDrive\Desktop\computer_science\work\GenericWeb\backend\venv\Lib\site-packages\rest_framework\views.py", line 469, in handle_exception
    self.raise_uncaught_exception(exc)
  File "C:\Users\User\OneDrive\Desktop\computer_science\work\GenericWeb\backend\venv\Lib\site-packages\rest_framework\views.py", line 480, in raise_uncaught_exception
    raise exc
  File "C:\Users\User\OneDrive\Desktop\computer_science\work\GenericWeb\backend\venv\Lib\site-packages\rest_framework\views.py", line 506, in dispatch
    response = handler(request, *args, **kwargs)
               ^^^^^^^^^^^^^^^^^^^^^^^^^^^^^^^^^
  File "C:\Users\User\OneDrive\Desktop\computer_science\work\GenericWeb\backend\venv\Lib\site-packages\rest_framework\decorators.py", line 50, in handler
    return func(*args, **kwargs)
           ^^^^^^^^^^^^^^^^^^^^^
  File "C:\Users\User\OneDrive\Desktop\computer_science\work\GenericWeb\backend\generic3\api\views.py", line 147, in get_users
    user_details = {}
    ^^^^^^^^^^^^
UnboundLocalError: cannot access local variable 'users' where it is not associated with a value
"GET /api/v1/getUsers/1/5/ HTTP/1.1" 500 117237
C:\Users\User\OneDrive\Desktop\computer_science\work\GenericWeb\backend\generic3\api\views.py changed, reloading.
Watching for file changes with StatReloader
Not Found: /api/v1/getUsers/1/5/
"GET /api/v1/getUsers/1/5/ HTTP/1.1" 404 43
C:\Users\User\OneDrive\Desktop\computer_science\work\GenericWeb\backend\generic3\api\views.py changed, reloading.
Watching for file changes with StatReloader
Not Found: /api/v1/getUsers/6/5/
"GET /api/v1/getUsers/6/5/ HTTP/1.1" 404 29
Not Found: /api/v1/getUsers/6/3/
"GET /api/v1/getUsers/6/3/ HTTP/1.1" 404 29
"GET /api/v1/getUsers/1/3/ HTTP/1.1" 200 604
Watching for file changes with StatReloader
Not Found: /
"GET / HTTP/1.1" 404 13146
"POST /api/v1/login/ HTTP/1.1" 200 941
"POST /api/v1/login/ HTTP/1.1" 200 941
"GET /api/v1/getUsers/1/3/ HTTP/1.1" 200 604
"GET /api/v1/getUsers/1/3/ HTTP/1.1" 200 604
"GET /api/v1/getUsers/1/4/ HTTP/1.1" 200 200
"GET /api/v1/getUsers/1/1/ HTTP/1.1" 200 214
Not Found: /api/v1/getUsers/1/6/
"GET /api/v1/getUsers/1/6/ HTTP/1.1" 404 56
Not Found: /api/v1/getUsers/1/5/
"GET /api/v1/getUsers/1/5/ HTTP/1.1" 404 56
Not Found: /api/v1/getUsers/1/7/
"GET /api/v1/getUsers/1/7/ HTTP/1.1" 404 56
Not Found: /api/v1/getUsers/1/2/
"GET /api/v1/getUsers/1/2/ HTTP/1.1" 404 27
Not Found: /api/v1/getUsers/2/3/
"GET /api/v1/getUsers/2/3/ HTTP/1.1" 404 29
"GET /api/v1/getUsers/0/1/ HTTP/1.1" 200 214
C:\Users\User\OneDrive\Desktop\computer_science\work\GenericWeb\backend\generic3\medications\admin.py changed, reloading.
Watching for file changes with StatReloader
C:\Users\User\OneDrive\Desktop\computer_science\work\GenericWeb\backend\generic3\medications\admin.py changed, reloading.
Watching for file changes with StatReloader
"GET /admin/ HTTP/1.1" 200 28579
"GET /static/admin/css/base.css HTTP/1.1" 304 0
"GET /static/admin/css/dark_mode.css HTTP/1.1" 304 0
"GET /static/admin/css/nav_sidebar.css HTTP/1.1" 304 0
"GET /static/admin/css/dashboard.css HTTP/1.1" 304 0
"GET /static/admin/css/responsive.css HTTP/1.1" 304 0
"GET /static/debug_toolbar/css/toolbar.css HTTP/1.1" 304 0
"GET /static/debug_toolbar/js/toolbar.js HTTP/1.1" 304 0
"GET /static/admin/js/theme.js HTTP/1.1" 304 0
"GET /static/admin/js/nav_sidebar.js HTTP/1.1" 304 0
"GET /static/debug_toolbar/css/print.css HTTP/1.1" 304 0
"GET /static/debug_toolbar/js/utils.js HTTP/1.1" 304 0
"GET /static/admin/img/icon-changelink.svg HTTP/1.1" 304 0
"GET /static/admin/img/icon-addlink.svg HTTP/1.1" 304 0
Not Found: /favicon.ico
"GET /favicon.ico HTTP/1.1" 404 13194
"GET /admin/medications/medicines/ HTTP/1.1" 200 24073
"GET /static/admin/css/changelists.css HTTP/1.1" 304 0
"GET /static/admin/js/core.js HTTP/1.1" 304 0
"GET /static/admin/js/vendor/jquery/jquery.js HTTP/1.1" 304 0
"GET /static/admin/js/admin/RelatedObjectLookups.js HTTP/1.1" 304 0
"GET /static/admin/js/actions.js HTTP/1.1" 304 0
"GET /static/admin/js/jquery.init.js HTTP/1.1" 304 0
"GET /static/admin/js/urlify.js HTTP/1.1" 304 0
"GET /static/admin/js/prepopulate.js HTTP/1.1" 304 0
"GET /static/admin/js/vendor/xregexp/xregexp.js HTTP/1.1" 304 0
"GET /static/admin/js/filters.js HTTP/1.1" 304 0
"GET /admin/jsi18n/ HTTP/1.1" 200 3343
"GET /static/admin/img/tooltag-add.svg HTTP/1.1" 304 0
"GET /admin/medications/medicines/add/ HTTP/1.1" 200 26789
"GET /static/admin/css/forms.css HTTP/1.1" 304 0
"GET /static/admin/js/prepopulate_init.js HTTP/1.1" 304 0
"GET /static/admin/css/widgets.css HTTP/1.1" 304 0
"GET /static/admin/js/change_form.js HTTP/1.1" 304 0
"GET /admin/jsi18n/ HTTP/1.1" 200 3343
"GET /admin/medications/medicines/ HTTP/1.1" 200 24073
"GET /admin/medications/clinicmedicine/ HTTP/1.1" 200 24118
"GET /admin/jsi18n/ HTTP/1.1" 200 3343
"GET /admin/medications/clinicmedicine/add/ HTTP/1.1" 200 27495
"GET /static/admin/img/icon-viewlink.svg HTTP/1.1" 304 0
"GET /admin/jsi18n/ HTTP/1.1" 200 3343
"GET /admin/medications/clinicmedicine/ HTTP/1.1" 200 24118
"GET /admin/medications/patientmedicine/ HTTP/1.1" 200 24126
"GET /admin/jsi18n/ HTTP/1.1" 200 3343
"GET /admin/medications/patientmedicine/add/ HTTP/1.1" 200 34749
"GET /static/admin/js/calendar.js HTTP/1.1" 304 0
"GET /static/admin/js/admin/DateTimeShortcuts.js HTTP/1.1" 304 0
"GET /admin/jsi18n/ HTTP/1.1" 200 3343
"GET /static/admin/img/icon-calendar.svg HTTP/1.1" 304 0
"GET /static/admin/img/icon-clock.svg HTTP/1.1" 304 0
"GET /admin/medications/patientmedicine/ HTTP/1.1" 200 24126
"OPTIONS /api/v1/login/ HTTP/1.1" 200 0
"POST /api/v1/login/ HTTP/1.1" 200 941
Watching for file changes with StatReloader
"POST /api/v1/login/ HTTP/1.1" 200 941
"GET /admin/ HTTP/1.1" 200 28578
Not Found: /favicon.ico
"GET /favicon.ico HTTP/1.1" 404 13194
"GET /admin/medications/medicines/ HTTP/1.1" 200 51038
"GET /admin/jsi18n/ HTTP/1.1" 200 3343
"GET /admin/medications/medicines/1999022181/change/ HTTP/1.1" 200 27196
"GET /admin/jsi18n/ HTTP/1.1" 200 3343
"GET /admin/medications/medicines/ HTTP/1.1" 200 51038
"OPTIONS /api/v1/login/ HTTP/1.1" 200 0
"POST /api/v1/login/ HTTP/1.1" 200 941
"POST /api/v1/login/ HTTP/1.1" 200 941
"GET /admin/medications/clinicmedicine/ HTTP/1.1" 200 24117
"GET /admin/jsi18n/ HTTP/1.1" 200 3343
"GET /admin/medications/clinicmedicine/add/ HTTP/1.1" 200 394369
"GET /admin/jsi18n/ HTTP/1.1" 200 3343
"POST /admin/medications/clinicmedicine/add/ HTTP/1.1" 302 0
"GET /admin/medications/clinicmedicine/ HTTP/1.1" 200 25552
"GET /admin/jsi18n/ HTTP/1.1" 200 3343
"GET /static/admin/img/icon-yes.svg HTTP/1.1" 304 0
"GET /admin/medications/clinicmedicine/add/ HTTP/1.1" 200 394369
"GET /admin/jsi18n/ HTTP/1.1" 200 3343
"POST /admin/medications/clinicmedicine/add/ HTTP/1.1" 302 0
"GET /admin/medications/clinicmedicine/ HTTP/1.1" 200 25792
"GET /admin/jsi18n/ HTTP/1.1" 200 3343
"GET /admin/medications/clinicmedicine/add/ HTTP/1.1" 200 394369
"GET /admin/jsi18n/ HTTP/1.1" 200 3343
"POST /admin/medications/clinicmedicine/add/ HTTP/1.1" 302 0
"GET /admin/medications/clinicmedicine/add/ HTTP/1.1" 200 394651
"GET /admin/jsi18n/ HTTP/1.1" 200 3343
"POST /admin/medications/clinicmedicine/add/ HTTP/1.1" 302 0
"GET /admin/medications/clinicmedicine/ HTTP/1.1" 200 26267
"GET /admin/jsi18n/ HTTP/1.1" 200 3343
"GET /admin/medications/clinicmedicine/add/ HTTP/1.1" 200 394369
"GET /admin/jsi18n/ HTTP/1.1" 200 3343
"POST /admin/medications/clinicmedicine/add/ HTTP/1.1" 302 0
"GET /admin/medications/clinicmedicine/ HTTP/1.1" 200 26506
"GET /admin/jsi18n/ HTTP/1.1" 200 3343
"GET /admin/medications/clinicmedicine/5/change/ HTTP/1.1" 200 394648
"GET /admin/jsi18n/ HTTP/1.1" 200 3343
"GET /admin/medications/clinicmedicine/ HTTP/1.1" 200 26266
"GET /admin/medications/clinicmedicine/4/change/ HTTP/1.1" 200 394648
"GET /admin/jsi18n/ HTTP/1.1" 200 3343
"GET /admin/medications/clinicmedicine/ HTTP/1.1" 200 26267
"GET /admin/medications/clinicmedicine/add/ HTTP/1.1" 200 394369
"GET /admin/jsi18n/ HTTP/1.1" 200 3343
"POST /admin/medications/clinicmedicine/add/ HTTP/1.1" 302 0
"GET /admin/medications/clinicmedicine/ HTTP/1.1" 200 26744
"GET /admin/jsi18n/ HTTP/1.1" 200 3343
"GET /admin/medications/patientmedicine/ HTTP/1.1" 200 24126
"GET /admin/jsi18n/ HTTP/1.1" 200 3343
"GET /admin/medications/patientmedicine/add/ HTTP/1.1" 200 401622
"GET /admin/jsi18n/ HTTP/1.1" 200 3343
"POST /admin/medications/patientmedicine/add/ HTTP/1.1" 302 0
"GET /admin/medications/patientmedicine/add/ HTTP/1.1" 200 401908
"GET /admin/jsi18n/ HTTP/1.1" 200 3343
"POST /admin/medications/patientmedicine/add/ HTTP/1.1" 302 0
"GET /admin/medications/patientmedicine/ HTTP/1.1" 200 25809
"GET /admin/jsi18n/ HTTP/1.1" 200 3343
C:\Users\User\OneDrive\Desktop\computer_science\work\GenericWeb\backend\generic3\api\urls.py changed, reloading.
Watching for file changes with StatReloader
C:\Users\User\OneDrive\Desktop\computer_science\work\GenericWeb\backend\generic3\api\views.py changed, reloading.
Watching for file changes with StatReloader
C:\Users\User\OneDrive\Desktop\computer_science\work\GenericWeb\backend\generic3\api\views.py changed, reloading.
Watching for file changes with StatReloader
"GET /api/v1/getClinicMedications/1/ HTTP/1.1" 200 647
Not Found: /api/v1/getClinicMedications/0/
"GET /api/v1/getClinicMedications/0/ HTTP/1.1" 404 30
Unauthorized: /api/v1/getClinicMedications/1/
"GET /api/v1/getClinicMedications/1/ HTTP/1.1" 401 27
"GET /api/v1/getClinicMedications/1/ HTTP/1.1" 200 647
C:\Users\User\OneDrive\Desktop\computer_science\work\GenericWeb\backend\generic3\api\urls.py changed, reloading.
Watching for file changes with StatReloader
C:\Users\User\OneDrive\Desktop\computer_science\work\GenericWeb\backend\generic3\api\views.py changed, reloading.
Watching for file changes with StatReloader
C:\Users\User\OneDrive\Desktop\computer_science\work\GenericWeb\backend\generic3\api\views.py changed, reloading.
Watching for file changes with StatReloader
C:\Users\User\OneDrive\Desktop\computer_science\work\GenericWeb\backend\generic3\api\views.py changed, reloading.
Watching for file changes with StatReloader
C:\Users\User\OneDrive\Desktop\computer_science\work\GenericWeb\backend\generic3\api\views.py changed, reloading.
Watching for file changes with StatReloader
Forbidden: /api/v1/getPatientMedications/1/3/
"GET /api/v1/getPatientMedications/1/3/ HTTP/1.1" 403 35
Forbidden: /api/v1/getPatientMedications/1/5/
"GET /api/v1/getPatientMedications/1/5/ HTTP/1.1" 403 35
Forbidden: /api/v1/getPatientMedications/1/6/
"GET /api/v1/getPatientMedications/1/6/ HTTP/1.1" 403 35
C:\Users\User\OneDrive\Desktop\computer_science\work\GenericWeb\backend\generic3\api\views.py changed, reloading.
Watching for file changes with StatReloader
Forbidden: /api/v1/getPatientMedications/1/6/
"GET /api/v1/getPatientMedications/1/6/ HTTP/1.1" 403 35
"GET /api/v1/getClinicMedications/1/ HTTP/1.1" 200 647
C:\Users\User\OneDrive\Desktop\computer_science\work\GenericWeb\backend\generic3\api\views.py changed, reloading.
Watching for file changes with StatReloader
Forbidden: /api/v1/getPatientMedications/1/5/
"GET /api/v1/getPatientMedications/1/5/ HTTP/1.1" 403 35
C:\Users\User\OneDrive\Desktop\computer_science\work\GenericWeb\backend\generic3\api\views.py changed, reloading.
Watching for file changes with StatReloader
Forbidden: /api/v1/getPatientMedications/1/5/
"GET /api/v1/getPatientMedications/1/5/ HTTP/1.1" 403 35
C:\Users\User\OneDrive\Desktop\computer_science\work\GenericWeb\backend\generic3\api\views.py changed, reloading.
Watching for file changes with StatReloader
Internal Server Error: /api/v1/getPatientMedications/1/5/
Traceback (most recent call last):
  File "C:\Users\User\OneDrive\Desktop\computer_science\work\GenericWeb\backend\venv\Lib\site-packages\django\core\handlers\exception.py", line 55, in inner
    response = get_response(request)
               ^^^^^^^^^^^^^^^^^^^^^
  File "C:\Users\User\OneDrive\Desktop\computer_science\work\GenericWeb\backend\venv\Lib\site-packages\django\core\handlers\base.py", line 197, in _get_response
    response = wrapped_callback(request, *callback_args, **callback_kwargs)
               ^^^^^^^^^^^^^^^^^^^^^^^^^^^^^^^^^^^^^^^^^^^^^^^^^^^^^^^^^^^^
  File "C:\Users\User\OneDrive\Desktop\computer_science\work\GenericWeb\backend\venv\Lib\site-packages\django\views\decorators\csrf.py", line 56, in wrapper_view
    return view_func(*args, **kwargs)
           ^^^^^^^^^^^^^^^^^^^^^^^^^^
  File "C:\Users\User\OneDrive\Desktop\computer_science\work\GenericWeb\backend\venv\Lib\site-packages\django\views\generic\base.py", line 104, in view
    return self.dispatch(request, *args, **kwargs)
           ^^^^^^^^^^^^^^^^^^^^^^^^^^^^^^^^^^^^^^^
  File "C:\Users\User\OneDrive\Desktop\computer_science\work\GenericWeb\backend\venv\Lib\site-packages\rest_framework\views.py", line 509, in dispatch
    response = self.handle_exception(exc)
               ^^^^^^^^^^^^^^^^^^^^^^^^^^
  File "C:\Users\User\OneDrive\Desktop\computer_science\work\GenericWeb\backend\venv\Lib\site-packages\rest_framework\views.py", line 469, in handle_exception
    self.raise_uncaught_exception(exc)
  File "C:\Users\User\OneDrive\Desktop\computer_science\work\GenericWeb\backend\venv\Lib\site-packages\rest_framework\views.py", line 480, in raise_uncaught_exception
    raise exc
  File "C:\Users\User\OneDrive\Desktop\computer_science\work\GenericWeb\backend\venv\Lib\site-packages\rest_framework\views.py", line 506, in dispatch
    response = handler(request, *args, **kwargs)
               ^^^^^^^^^^^^^^^^^^^^^^^^^^^^^^^^^
  File "C:\Users\User\OneDrive\Desktop\computer_science\work\GenericWeb\backend\venv\Lib\site-packages\rest_framework\decorators.py", line 50, in handler
    return func(*args, **kwargs)
           ^^^^^^^^^^^^^^^^^^^^^
  File "C:\Users\User\OneDrive\Desktop\computer_science\work\GenericWeb\backend\generic3\api\views.py", line 217, in get_patient_medications
    patient = Patient.objects.get(id=user.id)
              ^^^^^^^^^^^^^^^^^^^^^^^^^^^^^^^
  File "C:\Users\User\OneDrive\Desktop\computer_science\work\GenericWeb\backend\venv\Lib\site-packages\django\db\models\manager.py", line 87, in manager_method
    return getattr(self.get_queryset(), name)(*args, **kwargs)
           ^^^^^^^^^^^^^^^^^^^^^^^^^^^^^^^^^^^^^^^^^^^^^^^^^^^
  File "C:\Users\User\OneDrive\Desktop\computer_science\work\GenericWeb\backend\venv\Lib\site-packages\django\db\models\query.py", line 623, in get
    clone = self._chain() if self.query.combinator else self.filter(*args, **kwargs)
                                                        ^^^^^^^^^^^^^^^^^^^^^^^^^^^^
  File "C:\Users\User\OneDrive\Desktop\computer_science\work\GenericWeb\backend\venv\Lib\site-packages\django\db\models\query.py", line 1436, in filter
    return self._filter_or_exclude(False, args, kwargs)
           ^^^^^^^^^^^^^^^^^^^^^^^^^^^^^^^^^^^^^^^^^^^^
  File "C:\Users\User\OneDrive\Desktop\computer_science\work\GenericWeb\backend\venv\Lib\site-packages\django\db\models\query.py", line 1454, in _filter_or_exclude
    clone._filter_or_exclude_inplace(negate, args, kwargs)
  File "C:\Users\User\OneDrive\Desktop\computer_science\work\GenericWeb\backend\venv\Lib\site-packages\django\db\models\query.py", line 1461, in _filter_or_exclude_inplace
    self._query.add_q(Q(*args, **kwargs))
  File "C:\Users\User\OneDrive\Desktop\computer_science\work\GenericWeb\backend\venv\Lib\site-packages\django\db\models\sql\query.py", line 1498, in add_q
    clause, _ = self._add_q(q_object, self.used_aliases)
                ^^^^^^^^^^^^^^^^^^^^^^^^^^^^^^^^^^^^^^^^
  File "C:\Users\User\OneDrive\Desktop\computer_science\work\GenericWeb\backend\venv\Lib\site-packages\django\db\models\sql\query.py", line 1529, in _add_q
    child_clause, needed_inner = self.build_filter(
                                 ^^^^^^^^^^^^^^^^^^
  File "C:\Users\User\OneDrive\Desktop\computer_science\work\GenericWeb\backend\venv\Lib\site-packages\django\db\models\sql\query.py", line 1379, in build_filter
    lookups, parts, reffed_expression = self.solve_lookup_type(arg, summarize)
                                        ^^^^^^^^^^^^^^^^^^^^^^^^^^^^^^^^^^^^^^
  File "C:\Users\User\OneDrive\Desktop\computer_science\work\GenericWeb\backend\venv\Lib\site-packages\django\db\models\sql\query.py", line 1189, in solve_lookup_type
    _, field, _, lookup_parts = self.names_to_path(lookup_splitted, self.get_meta())
                                ^^^^^^^^^^^^^^^^^^^^^^^^^^^^^^^^^^^^^^^^^^^^^^^^^^^^
  File "C:\Users\User\OneDrive\Desktop\computer_science\work\GenericWeb\backend\venv\Lib\site-packages\django\db\models\sql\query.py", line 1677, in names_to_path
    raise FieldError(
django.core.exceptions.FieldError: Cannot resolve keyword 'id' into field. Choices are: patientclinic, patientdoctor, patientmedicine, user, user_id
"GET /api/v1/getPatientMedications/1/5/ HTTP/1.1" 500 166727
C:\Users\User\OneDrive\Desktop\computer_science\work\GenericWeb\backend\generic3\api\views.py changed, reloading.
Watching for file changes with StatReloader
"GET /api/v1/getPatientMedications/1/5/ HTTP/1.1" 200 532
Not Found: /api/v1/getPatientMedications/1/6/
"GET /api/v1/getPatientMedications/1/6/ HTTP/1.1" 404 66
Not Found: /api/v1/getPatientMedications/1/8/
"GET /api/v1/getPatientMedications/1/8/ HTTP/1.1" 404 28
Not Found: /api/v1/getPatientMedications/0/8/
"GET /api/v1/getPatientMedications/0/8/ HTTP/1.1" 404 30
Not Found: /api/v1/getPatientMedications/0/5/
"GET /api/v1/getPatientMedications/0/5/ HTTP/1.1" 404 30
Forbidden: /api/v1/getPatientMedications/1/3/
"GET /api/v1/getPatientMedications/1/3/ HTTP/1.1" 403 35
C:\Users\User\OneDrive\Desktop\computer_science\work\GenericWeb\backend\generic3\api\views.py changed, reloading.
Watching for file changes with StatReloader
C:\Users\User\OneDrive\Desktop\computer_science\work\GenericWeb\backend\generic3\api\views.py changed, reloading.
Watching for file changes with StatReloader
C:\Users\User\OneDrive\Desktop\computer_science\work\GenericWeb\backend\generic3\api\views.py changed, reloading.
Watching for file changes with StatReloader
C:\Users\User\OneDrive\Desktop\computer_science\work\GenericWeb\backend\generic3\api\views.py changed, reloading.
Watching for file changes with StatReloader
C:\Users\User\OneDrive\Desktop\computer_science\work\GenericWeb\backend\generic3\api\urls.py changed, reloading.
Watching for file changes with StatReloader
"GET /admin/medications/patientmedicine/ HTTP/1.1" 200 25567
"GET /admin/jsi18n/ HTTP/1.1" 200 3343
"GET /admin/medications/patientmedicine/ HTTP/1.1" 200 25566
"GET /admin/jsi18n/ HTTP/1.1" 200 3343
C:\Users\User\OneDrive\Desktop\computer_science\work\GenericWeb\backend\generic3\medications\urls.py changed, reloading.
Watching for file changes with StatReloader
C:\Users\User\OneDrive\Desktop\computer_science\work\GenericWeb\backend\generic3\api\views.py changed, reloading.
Watching for file changes with StatReloader
C:\Users\User\OneDrive\Desktop\computer_science\work\GenericWeb\backend\generic3\api\urls.py changed, reloading.
Watching for file changes with StatReloader
C:\Users\User\OneDrive\Desktop\computer_science\work\GenericWeb\backend\generic3\users\urls.py changed, reloading.
Watching for file changes with StatReloader
C:\Users\User\OneDrive\Desktop\computer_science\work\GenericWeb\backend\generic3\users\views.py changed, reloading.
Watching for file changes with StatReloader
C:\Users\User\OneDrive\Desktop\computer_science\work\GenericWeb\backend\generic3\api\views.py changed, reloading.
Watching for file changes with StatReloader
C:\Users\User\OneDrive\Desktop\computer_science\work\GenericWeb\backend\generic3\api\urls.py changed, reloading.
Watching for file changes with StatReloader
C:\Users\User\OneDrive\Desktop\computer_science\work\GenericWeb\backend\generic3\api\views.py changed, reloading.
Watching for file changes with StatReloader
"POST /api/v1/login/ HTTP/1.1" 200 941
"GET /api/v1/users/1/3/ HTTP/1.1" 200 604
Not Found: /api/v1/medications/getClinicMedications/1/
"GET /api/v1/medications/getClinicMedications/1/ HTTP/1.1" 404 13797
Not Found: /api/v1/medications/getPatientMedications/1/3/
"GET /api/v1/medications/getPatientMedications/1/3/ HTTP/1.1" 404 13809
"GET /api/v1/medications/clinic/1/ HTTP/1.1" 200 647
Forbidden: /api/v1/medications/patient/1/3/
"GET /api/v1/medications/patient/1/3/ HTTP/1.1" 403 35
"GET /api/v1/medications/patient/1/5/ HTTP/1.1" 200 532
C:\Users\User\OneDrive\Desktop\computer_science\work\GenericWeb\backend\generic3\medications\urls.py changed, reloading.
Watching for file changes with StatReloader
C:\Users\User\OneDrive\Desktop\computer_science\work\GenericWeb\backend\generic3\medications\views.py changed, reloading.
Watching for file changes with StatReloader
C:\Users\User\OneDrive\Desktop\computer_science\work\GenericWeb\backend\generic3\medications\views.py changed, reloading.
Watching for file changes with StatReloader
C:\Users\User\OneDrive\Desktop\computer_science\work\GenericWeb\backend\generic3\medications\views.py changed, reloading.
Watching for file changes with StatReloader
C:\Users\User\OneDrive\Desktop\computer_science\work\GenericWeb\backend\generic3\medications\views.py changed, reloading.
Watching for file changes with StatReloader
C:\Users\User\OneDrive\Desktop\computer_science\work\GenericWeb\backend\generic3\medications\views.py changed, reloading.
Watching for file changes with StatReloader
C:\Users\User\OneDrive\Desktop\computer_science\work\GenericWeb\backend\generic3\medications\urls.py changed, reloading.
Watching for file changes with StatReloader
"GET /admin/medications/medicines/ HTTP/1.1" 200 51039
"GET /admin/jsi18n/ HTTP/1.1" 200 3343
"GET /admin/medications/medicines/1999022181/change/ HTTP/1.1" 200 27196
"GET /admin/jsi18n/ HTTP/1.1" 200 3343
"POST /api/v1/medications/clinic/1/add/ HTTP/1.1" 201 43
"GET /admin/medications/clinicmedicine/ HTTP/1.1" 200 26743
"GET /admin/jsi18n/ HTTP/1.1" 200 3343
"GET /admin/medications/clinicmedicine/7/change/ HTTP/1.1" 200 394648
"GET /admin/jsi18n/ HTTP/1.1" 200 3343
"GET /admin/medications/clinicmedicine/ HTTP/1.1" 200 26743
"GET /admin/medications/clinicmedicine/6/change/ HTTP/1.1" 200 394648
"GET /admin/jsi18n/ HTTP/1.1" 200 3343
"GET /admin/medications/clinicmedicine/ HTTP/1.1" 200 26742
Unauthorized: /api/v1/medications/clinic/1/delete/1999022181/
"DELETE /api/v1/medications/clinic/1/delete/1999022181/ HTTP/1.1" 401 58
"DELETE /api/v1/medications/clinic/1/delete/1999022181/ HTTP/1.1" 204 45
"GET /admin/medications/clinicmedicine/ HTTP/1.1" 200 26504
"GET /admin/jsi18n/ HTTP/1.1" 200 3343
"DELETE /api/v1/medications/clinic/1/delete/1999022181/ HTTP/1.1" 204 45
"GET /admin/medications/clinicmedicine/ HTTP/1.1" 200 26504
"GET /admin/jsi18n/ HTTP/1.1" 200 3343
C:\Users\User\OneDrive\Desktop\computer_science\work\GenericWeb\backend\generic3\medications\views.py changed, reloading.
Watching for file changes with StatReloader
Not Found: /api/v1/medications/clinic/1/delete/1999022181/
"DELETE /api/v1/medications/clinic/1/delete/1999022181/ HTTP/1.1" 404 49
C:\Users\User\OneDrive\Desktop\computer_science\work\GenericWeb\backend\generic3\medications\urls.py changed, reloading.
Watching for file changes with StatReloader
C:\Users\User\OneDrive\Desktop\computer_science\work\GenericWeb\backend\generic3\medications\views.py changed, reloading.
Watching for file changes with StatReloader
C:\Users\User\OneDrive\Desktop\computer_science\work\GenericWeb\backend\generic3\users\models.py changed, reloading.
Watching for file changes with StatReloader
"GET /admin/medications/clinicmedicine/ HTTP/1.1" 200 26505
"GET /admin/jsi18n/ HTTP/1.1" 200 3343
"GET /admin/users/patientdoctor/ HTTP/1.1" 200 25782
"GET /admin/jsi18n/ HTTP/1.1" 200 3343
"GET /admin/users/patientdoctor/3/change/ HTTP/1.1" 200 29489
"GET /admin/jsi18n/ HTTP/1.1" 200 3343
"POST /admin/users/patientdoctor/3/change/ HTTP/1.1" 302 0
"GET /admin/users/patientdoctor/add/ HTTP/1.1" 200 29463
"GET /admin/jsi18n/ HTTP/1.1" 200 3343
"GET /admin/users/patientdoctor/3/change/ HTTP/1.1" 200 29489
"POST /admin/users/patientdoctor/3/change/ HTTP/1.1" 302 0
"GET /admin/users/patientdoctor/ HTTP/1.1" 200 26032
"GET /admin/jsi18n/ HTTP/1.1" 200 3343
"GET /admin/users/patientdoctor/2/change/ HTTP/1.1" 200 29489
"GET /admin/jsi18n/ HTTP/1.1" 200 3343
"POST /admin/users/patientdoctor/2/change/ HTTP/1.1" 302 0
"GET /admin/users/patientdoctor/ HTTP/1.1" 200 26032
"GET /admin/jsi18n/ HTTP/1.1" 200 3343
"GET /admin/users/patientdoctor/1/change/ HTTP/1.1" 200 29489
"GET /admin/jsi18n/ HTTP/1.1" 200 3343
"POST /admin/users/patientdoctor/1/change/ HTTP/1.1" 302 0
"GET /admin/users/patientdoctor/ HTTP/1.1" 200 26032
"GET /admin/jsi18n/ HTTP/1.1" 200 3343
"GET /admin/users/patientdoctor/ HTTP/1.1" 200 25782
"GET /admin/jsi18n/ HTTP/1.1" 200 3343
C:\Users\User\OneDrive\Desktop\computer_science\work\GenericWeb\backend\generic3\medications\views.py changed, reloading.
Watching for file changes with StatReloader
C:\Users\User\OneDrive\Desktop\computer_science\work\GenericWeb\backend\generic3\medications\views.py changed, reloading.
Watching for file changes with StatReloader
Watching for file changes with StatReloader
"POST /api/v1/login/ HTTP/1.1" 200 941
"POST /api/v1/login/ HTTP/1.1" 200 941
"GET /admin/medications/patientmedicine/ HTTP/1.1" 200 25567
"GET /admin/jsi18n/ HTTP/1.1" 200 3343
"GET /admin/medications/patientmedicine/2/change/ HTTP/1.1" 200 401903
"GET /admin/jsi18n/ HTTP/1.1" 200 3343
"GET /admin/medications/patientmedicine/ HTTP/1.1" 200 25566
"GET /admin/medications/patientmedicine/1/change/ HTTP/1.1" 200 401903
"GET /admin/jsi18n/ HTTP/1.1" 200 3343
"GET /admin/medications/patientmedicine/ HTTP/1.1" 200 25566
Bad Request: /api/v1/medications/patient/1/5/add/
"POST /api/v1/medications/patient/1/5/add/ HTTP/1.1" 400 110
Not Found: /api/v1/medications/patient/1/5/add/
"POST /api/v1/medications/patient/1/5/add/ HTTP/1.1" 404 53
"POST /api/v1/medications/clinic/1/add/ HTTP/1.1" 201 43
"POST /api/v1/medications/patient/1/5/add/ HTTP/1.1" 201 43
"GET /admin/medications/patientmedicine/ HTTP/1.1" 200 25806
"GET /admin/jsi18n/ HTTP/1.1" 200 3343
"GET /admin/medications/patientmedicine/3/change/ HTTP/1.1" 200 402189
"GET /admin/jsi18n/ HTTP/1.1" 200 3343
"GET /admin/medications/patientmedicine/ HTTP/1.1" 200 25806
C:\Users\User\OneDrive\Desktop\computer_science\work\GenericWeb\backend\generic3\medications\urls.py changed, reloading.
Watching for file changes with StatReloader
C:\Users\User\OneDrive\Desktop\computer_science\work\GenericWeb\backend\generic3\medications\views.py changed, reloading.
Watching for file changes with StatReloader
Method Not Allowed: /api/v1/medications/patient/1/5/update/
"POST /api/v1/medications/patient/1/5/update/ HTTP/1.1" 405 41
"PUT /api/v1/medications/patient/1/5/update/ HTTP/1.1" 200 45
"GET /admin/medications/patientmedicine/ HTTP/1.1" 200 25807
"GET /admin/jsi18n/ HTTP/1.1" 200 3343
"GET /admin/medications/patientmedicine/3/change/ HTTP/1.1" 200 402188
"GET /admin/jsi18n/ HTTP/1.1" 200 3343
C:\Users\User\OneDrive\Desktop\computer_science\work\GenericWeb\backend\generic3\medications\urls.py changed, reloading.
Watching for file changes with StatReloader
C:\Users\User\OneDrive\Desktop\computer_science\work\GenericWeb\backend\generic3\medications\views.py changed, reloading.
Watching for file changes with StatReloader
C:\Users\User\OneDrive\Desktop\computer_science\work\GenericWeb\backend\generic3\medications\urls.py changed, reloading.
Watching for file changes with StatReloader
C:\Users\User\OneDrive\Desktop\computer_science\work\GenericWeb\backend\generic3\medications\views.py changed, reloading.
Watching for file changes with StatReloader
"DELETE /api/v1/medications/patient/1/5/delete/1999022181/ HTTP/1.1" 204 45
"GET /admin/medications/patientmedicine/ HTTP/1.1" 200 25567
"POST /api/v1/login/ HTTP/1.1" 200 941
"OPTIONS /api/v1/login/ HTTP/1.1" 200 0
"POST /api/v1/login/ HTTP/1.1" 200 941
"POST /api/v1/login/ HTTP/1.1" 200 941
"POST /api/v1/login/ HTTP/1.1" 200 941
"POST /api/v1/login/ HTTP/1.1" 200 941
"POST /api/v1/login/ HTTP/1.1" 200 941
"OPTIONS /api/v1/login/ HTTP/1.1" 200 0
"POST /api/v1/login/ HTTP/1.1" 200 941
"POST /api/v1/login/ HTTP/1.1" 200 941
"OPTIONS /api/v1/login/ HTTP/1.1" 200 0
"POST /api/v1/login/ HTTP/1.1" 200 941
"POST /api/v1/login/ HTTP/1.1" 200 941
"POST /api/v1/login/ HTTP/1.1" 200 941
"POST /api/v1/login/ HTTP/1.1" 200 941
"POST /api/v1/login/ HTTP/1.1" 200 941
"POST /api/v1/login/ HTTP/1.1" 200 941
"POST /api/v1/login/ HTTP/1.1" 200 941
"POST /api/v1/login/ HTTP/1.1" 200 941
"POST /api/v1/login/ HTTP/1.1" 200 941
"POST /api/v1/login/ HTTP/1.1" 200 941
"POST /api/v1/login/ HTTP/1.1" 200 941
"POST /api/v1/login/ HTTP/1.1" 200 941
"POST /api/v1/login/ HTTP/1.1" 200 941
"POST /api/v1/login/ HTTP/1.1" 200 941
"POST /api/v1/login/ HTTP/1.1" 200 941
"POST /api/v1/login/ HTTP/1.1" 200 941
"POST /api/v1/login/ HTTP/1.1" 200 941
"POST /api/v1/login/ HTTP/1.1" 200 941
"POST /api/v1/login/ HTTP/1.1" 200 941
"POST /api/v1/login/ HTTP/1.1" 200 941
"POST /api/v1/login/ HTTP/1.1" 200 941
C:\Users\User\OneDrive\Desktop\computer_science\work\GenericWeb\backend\generic3\medications\urls.py changed, reloading.
Watching for file changes with StatReloader
C:\Users\User\OneDrive\Desktop\computer_science\work\GenericWeb\backend\generic3\medications\urls.py changed, reloading.
Watching for file changes with StatReloader
C:\Users\User\OneDrive\Desktop\computer_science\work\GenericWeb\backend\generic3\medications\urls.py changed, reloading.
Watching for file changes with StatReloader
C:\Users\User\OneDrive\Desktop\computer_science\work\GenericWeb\backend\generic3\medications\models.py changed, reloading.
Watching for file changes with StatReloader
C:\Users\User\OneDrive\Desktop\computer_science\work\GenericWeb\backend\generic3\medications\models.py changed, reloading.
Watching for file changes with StatReloader
C:\Users\User\OneDrive\Desktop\computer_science\work\GenericWeb\backend\generic3\medications\views.py changed, reloading.
Watching for file changes with StatReloader
C:\Users\User\OneDrive\Desktop\computer_science\work\GenericWeb\backend\generic3\medications\views.py changed, reloading.
Watching for file changes with StatReloader
C:\Users\User\OneDrive\Desktop\computer_science\work\GenericWeb\backend\generic3\medications\views.py changed, reloading.
Watching for file changes with StatReloader
C:\Users\User\OneDrive\Desktop\computer_science\work\GenericWeb\backend\generic3\medications\views.py changed, reloading.
Watching for file changes with StatReloader
C:\Users\User\OneDrive\Desktop\computer_science\work\GenericWeb\backend\generic3\medications\views.py changed, reloading.
Watching for file changes with StatReloader
C:\Users\User\OneDrive\Desktop\computer_science\work\GenericWeb\backend\generic3\medications\views.py changed, reloading.
Watching for file changes with StatReloader
C:\Users\User\OneDrive\Desktop\computer_science\work\GenericWeb\backend\generic3\medications\views.py changed, reloading.
Watching for file changes with StatReloader
C:\Users\User\OneDrive\Desktop\computer_science\work\GenericWeb\backend\generic3\medications\views.py changed, reloading.
Watching for file changes with StatReloader
Watching for file changes with StatReloader
C:\Users\User\OneDrive\Desktop\computer_science\work\GenericWeb\backend\generic3\medications\admin.py changed, reloading.
Watching for file changes with StatReloader
"GET /admin/ HTTP/1.1" 200 29211
"GET /static/admin/css/base.css HTTP/1.1" 304 0
"GET /static/admin/css/responsive.css HTTP/1.1" 304 0
"GET /static/admin/css/dark_mode.css HTTP/1.1" 304 0
"GET /static/admin/css/nav_sidebar.css HTTP/1.1" 304 0
"GET /static/admin/css/dashboard.css HTTP/1.1" 304 0
"GET /static/debug_toolbar/css/toolbar.css HTTP/1.1" 304 0
"GET /static/debug_toolbar/js/toolbar.js HTTP/1.1" 304 0
"GET /static/admin/js/theme.js HTTP/1.1" 304 0
"GET /static/admin/js/nav_sidebar.js HTTP/1.1" 304 0
"GET /static/debug_toolbar/css/print.css HTTP/1.1" 304 0
"GET /static/admin/img/icon-changelink.svg HTTP/1.1" 304 0
"GET /static/admin/img/icon-addlink.svg HTTP/1.1" 304 0
"GET /static/debug_toolbar/js/utils.js HTTP/1.1" 304 0
Not Found: /favicon.ico
"GET /favicon.ico HTTP/1.1" 404 15377
"GET /admin/medications/patientmedicine/ HTTP/1.1" 200 25908
"GET /static/admin/css/changelists.css HTTP/1.1" 304 0
"GET /static/admin/js/admin/RelatedObjectLookups.js HTTP/1.1" 304 0
"GET /static/admin/js/core.js HTTP/1.1" 304 0
"GET /static/admin/js/jquery.init.js HTTP/1.1" 304 0
"GET /static/admin/js/vendor/jquery/jquery.js HTTP/1.1" 304 0
"GET /static/admin/js/actions.js HTTP/1.1" 304 0
"GET /static/admin/js/urlify.js HTTP/1.1" 304 0
"GET /static/admin/js/prepopulate.js HTTP/1.1" 304 0
"GET /static/admin/js/vendor/xregexp/xregexp.js HTTP/1.1" 304 0
"GET /static/admin/js/filters.js HTTP/1.1" 304 0
"GET /admin/jsi18n/ HTTP/1.1" 200 3343
"GET /static/admin/img/tooltag-add.svg HTTP/1.1" 304 0
"GET /admin/medications/patientmedicine/2/change/ HTTP/1.1" 200 402246
"GET /static/admin/js/calendar.js HTTP/1.1" 304 0
"GET /static/admin/js/admin/DateTimeShortcuts.js HTTP/1.1" 304 0
"GET /static/admin/css/forms.css HTTP/1.1" 304 0
"GET /static/admin/img/icon-viewlink.svg HTTP/1.1" 304 0
"GET /static/admin/js/prepopulate_init.js HTTP/1.1" 304 0
"GET /static/admin/css/widgets.css HTTP/1.1" 304 0
"GET /static/admin/js/change_form.js HTTP/1.1" 304 0
"GET /admin/jsi18n/ HTTP/1.1" 200 3343
"GET /static/admin/img/icon-clock.svg HTTP/1.1" 304 0
"GET /static/admin/img/icon-calendar.svg HTTP/1.1" 304 0
"GET /admin/medications/patientmedicine/ HTTP/1.1" 200 25909
"GET /admin/medications/patientmedicine/1/change/ HTTP/1.1" 200 402246
"GET /admin/jsi18n/ HTTP/1.1" 200 3343
"GET /admin/medications/patientmedicine/ HTTP/1.1" 200 25908
"POST /api/v1/medications/patient/1/5/add/ HTTP/1.1" 201 43
"GET /admin/medications/patientmedicine/ HTTP/1.1" 200 26148
"GET /admin/jsi18n/ HTTP/1.1" 200 3343
Bad Request: /api/v1/medications/report/
"POST /api/v1/medications/report/ HTTP/1.1" 400 70
"POST /api/v1/medications/report/ HTTP/1.1" 201 54
"GET /admin/medications/medicationreport/ HTTP/1.1" 200 25679
"GET /admin/jsi18n/ HTTP/1.1" 200 3343
"GET /admin/medications/medicationreport/1/change/ HTTP/1.1" 200 397804
"GET /admin/jsi18n/ HTTP/1.1" 200 3343
C:\Users\User\OneDrive\Desktop\computer_science\work\GenericWeb\backend\generic3\generic3\utils.py changed, reloading.
Watching for file changes with StatReloader
"OPTIONS /api/v1/login/ HTTP/1.1" 200 0
"POST /api/v1/login/ HTTP/1.1" 200 941
C:\Users\User\OneDrive\Desktop\computer_science\work\GenericWeb\backend\generic3\generic3\utils.py changed, reloading.
Watching for file changes with StatReloader
C:\Users\User\OneDrive\Desktop\computer_science\work\GenericWeb\backend\generic3\generic3\utils.py changed, reloading.
Watching for file changes with StatReloader
C:\Users\User\OneDrive\Desktop\computer_science\work\GenericWeb\backend\generic3\medications\views.py changed, reloading.
Watching for file changes with StatReloader
Internal Server Error: /api/v1/medications/report/
Traceback (most recent call last):
  File "C:\Users\User\OneDrive\Desktop\computer_science\work\GenericWeb\backend\venv\Lib\site-packages\django\core\handlers\exception.py", line 55, in inner
    response = get_response(request)
               ^^^^^^^^^^^^^^^^^^^^^
  File "C:\Users\User\OneDrive\Desktop\computer_science\work\GenericWeb\backend\venv\Lib\site-packages\django\core\handlers\base.py", line 197, in _get_response
    response = wrapped_callback(request, *callback_args, **callback_kwargs)
               ^^^^^^^^^^^^^^^^^^^^^^^^^^^^^^^^^^^^^^^^^^^^^^^^^^^^^^^^^^^^
  File "C:\Users\User\OneDrive\Desktop\computer_science\work\GenericWeb\backend\venv\Lib\site-packages\django\views\decorators\csrf.py", line 56, in wrapper_view
    return view_func(*args, **kwargs)
           ^^^^^^^^^^^^^^^^^^^^^^^^^^
  File "C:\Users\User\OneDrive\Desktop\computer_science\work\GenericWeb\backend\venv\Lib\site-packages\django\views\generic\base.py", line 104, in view
    return self.dispatch(request, *args, **kwargs)
           ^^^^^^^^^^^^^^^^^^^^^^^^^^^^^^^^^^^^^^^
  File "C:\Users\User\OneDrive\Desktop\computer_science\work\GenericWeb\backend\venv\Lib\site-packages\rest_framework\views.py", line 509, in dispatch
    response = self.handle_exception(exc)
               ^^^^^^^^^^^^^^^^^^^^^^^^^^
  File "C:\Users\User\OneDrive\Desktop\computer_science\work\GenericWeb\backend\venv\Lib\site-packages\rest_framework\views.py", line 469, in handle_exception
    self.raise_uncaught_exception(exc)
  File "C:\Users\User\OneDrive\Desktop\computer_science\work\GenericWeb\backend\venv\Lib\site-packages\rest_framework\views.py", line 480, in raise_uncaught_exception
    raise exc
  File "C:\Users\User\OneDrive\Desktop\computer_science\work\GenericWeb\backend\venv\Lib\site-packages\rest_framework\views.py", line 506, in dispatch
    response = handler(request, *args, **kwargs)
               ^^^^^^^^^^^^^^^^^^^^^^^^^^^^^^^^^
  File "C:\Users\User\OneDrive\Desktop\computer_science\work\GenericWeb\backend\venv\Lib\site-packages\rest_framework\decorators.py", line 50, in handler
    return func(*args, **kwargs)
           ^^^^^^^^^^^^^^^^^^^^^
  File "C:\Users\User\OneDrive\Desktop\computer_science\work\GenericWeb\backend\generic3\medications\views.py", line 327, in patient_medication_report
    timestamp = format_timestamp(timestamp)
                ^^^^^^^^^^^^^^^^^^^^^^^^^^^
  File "C:\Users\User\OneDrive\Desktop\computer_science\work\GenericWeb\backend\generic3\generic3\utils.py", line 25, in format_timestamp
    return timestamp.strftime('%Y-%m-%d %H:%M:%S.%f')
           ^^^^^^^^^^^^^^^^^^
AttributeError: 'str' object has no attribute 'strftime'
"POST /api/v1/medications/report/ HTTP/1.1" 500 120660
C:\Users\User\OneDrive\Desktop\computer_science\work\GenericWeb\backend\generic3\generic3\utils.py changed, reloading.
Watching for file changes with StatReloader
C:\Users\User\OneDrive\Desktop\computer_science\work\GenericWeb\backend\generic3\generic3\utils.py changed, reloading.
Watching for file changes with StatReloader
"POST /api/v1/medications/report/ HTTP/1.1" 201 54
"POST /api/v1/login/ HTTP/1.1" 200 941
C:\Users\User\OneDrive\Desktop\computer_science\work\GenericWeb\backend\generic3\generic3\utils.py changed, reloading.
Watching for file changes with StatReloader
C:\Users\User\OneDrive\Desktop\computer_science\work\GenericWeb\backend\generic3\generic3\utils.py changed, reloading.
Watching for file changes with StatReloader
C:\Users\User\OneDrive\Desktop\computer_science\work\GenericWeb\backend\generic3\generic3\utils.py changed, reloading.
Watching for file changes with StatReloader
"POST /api/v1/medications/report/ HTTP/1.1" 201 54
C:\Users\User\OneDrive\Desktop\computer_science\work\GenericWeb\backend\generic3\generic3\utils.py changed, reloading.
Watching for file changes with StatReloader
"POST /api/v1/medications/report/ HTTP/1.1" 201 54
C:\Users\User\OneDrive\Desktop\computer_science\work\GenericWeb\backend\generic3\generic3\utils.py changed, reloading.
Watching for file changes with StatReloader
"GET /admin/medications/medicationreport/ HTTP/1.1" 200 26406
"GET /admin/medications/medicationreport/ HTTP/1.1" 200 26406
"GET /admin/jsi18n/ HTTP/1.1" 200 3343
"GET /admin/medications/medicationreport/4/change/ HTTP/1.1" 200 397804
"GET /admin/jsi18n/ HTTP/1.1" 200 3343
"POST /api/v1/medications/report/ HTTP/1.1" 201 54
"GET /admin/medications/medicationreport/ HTTP/1.1" 200 26647
"POST /api/v1/login/ HTTP/1.1" 200 941
"POST /api/v1/login/ HTTP/1.1" 200 941
"POST /api/v1/login/ HTTP/1.1" 200 941
"POST /api/v1/login/ HTTP/1.1" 200 941
"POST /api/v1/login/ HTTP/1.1" 200 941
"POST /api/v1/login/ HTTP/1.1" 200 941
"POST /api/v1/login/ HTTP/1.1" 200 941
C:\Users\User\OneDrive\Desktop\computer_science\work\GenericWeb\backend\generic3\medications\models.py changed, reloading.
Watching for file changes with StatReloader
"POST /api/v1/login/ HTTP/1.1" 200 941
C:\Users\User\OneDrive\Desktop\computer_science\work\GenericWeb\backend\generic3\medications\models.py changed, reloading.
Watching for file changes with StatReloader
Watching for file changes with StatReloader
Bad Request: /api/v1/medications/patient/1/5/add/
"POST /api/v1/medications/patient/1/5/add/ HTTP/1.1" 400 72
"DELETE /api/v1/medications/patient/1/5/delete/1999022181/ HTTP/1.1" 204 45
"GET /admin/medications/medicationreport/ HTTP/1.1" 200 26648
"GET /admin/jsi18n/ HTTP/1.1" 200 3343
"GET /admin/medications/patientmedicine/ HTTP/1.1" 200 25908
"GET /admin/jsi18n/ HTTP/1.1" 200 3343
"POST /api/v1/medications/patient/1/5/add/ HTTP/1.1" 201 43
"GET /admin/medications/patientmedicine/ HTTP/1.1" 200 26147
"GET /admin/jsi18n/ HTTP/1.1" 200 3343
"GET /admin/medications/patientmedicine/5/change/ HTTP/1.1" 200 402572
"GET /admin/jsi18n/ HTTP/1.1" 200 3343
"GET /admin/medications/patientmedicine/ HTTP/1.1" 200 26147
"GET /admin/medications/patientmedicine/2/change/ HTTP/1.1" 200 402244
"GET /admin/jsi18n/ HTTP/1.1" 200 3343
Bad Request: /api/v1/medications/patient/1/5/add/
"POST /api/v1/medications/patient/1/5/add/ HTTP/1.1" 400 72
"PUT /api/v1/medications/patient/1/5/update/ HTTP/1.1" 200 45
"GET /admin/medications/patientmedicine/2/change/ HTTP/1.1" 200 402592
"GET /admin/jsi18n/ HTTP/1.1" 200 3343
C:\Users\User\OneDrive\Desktop\computer_science\work\GenericWeb\backend\generic3\medications\views.py changed, reloading.
Watching for file changes with StatReloader
C:\Users\User\OneDrive\Desktop\computer_science\work\GenericWeb\backend\generic3\medications\views.py changed, reloading.
Watching for file changes with StatReloader
C:\Users\User\OneDrive\Desktop\computer_science\work\GenericWeb\backend\generic3\medications\views.py changed, reloading.
Watching for file changes with StatReloader
"POST /api/v1/medications/set/notification/ HTTP/1.1" 201 54
C:\Users\User\OneDrive\Desktop\computer_science\work\GenericWeb\backend\generic3\medications\admin.py changed, reloading.
Watching for file changes with StatReloader
"GET /admin/medications/patientmedicine/2/change/ HTTP/1.1" 200 402990
"GET /admin/jsi18n/ HTTP/1.1" 200 3343
"GET /admin/medications/medicationnotificationsettings/ HTTP/1.1" 200 26252
"GET /admin/jsi18n/ HTTP/1.1" 200 3343
"GET /admin/medications/medicationnotificationsettings/1/change/ HTTP/1.1" 200 400994
"GET /admin/jsi18n/ HTTP/1.1" 200 3343
"POST /api/v1/medications/set/notification/ HTTP/1.1" 201 54
"GET /admin/medications/medicationnotificationsettings/1/change/ HTTP/1.1" 200 400994
"GET /admin/jsi18n/ HTTP/1.1" 200 3343
"GET /admin/medications/medicationnotificationsettings/ HTTP/1.1" 200 26523
"GET /admin/medications/medicationnotificationsettings/2/change/ HTTP/1.1" 200 401003
"GET /admin/jsi18n/ HTTP/1.1" 200 3343
"GET /admin/medications/medicationnotificationsettings/ HTTP/1.1" 200 26522
"POST /api/v1/medications/set/notification/ HTTP/1.1" 201 54
"GET /admin/medications/medicationnotificationsettings/ HTTP/1.1" 200 26792
"GET /admin/jsi18n/ HTTP/1.1" 200 3343
"GET /admin/medications/medicationnotificationsettings/3/change/ HTTP/1.1" 200 401003
"GET /admin/jsi18n/ HTTP/1.1" 200 3343
"GET /admin/medications/medicationnotificationsettings/ HTTP/1.1" 200 26792
C:\Users\User\OneDrive\Desktop\computer_science\work\GenericWeb\backend\generic3\medications\views.py changed, reloading.
Watching for file changes with StatReloader
C:\Users\User\OneDrive\Desktop\computer_science\work\GenericWeb\backend\generic3\medications\views.py changed, reloading.
Watching for file changes with StatReloader
"GET /admin/medications/medicationnotificationsettings/ HTTP/1.1" 200 26794
"GET /admin/jsi18n/ HTTP/1.1" 200 3343
"POST /admin/medications/medicationnotificationsettings/ HTTP/1.1" 200 25326
"GET /static/admin/js/cancel.js HTTP/1.1" 200 884
"POST /admin/medications/medicationnotificationsettings/ HTTP/1.1" 302 0
"GET /admin/medications/medicationnotificationsettings/ HTTP/1.1" 200 26414
"GET /admin/jsi18n/ HTTP/1.1" 200 3343
"GET /static/admin/img/icon-yes.svg HTTP/1.1" 304 0
"GET /admin/medications/medicationnotificationsettings/ HTTP/1.1" 200 26251
"GET /admin/jsi18n/ HTTP/1.1" 200 3343
"POST /api/v1/medications/set/notification/ HTTP/1.1" 201 54
"GET /admin/medications/medicationnotificationsettings/ HTTP/1.1" 200 26251
"GET /admin/jsi18n/ HTTP/1.1" 200 3343
"GET /admin/medications/medicationnotificationsettings/1/change/ HTTP/1.1" 200 401003
"GET /admin/jsi18n/ HTTP/1.1" 200 3343
"POST /api/v1/login/ HTTP/1.1" 200 941
"POST /api/v1/login/ HTTP/1.1" 200 941
"POST /api/v1/login/ HTTP/1.1" 200 941
"POST /api/v1/login/ HTTP/1.1" 200 941
Watching for file changes with StatReloader
C:\Users\User\OneDrive\Desktop\computer_science\work\GenericWeb\backend\generic3\activities\admin.py changed, reloading.
Watching for file changes with StatReloader
C:\Users\User\OneDrive\Desktop\computer_science\work\GenericWeb\backend\generic3\activities\views.py changed, reloading.
Watching for file changes with StatReloader
"POST /api/v1/login/ HTTP/1.1" 200 941
C:\Users\User\OneDrive\Desktop\computer_science\work\GenericWeb\backend\generic3\activities\urls.py changed, reloading.
Watching for file changes with StatReloader
C:\Users\User\OneDrive\Desktop\computer_science\work\GenericWeb\backend\generic3\activities\views.py changed, reloading.
Watching for file changes with StatReloader
C:\Users\User\OneDrive\Desktop\computer_science\work\GenericWeb\backend\generic3\activities\views.py changed, reloading.
Watching for file changes with StatReloader
C:\Users\User\OneDrive\Desktop\computer_science\work\GenericWeb\backend\generic3\activities\views.py changed, reloading.
Watching for file changes with StatReloader
C:\Users\User\OneDrive\Desktop\computer_science\work\GenericWeb\backend\generic3\activities\views.py changed, reloading.
Watching for file changes with StatReloader
C:\Users\User\OneDrive\Desktop\computer_science\work\GenericWeb\backend\generic3\activities\views.py changed, reloading.
Watching for file changes with StatReloader
C:\Users\User\OneDrive\Desktop\computer_science\work\GenericWeb\backend\generic3\activities\views.py changed, reloading.
Watching for file changes with StatReloader
C:\Users\User\OneDrive\Desktop\computer_science\work\GenericWeb\backend\generic3\activities\views.py changed, reloading.
Watching for file changes with StatReloader
C:\Users\User\OneDrive\Desktop\computer_science\work\GenericWeb\backend\generic3\activities\views.py changed, reloading.
Watching for file changes with StatReloader
C:\Users\User\OneDrive\Desktop\computer_science\work\GenericWeb\backend\generic3\activities\views.py changed, reloading.
Watching for file changes with StatReloader
C:\Users\User\OneDrive\Desktop\computer_science\work\GenericWeb\backend\generic3\activities\views.py changed, reloading.
Watching for file changes with StatReloader
C:\Users\User\OneDrive\Desktop\computer_science\work\GenericWeb\backend\generic3\activities\urls.py changed, reloading.
Watching for file changes with StatReloader
"GET /api/v1/activities/clinic/1/ HTTP/1.1" 200 2
"GET /admin/medications/medicationnotificationsettings/1/change/ HTTP/1.1" 200 402219
"GET /admin/jsi18n/ HTTP/1.1" 200 3343
"GET /admin/activities/activity/ HTTP/1.1" 200 26015
"GET /admin/jsi18n/ HTTP/1.1" 200 3343
"GET /admin/activities/activity/add/ HTTP/1.1" 200 27441
"GET /admin/jsi18n/ HTTP/1.1" 200 3343
"POST /admin/activities/activity/add/ HTTP/1.1" 302 0
"GET /admin/activities/activity/add/ HTTP/1.1" 200 27683
"GET /admin/jsi18n/ HTTP/1.1" 200 3343
"POST /admin/activities/activity/add/ HTTP/1.1" 302 0
"GET /admin/activities/activity/add/ HTTP/1.1" 200 27683
"GET /admin/jsi18n/ HTTP/1.1" 200 3343
"POST /admin/activities/activity/add/ HTTP/1.1" 302 0
"GET /admin/activities/activity/add/ HTTP/1.1" 200 27683
"GET /admin/jsi18n/ HTTP/1.1" 200 3343
"POST /admin/activities/activity/add/ HTTP/1.1" 302 0
"GET /admin/activities/activity/4/change/ HTTP/1.1" 200 27946
"GET /admin/jsi18n/ HTTP/1.1" 200 3343
"POST /admin/activities/activity/4/change/ HTTP/1.1" 302 0
"GET /admin/activities/activity/add/ HTTP/1.1" 200 27685
"GET /admin/jsi18n/ HTTP/1.1" 200 3343
"POST /admin/activities/activity/add/ HTTP/1.1" 302 0
"GET /admin/activities/activity/add/ HTTP/1.1" 200 27686
"GET /admin/jsi18n/ HTTP/1.1" 200 3343
"POST /admin/activities/activity/add/ HTTP/1.1" 302 0
"GET /admin/activities/activity/ HTTP/1.1" 200 28453
"GET /admin/jsi18n/ HTTP/1.1" 200 3343
"POST /api/v1/activities/clinic/1/add/ HTTP/1.1" 201 41
Internal Server Error: /admin/activities/clinicactivity/
Traceback (most recent call last):
  File "C:\Users\User\OneDrive\Desktop\computer_science\work\GenericWeb\backend\venv\Lib\site-packages\django\db\models\options.py", line 681, in get_field
    return self.fields_map[field_name]
           ~~~~~~~~~~~~~~~^^^^^^^^^^^^
KeyError: '__str__'

During handling of the above exception, another exception occurred:

Traceback (most recent call last):
  File "C:\Users\User\OneDrive\Desktop\computer_science\work\GenericWeb\backend\venv\Lib\site-packages\django\contrib\admin\utils.py", line 272, in lookup_field
    f = _get_non_gfk_field(opts, name)
        ^^^^^^^^^^^^^^^^^^^^^^^^^^^^^^
  File "C:\Users\User\OneDrive\Desktop\computer_science\work\GenericWeb\backend\venv\Lib\site-packages\django\contrib\admin\utils.py", line 303, in _get_non_gfk_field
    field = opts.get_field(name)
            ^^^^^^^^^^^^^^^^^^^^
  File "C:\Users\User\OneDrive\Desktop\computer_science\work\GenericWeb\backend\venv\Lib\site-packages\django\db\models\options.py", line 683, in get_field
    raise FieldDoesNotExist(
django.core.exceptions.FieldDoesNotExist: ClinicActivity has no field named '__str__'

During handling of the above exception, another exception occurred:

Traceback (most recent call last):
  File "C:\Users\User\OneDrive\Desktop\computer_science\work\GenericWeb\backend\venv\Lib\site-packages\django\core\handlers\exception.py", line 55, in inner
    response = get_response(request)
               ^^^^^^^^^^^^^^^^^^^^^
  File "C:\Users\User\OneDrive\Desktop\computer_science\work\GenericWeb\backend\venv\Lib\site-packages\django\core\handlers\base.py", line 220, in _get_response
    response = response.render()
               ^^^^^^^^^^^^^^^^^
  File "C:\Users\User\OneDrive\Desktop\computer_science\work\GenericWeb\backend\venv\Lib\site-packages\django\template\response.py", line 111, in render
    self.content = self.rendered_content
                   ^^^^^^^^^^^^^^^^^^^^^
  File "C:\Users\User\OneDrive\Desktop\computer_science\work\GenericWeb\backend\venv\Lib\site-packages\django\template\response.py", line 89, in rendered_content
    return template.render(context, self._request)
           ^^^^^^^^^^^^^^^^^^^^^^^^^^^^^^^^^^^^^^^
  File "C:\Users\User\OneDrive\Desktop\computer_science\work\GenericWeb\backend\venv\Lib\site-packages\django\template\backends\django.py", line 61, in render
    return self.template.render(context)
           ^^^^^^^^^^^^^^^^^^^^^^^^^^^^^
  File "C:\Users\User\OneDrive\Desktop\computer_science\work\GenericWeb\backend\venv\Lib\site-packages\django\template\base.py", line 175, in render
    return self._render(context)
           ^^^^^^^^^^^^^^^^^^^^^
  File "C:\Users\User\OneDrive\Desktop\computer_science\work\GenericWeb\backend\venv\Lib\site-packages\django\test\utils.py", line 112, in instrumented_test_render
    return self.nodelist.render(context)
           ^^^^^^^^^^^^^^^^^^^^^^^^^^^^^
  File "C:\Users\User\OneDrive\Desktop\computer_science\work\GenericWeb\backend\venv\Lib\site-packages\django\template\base.py", line 1005, in render
    return SafeString("".join([node.render_annotated(context) for node in self]))
                              ^^^^^^^^^^^^^^^^^^^^^^^^^^^^^^^^^^^^^^^^^^^^^^^^^
  File "C:\Users\User\OneDrive\Desktop\computer_science\work\GenericWeb\backend\venv\Lib\site-packages\django\template\base.py", line 1005, in <listcomp>
    return SafeString("".join([node.render_annotated(context) for node in self]))
                               ^^^^^^^^^^^^^^^^^^^^^^^^^^^^^^
  File "C:\Users\User\OneDrive\Desktop\computer_science\work\GenericWeb\backend\venv\Lib\site-packages\django\template\base.py", line 966, in render_annotated
    return self.render(context)
           ^^^^^^^^^^^^^^^^^^^^
  File "C:\Users\User\OneDrive\Desktop\computer_science\work\GenericWeb\backend\venv\Lib\site-packages\django\template\loader_tags.py", line 157, in render
    return compiled_parent._render(context)
           ^^^^^^^^^^^^^^^^^^^^^^^^^^^^^^^^
  File "C:\Users\User\OneDrive\Desktop\computer_science\work\GenericWeb\backend\venv\Lib\site-packages\django\test\utils.py", line 112, in instrumented_test_render
    return self.nodelist.render(context)
           ^^^^^^^^^^^^^^^^^^^^^^^^^^^^^
  File "C:\Users\User\OneDrive\Desktop\computer_science\work\GenericWeb\backend\venv\Lib\site-packages\django\template\base.py", line 1005, in render
    return SafeString("".join([node.render_annotated(context) for node in self]))
                              ^^^^^^^^^^^^^^^^^^^^^^^^^^^^^^^^^^^^^^^^^^^^^^^^^
  File "C:\Users\User\OneDrive\Desktop\computer_science\work\GenericWeb\backend\venv\Lib\site-packages\django\template\base.py", line 1005, in <listcomp>
    return SafeString("".join([node.render_annotated(context) for node in self]))
                               ^^^^^^^^^^^^^^^^^^^^^^^^^^^^^^
  File "C:\Users\User\OneDrive\Desktop\computer_science\work\GenericWeb\backend\venv\Lib\site-packages\django\template\base.py", line 966, in render_annotated
    return self.render(context)
           ^^^^^^^^^^^^^^^^^^^^
  File "C:\Users\User\OneDrive\Desktop\computer_science\work\GenericWeb\backend\venv\Lib\site-packages\django\template\loader_tags.py", line 157, in render
    return compiled_parent._render(context)
           ^^^^^^^^^^^^^^^^^^^^^^^^^^^^^^^^
  File "C:\Users\User\OneDrive\Desktop\computer_science\work\GenericWeb\backend\venv\Lib\site-packages\django\test\utils.py", line 112, in instrumented_test_render
    return self.nodelist.render(context)
           ^^^^^^^^^^^^^^^^^^^^^^^^^^^^^
  File "C:\Users\User\OneDrive\Desktop\computer_science\work\GenericWeb\backend\venv\Lib\site-packages\django\template\base.py", line 1005, in render
    return SafeString("".join([node.render_annotated(context) for node in self]))
                              ^^^^^^^^^^^^^^^^^^^^^^^^^^^^^^^^^^^^^^^^^^^^^^^^^
  File "C:\Users\User\OneDrive\Desktop\computer_science\work\GenericWeb\backend\venv\Lib\site-packages\django\template\base.py", line 1005, in <listcomp>
    return SafeString("".join([node.render_annotated(context) for node in self]))
                               ^^^^^^^^^^^^^^^^^^^^^^^^^^^^^^
  File "C:\Users\User\OneDrive\Desktop\computer_science\work\GenericWeb\backend\venv\Lib\site-packages\django\template\base.py", line 966, in render_annotated
    return self.render(context)
           ^^^^^^^^^^^^^^^^^^^^
  File "C:\Users\User\OneDrive\Desktop\computer_science\work\GenericWeb\backend\venv\Lib\site-packages\django\template\loader_tags.py", line 63, in render
    result = block.nodelist.render(context)
             ^^^^^^^^^^^^^^^^^^^^^^^^^^^^^^
  File "C:\Users\User\OneDrive\Desktop\computer_science\work\GenericWeb\backend\venv\Lib\site-packages\django\template\base.py", line 1005, in render
    return SafeString("".join([node.render_annotated(context) for node in self]))
                              ^^^^^^^^^^^^^^^^^^^^^^^^^^^^^^^^^^^^^^^^^^^^^^^^^
  File "C:\Users\User\OneDrive\Desktop\computer_science\work\GenericWeb\backend\venv\Lib\site-packages\django\template\base.py", line 1005, in <listcomp>
    return SafeString("".join([node.render_annotated(context) for node in self]))
                               ^^^^^^^^^^^^^^^^^^^^^^^^^^^^^^
  File "C:\Users\User\OneDrive\Desktop\computer_science\work\GenericWeb\backend\venv\Lib\site-packages\django\template\base.py", line 966, in render_annotated
    return self.render(context)
           ^^^^^^^^^^^^^^^^^^^^
  File "C:\Users\User\OneDrive\Desktop\computer_science\work\GenericWeb\backend\venv\Lib\site-packages\django\template\loader_tags.py", line 63, in render
    result = block.nodelist.render(context)
             ^^^^^^^^^^^^^^^^^^^^^^^^^^^^^^
  File "C:\Users\User\OneDrive\Desktop\computer_science\work\GenericWeb\backend\venv\Lib\site-packages\django\template\base.py", line 1005, in render
    return SafeString("".join([node.render_annotated(context) for node in self]))
                              ^^^^^^^^^^^^^^^^^^^^^^^^^^^^^^^^^^^^^^^^^^^^^^^^^
  File "C:\Users\User\OneDrive\Desktop\computer_science\work\GenericWeb\backend\venv\Lib\site-packages\django\template\base.py", line 1005, in <listcomp>
    return SafeString("".join([node.render_annotated(context) for node in self]))
                               ^^^^^^^^^^^^^^^^^^^^^^^^^^^^^^
  File "C:\Users\User\OneDrive\Desktop\computer_science\work\GenericWeb\backend\venv\Lib\site-packages\django\template\base.py", line 966, in render_annotated
    return self.render(context)
           ^^^^^^^^^^^^^^^^^^^^
  File "C:\Users\User\OneDrive\Desktop\computer_science\work\GenericWeb\backend\venv\Lib\site-packages\django\contrib\admin\templatetags\base.py", line 45, in render
    return super().render(context)
           ^^^^^^^^^^^^^^^^^^^^^^^
  File "C:\Users\User\OneDrive\Desktop\computer_science\work\GenericWeb\backend\venv\Lib\site-packages\django\template\library.py", line 258, in render
    _dict = self.func(*resolved_args, **resolved_kwargs)
            ^^^^^^^^^^^^^^^^^^^^^^^^^^^^^^^^^^^^^^^^^^^^
  File "C:\Users\User\OneDrive\Desktop\computer_science\work\GenericWeb\backend\venv\Lib\site-packages\django\contrib\admin\templatetags\admin_list.py", line 336, in result_list
    "results": list(results(cl)),
               ^^^^^^^^^^^^^^^^^
  File "C:\Users\User\OneDrive\Desktop\computer_science\work\GenericWeb\backend\venv\Lib\site-packages\django\contrib\admin\templatetags\admin_list.py", line 312, in results
    yield ResultList(None, items_for_result(cl, res, None))
          ^^^^^^^^^^^^^^^^^^^^^^^^^^^^^^^^^^^^^^^^^^^^^^^^^
  File "C:\Users\User\OneDrive\Desktop\computer_science\work\GenericWeb\backend\venv\Lib\site-packages\django\contrib\admin\templatetags\admin_list.py", line 303, in __init__
    super().__init__(*items)
  File "C:\Users\User\OneDrive\Desktop\computer_science\work\GenericWeb\backend\venv\Lib\site-packages\django\contrib\admin\templatetags\admin_list.py", line 213, in items_for_result
    f, attr, value = lookup_field(field_name, result, cl.model_admin)
                     ^^^^^^^^^^^^^^^^^^^^^^^^^^^^^^^^^^^^^^^^^^^^^^^^
  File "C:\Users\User\OneDrive\Desktop\computer_science\work\GenericWeb\backend\venv\Lib\site-packages\django\contrib\admin\utils.py", line 285, in lookup_field
    value = attr()
            ^^^^^^
  File "C:\Users\User\OneDrive\Desktop\computer_science\work\GenericWeb\backend\generic3\activities\models.py", line 18, in __str__
    return f"{self.activity.name} at Clinic {self.clinic.name}"
                                             ^^^^^^^^^^^^^^^^
AttributeError: 'Clinic' object has no attribute 'name'
"GET /admin/activities/clinicactivity/ HTTP/1.1" 500 466189
"GET /admin/activities/activity/ HTTP/1.1" 200 28243
"GET /admin/clinics/clinic/ HTTP/1.1" 200 27131
"GET /admin/jsi18n/ HTTP/1.1" 200 3343
"GET /admin/clinics/clinic/1/change/ HTTP/1.1" 200 28359
"GET /admin/jsi18n/ HTTP/1.1" 200 3343
C:\Users\User\OneDrive\Desktop\computer_science\work\GenericWeb\backend\generic3\activities\models.py changed, reloading.
Watching for file changes with StatReloader
"POST /api/v1/activities/clinic/1/add/ HTTP/1.1" 201 41
"GET /admin/activities/clinicactivity/ HTTP/1.1" 200 27263
"GET /admin/jsi18n/ HTTP/1.1" 200 3343
"GET /admin/activities/clinicactivity/1/change/ HTTP/1.1" 200 29947
"GET /admin/jsi18n/ HTTP/1.1" 200 3343
"GET /admin/activities/clinicactivity/ HTTP/1.1" 200 27263
C:\Users\User\OneDrive\Desktop\computer_science\work\GenericWeb\backend\generic3\activities\models.py changed, reloading.
Watching for file changes with StatReloader
C:\Users\User\OneDrive\Desktop\computer_science\work\GenericWeb\backend\generic3\activities\models.py changed, reloading.
Watching for file changes with StatReloader
"GET /admin/activities/clinicactivity/ HTTP/1.1" 200 27245
"GET /admin/jsi18n/ HTTP/1.1" 200 3343
"GET /admin/activities/clinicactivity/1/change/ HTTP/1.1" 200 29892
"GET /admin/jsi18n/ HTTP/1.1" 200 3343
"GET /admin/activities/clinicactivity/ HTTP/1.1" 200 27245
"GET /api/v1/activities/clinic/1/ HTTP/1.1" 200 75
"DELETE /api/v1/activities/clinic/1/delete/1/ HTTP/1.1" 204 43
"GET /api/v1/activities/clinic/1/ HTTP/1.1" 200 2
"POST /api/v1/activities/clinic/1/add/ HTTP/1.1" 201 41
"GET /admin/activities/clinicactivity/ HTTP/1.1" 200 27244
"GET /admin/jsi18n/ HTTP/1.1" 200 3343
"OPTIONS /api/v1/login/ HTTP/1.1" 200 0
"POST /api/v1/login/ HTTP/1.1" 200 941
"POST /api/v1/login/ HTTP/1.1" 200 941
"POST /api/v1/login/ HTTP/1.1" 200 941
"POST /api/v1/login/ HTTP/1.1" 200 941
"POST /api/v1/login/ HTTP/1.1" 200 941
"POST /api/v1/login/ HTTP/1.1" 200 941
"POST /api/v1/login/ HTTP/1.1" 200 941
"POST /api/v1/login/ HTTP/1.1" 200 941
"POST /api/v1/login/ HTTP/1.1" 200 941
C:\Users\User\OneDrive\Desktop\computer_science\work\GenericWeb\backend\generic3\activities\urls.py changed, reloading.
Watching for file changes with StatReloader
C:\Users\User\OneDrive\Desktop\computer_science\work\GenericWeb\backend\generic3\activities\views.py changed, reloading.
Watching for file changes with StatReloader
C:\Users\User\OneDrive\Desktop\computer_science\work\GenericWeb\backend\generic3\activities\views.py changed, reloading.
Watching for file changes with StatReloader
C:\Users\User\OneDrive\Desktop\computer_science\work\GenericWeb\backend\generic3\medications\views.py changed, reloading.
Watching for file changes with StatReloader
C:\Users\User\OneDrive\Desktop\computer_science\work\GenericWeb\backend\generic3\activities\views.py changed, reloading.
Watching for file changes with StatReloader
C:\Users\User\OneDrive\Desktop\computer_science\work\GenericWeb\backend\generic3\medications\views.py changed, reloading.
Watching for file changes with StatReloader
C:\Users\User\OneDrive\Desktop\computer_science\work\GenericWeb\backend\generic3\activities\views.py changed, reloading.
Watching for file changes with StatReloader
C:\Users\User\OneDrive\Desktop\computer_science\work\GenericWeb\backend\generic3\activities\views.py changed, reloading.
Watching for file changes with StatReloader
C:\Users\User\OneDrive\Desktop\computer_science\work\GenericWeb\backend\generic3\activities\views.py changed, reloading.
Watching for file changes with StatReloader
C:\Users\User\OneDrive\Desktop\computer_science\work\GenericWeb\backend\generic3\activities\views.py changed, reloading.
Watching for file changes with StatReloader
C:\Users\User\OneDrive\Desktop\computer_science\work\GenericWeb\backend\generic3\activities\views.py changed, reloading.
Watching for file changes with StatReloader
C:\Users\User\OneDrive\Desktop\computer_science\work\GenericWeb\backend\generic3\activities\views.py changed, reloading.
Watching for file changes with StatReloader
C:\Users\User\OneDrive\Desktop\computer_science\work\GenericWeb\backend\generic3\activities\views.py changed, reloading.
Watching for file changes with StatReloader
C:\Users\User\OneDrive\Desktop\computer_science\work\GenericWeb\backend\generic3\activities\views.py changed, reloading.
Watching for file changes with StatReloader
"GET /api/v1/activities/clinic/1/ HTTP/1.1" 200 75
"POST /api/v1/activities/clinic/1/add/ HTTP/1.1" 201 41
"GET /api/v1/activities/clinic/1/ HTTP/1.1" 200 145
"POST /api/v1/activities/clinic/1/add/ HTTP/1.1" 201 41
"GET /api/v1/activities/clinic/1/ HTTP/1.1" 200 212
"GET /api/v1/activities/patient/1/5/ HTTP/1.1" 200 2
"POST /api/v1/activities/patient/1/5/add/ HTTP/1.1" 201 41
"POST /api/v1/activities/patient/1/5/add/ HTTP/1.1" 201 41
"GET /api/v1/activities/patient/1/5/ HTTP/1.1" 200 266
"GET /api/v1/activities/clinic/1/ HTTP/1.1" 200 212
C:\Users\User\OneDrive\Desktop\computer_science\work\GenericWeb\backend\generic3\activities\views.py changed, reloading.
Watching for file changes with StatReloader
"GET /api/v1/activities/patient/1/5/ HTTP/1.1" 200 266
"GET /api/v1/activities/clinic/1/ HTTP/1.1" 200 212
Not Found: /api/v1/activities/patient/1/5/add/
"POST /api/v1/activities/patient/1/5/add/ HTTP/1.1" 404 47
"GET /admin/ HTTP/1.1" 200 31104
"GET /static/admin/css/base.css HTTP/1.1" 304 0
"GET /static/admin/css/dark_mode.css HTTP/1.1" 304 0
"GET /static/admin/css/nav_sidebar.css HTTP/1.1" 304 0
"GET /static/admin/js/nav_sidebar.js HTTP/1.1" 304 0
"GET /static/admin/css/responsive.css HTTP/1.1" 304 0
"GET /static/admin/css/dashboard.css HTTP/1.1" 304 0
"GET /static/debug_toolbar/css/toolbar.css HTTP/1.1" 304 0
"GET /static/debug_toolbar/js/toolbar.js HTTP/1.1" 304 0
"GET /static/admin/js/theme.js HTTP/1.1" 304 0
"GET /static/admin/img/icon-changelink.svg HTTP/1.1" 304 0
"GET /static/admin/img/icon-addlink.svg HTTP/1.1" 304 0
"GET /static/admin/img/icon-deletelink.svg HTTP/1.1" 304 0
"GET /static/debug_toolbar/css/print.css HTTP/1.1" 304 0
"GET /static/debug_toolbar/js/utils.js HTTP/1.1" 304 0
Not Found: /favicon.ico
"GET /favicon.ico HTTP/1.1" 404 16864
"GET /admin/activities/activity/ HTTP/1.1" 200 28244
"GET /static/admin/css/changelists.css HTTP/1.1" 304 0
"GET /static/admin/js/admin/RelatedObjectLookups.js HTTP/1.1" 304 0
"GET /static/admin/js/jquery.init.js HTTP/1.1" 304 0
"GET /static/admin/js/core.js HTTP/1.1" 304 0
"GET /static/admin/js/vendor/jquery/jquery.js HTTP/1.1" 304 0
"GET /static/admin/js/vendor/xregexp/xregexp.js HTTP/1.1" 304 0
"GET /static/admin/js/urlify.js HTTP/1.1" 304 0
"GET /static/admin/js/actions.js HTTP/1.1" 304 0
"GET /static/admin/js/prepopulate.js HTTP/1.1" 304 0
"GET /static/admin/js/filters.js HTTP/1.1" 304 0
"GET /admin/jsi18n/ HTTP/1.1" 200 3343
"GET /static/admin/img/tooltag-add.svg HTTP/1.1" 304 0
"GET /admin/activities/clinicactivity/ HTTP/1.1" 200 27684
"GET /admin/jsi18n/ HTTP/1.1" 200 3343
"GET /admin/activities/clinicactivity/4/change/ HTTP/1.1" 200 29892
"GET /static/admin/css/forms.css HTTP/1.1" 304 0
"GET /static/admin/css/widgets.css HTTP/1.1" 304 0
"GET /static/admin/img/icon-viewlink.svg HTTP/1.1" 304 0
"GET /static/admin/js/prepopulate_init.js HTTP/1.1" 304 0
"GET /static/admin/js/change_form.js HTTP/1.1" 304 0
"GET /admin/jsi18n/ HTTP/1.1" 200 3343
"GET /admin/activities/clinicactivity/ HTTP/1.1" 200 27684
"GET /admin/activities/clinicactivity/3/change/ HTTP/1.1" 200 29892
"GET /admin/jsi18n/ HTTP/1.1" 200 3343
"GET /admin/activities/clinicactivity/ HTTP/1.1" 200 27684
"GET /admin/activities/patientactivity/ HTTP/1.1" 200 27537
"GET /admin/jsi18n/ HTTP/1.1" 200 3343
"GET /admin/activities/patientactivity/2/change/ HTTP/1.1" 200 33350
"GET /admin/jsi18n/ HTTP/1.1" 200 3343
"GET /admin/activities/patientactivity/ HTTP/1.1" 200 27537
"GET /admin/activities/activity/ HTTP/1.1" 200 28244
"GET /admin/jsi18n/ HTTP/1.1" 200 3343
"GET /admin/activities/activity/3/change/ HTTP/1.1" 200 27699
"GET /admin/jsi18n/ HTTP/1.1" 200 3343
"GET /admin/activities/activity/ HTTP/1.1" 200 28244
"GET /api/v1/activities/patient/1/5/ HTTP/1.1" 200 266
"GET /api/v1/activities/clinic/1/ HTTP/1.1" 200 212
C:\Users\User\OneDrive\Desktop\computer_science\work\GenericWeb\backend\generic3\activities\views.py changed, reloading.
Watching for file changes with StatReloader
"GET /api/v1/activities/clinic/1/ HTTP/1.1" 200 212
"DELETE /api/v1/activities/patient/1/5/delete/1/ HTTP/1.1" 204 43
"GET /admin/activities/patientactivity/ HTTP/1.1" 200 27285
"GET /admin/jsi18n/ HTTP/1.1" 200 3343
C:\Users\User\OneDrive\Desktop\computer_science\work\GenericWeb\backend\generic3\activities\views.py changed, reloading.
Watching for file changes with StatReloader
C:\Users\User\OneDrive\Desktop\computer_science\work\GenericWeb\backend\generic3\activities\views.py changed, reloading.
Watching for file changes with StatReloader
C:\Users\User\OneDrive\Desktop\computer_science\work\GenericWeb\backend\generic3\activities\views.py changed, reloading.
Watching for file changes with StatReloader
C:\Users\User\OneDrive\Desktop\computer_science\work\GenericWeb\backend\generic3\activities\models.py changed, reloading.
Watching for file changes with StatReloader
C:\Users\User\OneDrive\Desktop\computer_science\work\GenericWeb\backend\generic3\activities\models.py changed, reloading.
Watching for file changes with StatReloader
C:\Users\User\OneDrive\Desktop\computer_science\work\GenericWeb\backend\generic3\activities\models.py changed, reloading.
Watching for file changes with StatReloader
C:\Users\User\OneDrive\Desktop\computer_science\work\GenericWeb\backend\generic3\activities\views.py changed, reloading.
Watching for file changes with StatReloader
C:\Users\User\OneDrive\Desktop\computer_science\work\GenericWeb\backend\generic3\activities\views.py changed, reloading.
Watching for file changes with StatReloader
C:\Users\User\OneDrive\Desktop\computer_science\work\GenericWeb\backend\generic3\activities\urls.py changed, reloading.
Watching for file changes with StatReloader
Not Found: /api/v1/activities/report/
"POST /api/v1/activities/report/ HTTP/1.1" 404 64
Internal Server Error: /api/v1/activities/report/
Traceback (most recent call last):
  File "C:\Users\User\OneDrive\Desktop\computer_science\work\GenericWeb\backend\venv\Lib\site-packages\django\db\backends\utils.py", line 89, in _execute
    return self.cursor.execute(sql, params)
           ^^^^^^^^^^^^^^^^^^^^^^^^^^^^^^^^
  File "C:\Users\User\OneDrive\Desktop\computer_science\work\GenericWeb\backend\venv\Lib\site-packages\django\db\backends\sqlite3\base.py", line 328, in execute
    return super().execute(query, params)
           ^^^^^^^^^^^^^^^^^^^^^^^^^^^^^^
sqlite3.OperationalError: no such table: activities_activityreport

The above exception was the direct cause of the following exception:

Traceback (most recent call last):
  File "C:\Users\User\OneDrive\Desktop\computer_science\work\GenericWeb\backend\venv\Lib\site-packages\django\core\handlers\exception.py", line 55, in inner
    response = get_response(request)
               ^^^^^^^^^^^^^^^^^^^^^
  File "C:\Users\User\OneDrive\Desktop\computer_science\work\GenericWeb\backend\venv\Lib\site-packages\django\core\handlers\base.py", line 197, in _get_response
    response = wrapped_callback(request, *callback_args, **callback_kwargs)
               ^^^^^^^^^^^^^^^^^^^^^^^^^^^^^^^^^^^^^^^^^^^^^^^^^^^^^^^^^^^^
  File "C:\Users\User\OneDrive\Desktop\computer_science\work\GenericWeb\backend\venv\Lib\site-packages\django\views\decorators\csrf.py", line 56, in wrapper_view
    return view_func(*args, **kwargs)
           ^^^^^^^^^^^^^^^^^^^^^^^^^^
  File "C:\Users\User\OneDrive\Desktop\computer_science\work\GenericWeb\backend\venv\Lib\site-packages\django\views\generic\base.py", line 104, in view
    return self.dispatch(request, *args, **kwargs)
           ^^^^^^^^^^^^^^^^^^^^^^^^^^^^^^^^^^^^^^^
  File "C:\Users\User\OneDrive\Desktop\computer_science\work\GenericWeb\backend\venv\Lib\site-packages\rest_framework\views.py", line 509, in dispatch
    response = self.handle_exception(exc)
               ^^^^^^^^^^^^^^^^^^^^^^^^^^
  File "C:\Users\User\OneDrive\Desktop\computer_science\work\GenericWeb\backend\venv\Lib\site-packages\rest_framework\views.py", line 469, in handle_exception
    self.raise_uncaught_exception(exc)
  File "C:\Users\User\OneDrive\Desktop\computer_science\work\GenericWeb\backend\venv\Lib\site-packages\rest_framework\views.py", line 480, in raise_uncaught_exception
    raise exc
  File "C:\Users\User\OneDrive\Desktop\computer_science\work\GenericWeb\backend\venv\Lib\site-packages\rest_framework\views.py", line 506, in dispatch
    response = handler(request, *args, **kwargs)
               ^^^^^^^^^^^^^^^^^^^^^^^^^^^^^^^^^
  File "C:\Users\User\OneDrive\Desktop\computer_science\work\GenericWeb\backend\venv\Lib\site-packages\rest_framework\decorators.py", line 50, in handler
    return func(*args, **kwargs)
           ^^^^^^^^^^^^^^^^^^^^^
  File "C:\Users\User\OneDrive\Desktop\computer_science\work\GenericWeb\backend\generic3\activities\views.py", line 261, in patient_activity_report
    ActivityReport.objects.create(
  File "C:\Users\User\OneDrive\Desktop\computer_science\work\GenericWeb\backend\venv\Lib\site-packages\django\db\models\manager.py", line 87, in manager_method
    return getattr(self.get_queryset(), name)(*args, **kwargs)
           ^^^^^^^^^^^^^^^^^^^^^^^^^^^^^^^^^^^^^^^^^^^^^^^^^^^
  File "C:\Users\User\OneDrive\Desktop\computer_science\work\GenericWeb\backend\venv\Lib\site-packages\django\db\models\query.py", line 658, in create
    obj.save(force_insert=True, using=self.db)
  File "C:\Users\User\OneDrive\Desktop\computer_science\work\GenericWeb\backend\venv\Lib\site-packages\django\db\models\base.py", line 814, in save
    self.save_base(
  File "C:\Users\User\OneDrive\Desktop\computer_science\work\GenericWeb\backend\venv\Lib\site-packages\django\db\models\base.py", line 877, in save_base
    updated = self._save_table(
              ^^^^^^^^^^^^^^^^^
  File "C:\Users\User\OneDrive\Desktop\computer_science\work\GenericWeb\backend\venv\Lib\site-packages\django\db\models\base.py", line 1020, in _save_table
    results = self._do_insert(
              ^^^^^^^^^^^^^^^^
  File "C:\Users\User\OneDrive\Desktop\computer_science\work\GenericWeb\backend\venv\Lib\site-packages\django\db\models\base.py", line 1061, in _do_insert
    return manager._insert(
           ^^^^^^^^^^^^^^^^
  File "C:\Users\User\OneDrive\Desktop\computer_science\work\GenericWeb\backend\venv\Lib\site-packages\django\db\models\manager.py", line 87, in manager_method
    return getattr(self.get_queryset(), name)(*args, **kwargs)
           ^^^^^^^^^^^^^^^^^^^^^^^^^^^^^^^^^^^^^^^^^^^^^^^^^^^
  File "C:\Users\User\OneDrive\Desktop\computer_science\work\GenericWeb\backend\venv\Lib\site-packages\django\db\models\query.py", line 1805, in _insert
    return query.get_compiler(using=using).execute_sql(returning_fields)
           ^^^^^^^^^^^^^^^^^^^^^^^^^^^^^^^^^^^^^^^^^^^^^^^^^^^^^^^^^^^^^
  File "C:\Users\User\OneDrive\Desktop\computer_science\work\GenericWeb\backend\venv\Lib\site-packages\django\db\models\sql\compiler.py", line 1820, in execute_sql
    cursor.execute(sql, params)
  File "C:\Users\User\OneDrive\Desktop\computer_science\work\GenericWeb\backend\venv\Lib\site-packages\debug_toolbar\panels\sql\tracking.py", line 235, in execute
    return self._record(super().execute, sql, params)
           ^^^^^^^^^^^^^^^^^^^^^^^^^^^^^^^^^^^^^^^^^^
  File "C:\Users\User\OneDrive\Desktop\computer_science\work\GenericWeb\backend\venv\Lib\site-packages\debug_toolbar\panels\sql\tracking.py", line 160, in _record
    return method(sql, params)
           ^^^^^^^^^^^^^^^^^^^
  File "C:\Users\User\OneDrive\Desktop\computer_science\work\GenericWeb\backend\venv\Lib\site-packages\django\db\backends\utils.py", line 102, in execute
    return super().execute(sql, params)
           ^^^^^^^^^^^^^^^^^^^^^^^^^^^^
  File "C:\Users\User\OneDrive\Desktop\computer_science\work\GenericWeb\backend\venv\Lib\site-packages\django\db\backends\utils.py", line 67, in execute
    return self._execute_with_wrappers(
           ^^^^^^^^^^^^^^^^^^^^^^^^^^^^
  File "C:\Users\User\OneDrive\Desktop\computer_science\work\GenericWeb\backend\venv\Lib\site-packages\django\db\backends\utils.py", line 80, in _execute_with_wrappers
    return executor(sql, params, many, context)
           ^^^^^^^^^^^^^^^^^^^^^^^^^^^^^^^^^^^^
  File "C:\Users\User\OneDrive\Desktop\computer_science\work\GenericWeb\backend\venv\Lib\site-packages\django\db\backends\utils.py", line 84, in _execute
    with self.db.wrap_database_errors:
  File "C:\Users\User\OneDrive\Desktop\computer_science\work\GenericWeb\backend\venv\Lib\site-packages\django\db\utils.py", line 91, in __exit__
    raise dj_exc_value.with_traceback(traceback) from exc_value
  File "C:\Users\User\OneDrive\Desktop\computer_science\work\GenericWeb\backend\venv\Lib\site-packages\django\db\backends\utils.py", line 89, in _execute
    return self.cursor.execute(sql, params)
           ^^^^^^^^^^^^^^^^^^^^^^^^^^^^^^^^
  File "C:\Users\User\OneDrive\Desktop\computer_science\work\GenericWeb\backend\venv\Lib\site-packages\django\db\backends\sqlite3\base.py", line 328, in execute
    return super().execute(query, params)
           ^^^^^^^^^^^^^^^^^^^^^^^^^^^^^^
django.db.utils.OperationalError: no such table: activities_activityreport
"POST /api/v1/activities/report/ HTTP/1.1" 500 222911
Watching for file changes with StatReloader
"POST /api/v1/activities/report/ HTTP/1.1" 201 52
C:\Users\User\OneDrive\Desktop\computer_science\work\GenericWeb\backend\generic3\medications\admin.py changed, reloading.
Watching for file changes with StatReloader
C:\Users\User\OneDrive\Desktop\computer_science\work\GenericWeb\backend\generic3\activities\admin.py changed, reloading.
Watching for file changes with StatReloader
"GET /admin/activities/patientactivity/ HTTP/1.1" 200 27617
"GET /admin/jsi18n/ HTTP/1.1" 200 3343
"GET /admin/activities/activityreport/ HTTP/1.1" 200 27594
"GET /admin/jsi18n/ HTTP/1.1" 200 3343
"GET /admin/activities/activityreport/1/change/ HTTP/1.1" 200 32018
"GET /admin/jsi18n/ HTTP/1.1" 200 3343
"GET /admin/activities/activityreport/ HTTP/1.1" 200 27594
Watching for file changes with StatReloader
C:\Users\User\OneDrive\Desktop\computer_science\work\GenericWeb\backend\generic3\medications\urls.py changed, reloading.
Watching for file changes with StatReloader
C:\Users\User\OneDrive\Desktop\computer_science\work\GenericWeb\backend\generic3\activities\urls.py changed, reloading.
Watching for file changes with StatReloader
C:\Users\User\OneDrive\Desktop\computer_science\work\GenericWeb\backend\generic3\medications\models.py changed, reloading.
Watching for file changes with StatReloader
C:\Users\User\OneDrive\Desktop\computer_science\work\GenericWeb\backend\generic3\medications\admin.py changed, reloading.
Watching for file changes with StatReloader
C:\Users\User\OneDrive\Desktop\computer_science\work\GenericWeb\backend\generic3\medications\views.py changed, reloading.
Watching for file changes with StatReloader
Not Found: /admin/medications/medicationnotificationsettings/
"GET /admin/medications/medicationnotificationsettings/ HTTP/1.1" 404 18052
"GET /admin/activities/activityreport/ HTTP/1.1" 200 27196
Watching for file changes with StatReloader
"GET /admin/activities/activityreport/ HTTP/1.1" 200 27196
"GET /admin/jsi18n/ HTTP/1.1" 200 3343
C:\Users\User\OneDrive\Desktop\computer_science\work\GenericWeb\backend\generic3\medications\views.py changed, reloading.
Watching for file changes with StatReloader
Watching for file changes with StatReloader
C:\Users\User\OneDrive\Desktop\computer_science\work\GenericWeb\backend\generic3\generic3\urls.py changed, reloading.
Watching for file changes with StatReloader
C:\Users\User\OneDrive\Desktop\computer_science\work\GenericWeb\backend\generic3\generic3\settings.py changed, reloading.
Watching for file changes with StatReloader
C:\Users\User\OneDrive\Desktop\computer_science\work\GenericWeb\backend\generic3\generic3\urls.py changed, reloading.
Watching for file changes with StatReloader
C:\Users\User\OneDrive\Desktop\computer_science\work\GenericWeb\backend\generic3\notifications\views.py changed, reloading.
Watching for file changes with StatReloader
C:\Users\User\OneDrive\Desktop\computer_science\work\GenericWeb\backend\generic3\notifications\views.py changed, reloading.
Watching for file changes with StatReloader
Watching for file changes with StatReloader
"GET /admin/activities/activityreport/ HTTP/1.1" 200 27835
"GET /admin/jsi18n/ HTTP/1.1" 200 3343
"GET /admin/notifications/eventnotificationsettings/ HTTP/1.1" 200 26747
"GET /admin/jsi18n/ HTTP/1.1" 200 3343
"GET /admin/notifications/eventnotificationsettings/add/ HTTP/1.1" 200 35003
"GET /static/admin/js/calendar.js HTTP/1.1" 304 0
"GET /static/admin/js/admin/DateTimeShortcuts.js HTTP/1.1" 304 0
"GET /admin/jsi18n/ HTTP/1.1" 200 3343
"GET /static/admin/img/icon-calendar.svg HTTP/1.1" 304 0
"GET /static/admin/img/icon-clock.svg HTTP/1.1" 304 0
"GET /admin/notifications/eventnotificationsettings/ HTTP/1.1" 200 26748
"POST /api/v1/notifications/set/notification/ HTTP/1.1" 201 56
"GET /admin/notifications/eventnotificationsettings/ HTTP/1.1" 200 27991
"GET /admin/jsi18n/ HTTP/1.1" 200 3343
"GET /admin/notifications/eventnotificationsettings/1/change/ HTTP/1.1" 200 35666
"GET /admin/jsi18n/ HTTP/1.1" 200 3343
"GET /admin/notifications/eventnotificationsettings/ HTTP/1.1" 200 27991
C:\Users\User\OneDrive\Desktop\computer_science\work\GenericWeb\backend\generic3\notifications\views.py changed, reloading.
Watching for file changes with StatReloader
"GET /api/v1/activities/patient/1/5/ HTTP/1.1" 200 129
"POST /api/v1/activities/patient/1/5/add/ HTTP/1.1" 201 41
"GET /api/v1/activities/patient/1/5/ HTTP/1.1" 200 266
"POST /api/v1/notifications/set/notification/ HTTP/1.1" 201 52
"GET /admin/notifications/eventnotificationsettings/ HTTP/1.1" 200 28254
"GET /admin/jsi18n/ HTTP/1.1" 200 3343
"GET /admin/notifications/eventnotificationsettings/2/change/ HTTP/1.1" 200 35687
"GET /admin/jsi18n/ HTTP/1.1" 200 3343
C:\Users\User\OneDrive\Desktop\computer_science\work\GenericWeb\backend\generic3\notifications\models.py changed, reloading.
Watching for file changes with StatReloader
"OPTIONS /api/v1/login/ HTTP/1.1" 200 0
"POST /api/v1/login/ HTTP/1.1" 200 941
C:\Users\User\OneDrive\Desktop\computer_science\work\GenericWeb\backend\generic3\api\views.py changed, reloading.
Watching for file changes with StatReloader
C:\Users\User\OneDrive\Desktop\computer_science\work\GenericWeb\backend\generic3\api\views.py changed, reloading.
Watching for file changes with StatReloader
C:\Users\User\OneDrive\Desktop\computer_science\work\GenericWeb\backend\generic3\api\views.py changed, reloading.
Watching for file changes with StatReloader
C:\Users\User\OneDrive\Desktop\computer_science\work\GenericWeb\backend\generic3\api\views.py changed, reloading.
Watching for file changes with StatReloader
C:\Users\User\OneDrive\Desktop\computer_science\work\GenericWeb\backend\generic3\api\views.py changed, reloading.
Watching for file changes with StatReloader
C:\Users\User\OneDrive\Desktop\computer_science\work\GenericWeb\backend\generic3\api\urls.py changed, reloading.
Watching for file changes with StatReloader
C:\Users\User\OneDrive\Desktop\computer_science\work\GenericWeb\backend\generic3\api\views.py changed, reloading.
Watching for file changes with StatReloader
C:\Users\User\OneDrive\Desktop\computer_science\work\GenericWeb\backend\generic3\generic3\settings.py changed, reloading.
Watching for file changes with StatReloader
C:\Users\User\OneDrive\Desktop\computer_science\work\GenericWeb\backend\generic3\generic3\settings.py changed, reloading.
Watching for file changes with StatReloader
Watching for file changes with StatReloader
"POST /api/v1/login/ HTTP/1.1" 200 946
"POST /api/v1/login/ HTTP/1.1" 200 959
"POST /api/v1/logout/ HTTP/1.1" 200 38
"POST /api/v1/login/ HTTP/1.1" 200 959
C:\Users\User\OneDrive\Desktop\computer_science\work\GenericWeb\backend\generic3\activities\views.py changed, reloading.
Watching for file changes with StatReloader
"GET /api/v1/activities/clinic/1/ HTTP/1.1" 200 212
"POST /api/v1/logout/ HTTP/1.1" 200 38
C:\Users\User\OneDrive\Desktop\computer_science\work\GenericWeb\backend\generic3\activities\views.py changed, reloading.
Watching for file changes with StatReloader
C:\Users\User\OneDrive\Desktop\computer_science\work\GenericWeb\backend\generic3\users\views.py changed, reloading.
Watching for file changes with StatReloader
Forbidden: /api/v1/logout/
"POST /api/v1/logout/ HTTP/1.1" 403 58
Forbidden: /api/v1/users/1/3/
"GET /api/v1/users/1/3/ HTTP/1.1" 403 58
"POST /api/v1/login/ HTTP/1.1" 200 959
"GET /api/v1/users/1/3/ HTTP/1.1" 200 604
C:\Users\User\OneDrive\Desktop\computer_science\work\GenericWeb\backend\generic3\medications\views.py changed, reloading.
Watching for file changes with StatReloader
C:\Users\User\OneDrive\Desktop\computer_science\work\GenericWeb\backend\generic3\notifications\views.py changed, reloading.
Watching for file changes with StatReloader
C:\Users\User\OneDrive\Desktop\computer_science\work\GenericWeb\backend\generic3\notifications\views.py changed, reloading.
Watching for file changes with StatReloader
Watching for file changes with StatReloader
"OPTIONS /api/v1/login/ HTTP/1.1" 200 0
"POST /api/v1/login/ HTTP/1.1" 200 959
"POST /api/v1/login/ HTTP/1.1" 200 959
"POST /api/v1/login/ HTTP/1.1" 200 959
"POST /api/v1/login/ HTTP/1.1" 200 959
"OPTIONS /api/v1/login/ HTTP/1.1" 200 0
"POST /api/v1/login/ HTTP/1.1" 200 959
"POST /api/v1/login/ HTTP/1.1" 200 959
"POST /api/v1/login/ HTTP/1.1" 200 959
"POST /api/v1/login/ HTTP/1.1" 200 959
"POST /api/v1/login/ HTTP/1.1" 200 959
"POST /api/v1/login/ HTTP/1.1" 200 959
"POST /api/v1/login/ HTTP/1.1" 200 959
"POST /api/v1/login/ HTTP/1.1" 200 959
"POST /api/v1/login/ HTTP/1.1" 200 959
"POST /api/v1/login/ HTTP/1.1" 200 959
"POST /api/v1/login/ HTTP/1.1" 200 959
"POST /api/v1/login/ HTTP/1.1" 200 959
"POST /api/v1/login/ HTTP/1.1" 200 959
"POST /api/v1/login/ HTTP/1.1" 200 959
"POST /api/v1/login/ HTTP/1.1" 200 959
Watching for file changes with StatReloader
"GET /api/v1/users/1/3 HTTP/1.1" 301 0
Forbidden: /api/v1/users/1/3/
"GET /api/v1/users/1/3/ HTTP/1.1" 403 26
Not Found: / api/v1/login/
"POST %20/api/v1/login/ HTTP/1.1" 404 10788
Not Found: / api/v1/login/
"POST %20/api/v1/login/ HTTP/1.1" 404 10788
"POST /api/v1/login/ HTTP/1.1" 200 946
"OPTIONS /api/v1/login/ HTTP/1.1" 200 0
"POST /api/v1/login/ HTTP/1.1" 200 959
"GET /api/v1/users/1/3 HTTP/1.1" 301 0
Forbidden: /api/v1/users/1/3/
"GET /api/v1/users/1/3/ HTTP/1.1" 403 26
"POST /api/v1/login/ HTTP/1.1" 200 959
"POST /api/v1/login/ HTTP/1.1" 200 959
"GET /api/v1/users/1/3/ HTTP/1.1" 200 604
"POST /api/v1/login/ HTTP/1.1" 200 959
"GET /api/v1/users/1/3/ HTTP/1.1" 200 604
"POST /api/v1/logout/ HTTP/1.1" 200 38
C:\Users\User\OneDrive\Desktop\computer_science\work\GenericWeb\backend\generic3\users\views.py changed, reloading.
Watching for file changes with StatReloader
"GET /api/v1/users/1/3/ HTTP/1.1" 200 604
"GET /api/v1/users/1/3 HTTP/1.1" 301 0
Unauthorized: /api/v1/users/1/3/
"GET /api/v1/users/1/3/ HTTP/1.1" 401 27
"GET /api/v1/users/1/3 HTTP/1.1" 301 0
"GET /api/v1/users/1/3/ HTTP/1.1" 200 604
"GET /api/v1/users/1/3 HTTP/1.1" 301 0
Unauthorized: /api/v1/users/1/3/
"GET /api/v1/users/1/3/ HTTP/1.1" 401 58
"GET /api/v1/users/1/3 HTTP/1.1" 301 0
"GET /api/v1/users/1/3/ HTTP/1.1" 200 604
Forbidden: /api/v1/medications/clinic/1/
"GET /api/v1/medications/clinic/1/ HTTP/1.1" 403 58
"POST /api/v1/login/ HTTP/1.1" 200 959
"GET /api/v1/medications/clinic/1/ HTTP/1.1" 200 769
Unauthorized: /api/v1/users/1/3/
"GET /api/v1/users/1/3/ HTTP/1.1" 401 58
C:\Users\User\OneDrive\Desktop\computer_science\work\GenericWeb\backend\generic3\users\views.py changed, reloading.
Watching for file changes with StatReloader
"GET /api/v1/users/1/3/ HTTP/1.1" 200 604
"GET /api/v1/users/1/3/ HTTP/1.1" 200 604
C:\Users\User\OneDrive\Desktop\computer_science\work\GenericWeb\backend\generic3\generic3\authentication.py changed, reloading.
Watching for file changes with StatReloader
"POST /api/v1/login/ HTTP/1.1" 200 959
"POST /api/v1/login/ HTTP/1.1" 200 959
C:\Users\User\OneDrive\Desktop\computer_science\work\GenericWeb\backend\generic3\generic3\authentication.py changed, reloading.
Watching for file changes with StatReloader
"POST /api/v1/login/ HTTP/1.1" 200 959
"GET /api/v1/users/1/3/ HTTP/1.1" 200 604
C:\Users\User\OneDrive\Desktop\computer_science\work\GenericWeb\backend\generic3\api\views.py changed, reloading.
Watching for file changes with StatReloader
"POST /api/v1/login/ HTTP/1.1" 200 959
"POST /api/v1/logout/ HTTP/1.1" 200 38
"POST /api/v1/login/ HTTP/1.1" 200 959
C:\Users\User\OneDrive\Desktop\computer_science\work\GenericWeb\backend\generic3\api\views.py changed, reloading.
Watching for file changes with StatReloader
C:\Users\User\OneDrive\Desktop\computer_science\work\GenericWeb\backend\generic3\generic3\settings.py changed, reloading.
Watching for file changes with StatReloader
"POST /api/v1/login/ HTTP/1.1" 200 959
C:\Users\User\OneDrive\Desktop\computer_science\work\GenericWeb\backend\generic3\generic3\authentication.py changed, reloading.
Watching for file changes with StatReloader
"GET /admin/activities/clinicactivity/1/change/ HTTP/1.1" 302 0
"GET /admin/login/?next=/admin/activities/clinicactivity/1/change/ HTTP/1.1" 302 0
"GET /account/login/?next=/admin/activities/clinicactivity/1/change/ HTTP/1.1" 200 10962
"GET /static/debug_toolbar/css/toolbar.css HTTP/1.1" 200 12621
"GET /static/debug_toolbar/js/toolbar.js HTTP/1.1" 200 13578
"GET /static/debug_toolbar/css/print.css HTTP/1.1" 200 43
"GET /static/debug_toolbar/js/utils.js HTTP/1.1" 200 4527
Not Found: /favicon.ico
"GET /favicon.ico HTTP/1.1" 404 17241
"POST /api/v1/login/ HTTP/1.1" 200 959
"GET /api/v1/users/1/3/ HTTP/1.1" 200 604
C:\Users\User\OneDrive\Desktop\computer_science\work\GenericWeb\backend\generic3\generic3\settings.py changed, reloading.
Watching for file changes with StatReloader
C:\Users\User\OneDrive\Desktop\computer_science\work\GenericWeb\backend\generic3\generic3\settings.py changed, reloading.
Watching for file changes with StatReloader
C:\Users\User\OneDrive\Desktop\computer_science\work\GenericWeb\backend\generic3\api\views.py changed, reloading.
Watching for file changes with StatReloader
"POST /api/v1/logout/ HTTP/1.1" 200 38
Forbidden: /api/v1/users/1/3/
"GET /api/v1/users/1/3/ HTTP/1.1" 403 58
"POST /api/v1/login/ HTTP/1.1" 200 959
"GET /api/v1/users/1/3/ HTTP/1.1" 200 604
"POST /api/v1/login/ HTTP/1.1" 200 959
C:\Users\User\OneDrive\Desktop\computer_science\work\GenericWeb\backend\generic3\api\views.py changed, reloading.
Watching for file changes with StatReloader
"POST /api/v1/login/ HTTP/1.1" 200 959
"POST /api/v1/logout/ HTTP/1.1" 200 38
"POST /api/v1/login/ HTTP/1.1" 200 959
"POST /api/v1/login/ HTTP/1.1" 200 722
Watching for file changes with StatReloader
C:\Users\User\OneDrive\Desktop\computer_science\work\GenericWeb\backend\generic3\generic3\settings.py changed, reloading.
Watching for file changes with StatReloader
C:\Users\User\OneDrive\Desktop\computer_science\work\GenericWeb\backend\generic3\generic3\urls.py changed, reloading.
Watching for file changes with StatReloader
C:\Users\User\OneDrive\Desktop\computer_science\work\GenericWeb\backend\generic3\fileshare\models.py changed, reloading.
Watching for file changes with StatReloader
C:\Users\User\OneDrive\Desktop\computer_science\work\GenericWeb\backend\generic3\fileshare\models.py changed, reloading.
Watching for file changes with StatReloader
C:\Users\User\OneDrive\Desktop\computer_science\work\GenericWeb\backend\generic3\fileshare\models.py changed, reloading.
Watching for file changes with StatReloader
C:\Users\User\OneDrive\Desktop\computer_science\work\GenericWeb\backend\generic3\fileshare\models.py changed, reloading.
Watching for file changes with StatReloader
Watching for file changes with StatReloader
C:\Users\User\OneDrive\Desktop\computer_science\work\GenericWeb\backend\generic3\fileshare\admin.py changed, reloading.
Watching for file changes with StatReloader
C:\Users\User\OneDrive\Desktop\computer_science\work\GenericWeb\backend\generic3\fileshare\urls.py changed, reloading.
Watching for file changes with StatReloader
C:\Users\User\OneDrive\Desktop\computer_science\work\GenericWeb\backend\generic3\fileshare\urls.py changed, reloading.
Watching for file changes with StatReloader
C:\Users\User\OneDrive\Desktop\computer_science\work\GenericWeb\backend\generic3\fileshare\views.py changed, reloading.
Watching for file changes with StatReloader
C:\Users\User\OneDrive\Desktop\computer_science\work\GenericWeb\backend\generic3\fileshare\views.py changed, reloading.
Watching for file changes with StatReloader
C:\Users\User\OneDrive\Desktop\computer_science\work\GenericWeb\backend\generic3\fileshare\views.py changed, reloading.
Watching for file changes with StatReloader
C:\Users\User\OneDrive\Desktop\computer_science\work\GenericWeb\backend\generic3\fileshare\views.py changed, reloading.
Watching for file changes with StatReloader
C:\Users\User\OneDrive\Desktop\computer_science\work\GenericWeb\backend\generic3\fileshare\views.py changed, reloading.
Watching for file changes with StatReloader
C:\Users\User\OneDrive\Desktop\computer_science\work\GenericWeb\backend\generic3\fileshare\views.py changed, reloading.
Watching for file changes with StatReloader
C:\Users\User\OneDrive\Desktop\computer_science\work\GenericWeb\backend\generic3\fileshare\views.py changed, reloading.
Watching for file changes with StatReloader
C:\Users\User\OneDrive\Desktop\computer_science\work\GenericWeb\backend\generic3\fileshare\urls.py changed, reloading.
Watching for file changes with StatReloader
"GET /api/v1/fileshare/files/1/5/ HTTP/1.1" 200 45
C:\Users\User\OneDrive\Desktop\computer_science\work\GenericWeb\backend\generic3\fileshare\urls.py changed, reloading.
Watching for file changes with StatReloader
C:\Users\User\OneDrive\Desktop\computer_science\work\GenericWeb\backend\generic3\fileshare\urls.py changed, reloading.
Watching for file changes with StatReloader
C:\Users\User\OneDrive\Desktop\computer_science\work\GenericWeb\backend\generic3\fileshare\urls.py changed, reloading.
Watching for file changes with StatReloader
C:\Users\User\OneDrive\Desktop\computer_science\work\GenericWeb\backend\generic3\fileshare\urls.py changed, reloading.
Watching for file changes with StatReloader
C:\Users\User\OneDrive\Desktop\computer_science\work\GenericWeb\backend\generic3\fileshare\views.py changed, reloading.
Watching for file changes with StatReloader
C:\Users\User\OneDrive\Desktop\computer_science\work\GenericWeb\backend\generic3\fileshare\views.py changed, reloading.
Watching for file changes with StatReloader
C:\Users\User\OneDrive\Desktop\computer_science\work\GenericWeb\backend\generic3\fileshare\views.py changed, reloading.
Watching for file changes with StatReloader
C:\Users\User\OneDrive\Desktop\computer_science\work\GenericWeb\backend\generic3\fileshare\views.py changed, reloading.
Watching for file changes with StatReloader
Watching for file changes with StatReloader
"GET /admin/ HTTP/1.1" 200 32505
"GET /static/admin/css/dark_mode.css HTTP/1.1" 304 0
"GET /static/admin/css/nav_sidebar.css HTTP/1.1" 304 0
"GET /static/admin/css/base.css HTTP/1.1" 304 0
"GET /static/admin/css/dashboard.css HTTP/1.1" 304 0
"GET /static/admin/css/responsive.css HTTP/1.1" 304 0
"GET /static/debug_toolbar/css/toolbar.css HTTP/1.1" 304 0
"GET /static/debug_toolbar/js/toolbar.js HTTP/1.1" 304 0
"GET /static/debug_toolbar/css/print.css HTTP/1.1" 304 0
"GET /static/admin/js/nav_sidebar.js HTTP/1.1" 304 0
"GET /static/admin/js/theme.js HTTP/1.1" 304 0
"GET /static/admin/img/icon-addlink.svg HTTP/1.1" 304 0
"GET /static/admin/img/icon-deletelink.svg HTTP/1.1" 304 0
"GET /static/admin/img/icon-changelink.svg HTTP/1.1" 304 0
"GET /static/debug_toolbar/js/utils.js HTTP/1.1" 304 0
Not Found: /favicon.ico
"GET /favicon.ico HTTP/1.1" 404 17725
Not Found: /favicon.ico
"GET /favicon.ico HTTP/1.1" 404 17725
"GET /admin HTTP/1.1" 301 0
"GET /admin HTTP/1.1" 301 0
Not Found: /
"GET / HTTP/1.1" 404 17663
"GET /static/debug_toolbar/css/toolbar.css HTTP/1.1" 200 12621
"GET /static/debug_toolbar/css/print.css HTTP/1.1" 200 43
"GET /static/debug_toolbar/js/toolbar.js HTTP/1.1" 200 13578
"GET /static/debug_toolbar/js/utils.js HTTP/1.1" 200 4527
"GET /admin/ HTTP/1.1" 302 0
"GET /admin/login/?next=/admin/ HTTP/1.1" 302 0
"GET /account/login/?next=/admin/ HTTP/1.1" 200 10927
"POST /api/v1/login/ HTTP/1.1" 200 722
C:\Users\User\OneDrive\Desktop\computer_science\work\GenericWeb\backend\generic3\fileshare\urls.py changed, reloading.
Watching for file changes with StatReloader
C:\Users\User\OneDrive\Desktop\computer_science\work\GenericWeb\backend\generic3\fileshare\views.py changed, reloading.
Watching for file changes with StatReloader
"GET /api/v1/fileshare/files/1/5/ HTTP/1.1" 200 45
C:\Users\User\OneDrive\Desktop\computer_science\work\GenericWeb\backend\generic3\fileshare\views.py changed, reloading.
Watching for file changes with StatReloader
C:\Users\User\OneDrive\Desktop\computer_science\work\GenericWeb\backend\generic3\fileshare\views.py changed, reloading.
Watching for file changes with StatReloader
C:\Users\User\OneDrive\Desktop\computer_science\work\GenericWeb\backend\generic3\fileshare\views.py changed, reloading.
Watching for file changes with StatReloader
C:\Users\User\OneDrive\Desktop\computer_science\work\GenericWeb\backend\generic3\fileshare\views.py changed, reloading.
Watching for file changes with StatReloader
C:\Users\User\OneDrive\Desktop\computer_science\work\GenericWeb\backend\generic3\fileshare\views.py changed, reloading.
Watching for file changes with StatReloader
C:\Users\User\OneDrive\Desktop\computer_science\work\GenericWeb\backend\generic3\fileshare\views.py changed, reloading.
Watching for file changes with StatReloader
C:\Users\User\OneDrive\Desktop\computer_science\work\GenericWeb\backend\generic3\fileshare\views.py changed, reloading.
Watching for file changes with StatReloader
C:\Users\User\OneDrive\Desktop\computer_science\work\GenericWeb\backend\generic3\fileshare\views.py changed, reloading.
Watching for file changes with StatReloader
C:\Users\User\OneDrive\Desktop\computer_science\work\GenericWeb\backend\generic3\fileshare\views.py changed, reloading.
Watching for file changes with StatReloader
Not Found: /api/v1/fileshare/files/1/5/delete/1/
"DELETE /api/v1/fileshare/files/1/5/delete/1/ HTTP/1.1" 404 35
"GET /api/v1/fileshare/files/1/5/ HTTP/1.1" 200 45
C:\Users\User\OneDrive\Desktop\computer_science\work\GenericWeb\backend\generic3\users\urls.py changed, reloading.
Watching for file changes with StatReloader
C:\Users\User\OneDrive\Desktop\computer_science\work\GenericWeb\backend\generic3\users\views.py changed, reloading.
Watching for file changes with StatReloader
C:\Users\User\OneDrive\Desktop\computer_science\work\GenericWeb\backend\generic3\users\views.py changed, reloading.
Watching for file changes with StatReloader
C:\Users\User\OneDrive\Desktop\computer_science\work\GenericWeb\backend\generic3\users\views.py changed, reloading.
Watching for file changes with StatReloader
C:\Users\User\OneDrive\Desktop\computer_science\work\GenericWeb\backend\generic3\users\views.py changed, reloading.
Watching for file changes with StatReloader
C:\Users\User\OneDrive\Desktop\computer_science\work\GenericWeb\backend\generic3\users\views.py changed, reloading.
Watching for file changes with StatReloader
C:\Users\User\OneDrive\Desktop\computer_science\work\GenericWeb\backend\generic3\users\views.py changed, reloading.
Watching for file changes with StatReloader
C:\Users\User\OneDrive\Desktop\computer_science\work\GenericWeb\backend\generic3\users\views.py changed, reloading.
Watching for file changes with StatReloader
C:\Users\User\OneDrive\Desktop\computer_science\work\GenericWeb\backend\generic3\users\views.py changed, reloading.
Watching for file changes with StatReloader
C:\Users\User\OneDrive\Desktop\computer_science\work\GenericWeb\backend\generic3\users\views.py changed, reloading.
Watching for file changes with StatReloader
C:\Users\User\OneDrive\Desktop\computer_science\work\GenericWeb\backend\generic3\users\views.py changed, reloading.
Watching for file changes with StatReloader
C:\Users\User\OneDrive\Desktop\computer_science\work\GenericWeb\backend\generic3\generic3\utils.py changed, reloading.
Watching for file changes with StatReloader
C:\Users\User\OneDrive\Desktop\computer_science\work\GenericWeb\backend\generic3\generic3\utils.py changed, reloading.
Watching for file changes with StatReloader
C:\Users\User\OneDrive\Desktop\computer_science\work\GenericWeb\backend\generic3\generic3\utils.py changed, reloading.
Watching for file changes with StatReloader
C:\Users\User\OneDrive\Desktop\computer_science\work\GenericWeb\backend\generic3\generic3\utils.py changed, reloading.
Watching for file changes with StatReloader
C:\Users\User\OneDrive\Desktop\computer_science\work\GenericWeb\backend\generic3\users\models.py changed, reloading.
Watching for file changes with StatReloader
C:\Users\User\OneDrive\Desktop\computer_science\work\GenericWeb\backend\generic3\users\models.py changed, reloading.
Watching for file changes with StatReloader
C:\Users\User\OneDrive\Desktop\computer_science\work\GenericWeb\backend\generic3\users\models.py changed, reloading.
Watching for file changes with StatReloader
Watching for file changes with StatReloader
C:\Users\User\OneDrive\Desktop\computer_science\work\GenericWeb\backend\generic3\generic3\utils.py changed, reloading.
Watching for file changes with StatReloader
C:\Users\User\OneDrive\Desktop\computer_science\work\GenericWeb\backend\generic3\users\views.py changed, reloading.
Watching for file changes with StatReloader
C:\Users\User\OneDrive\Desktop\computer_science\work\GenericWeb\backend\generic3\users\views.py changed, reloading.
Watching for file changes with StatReloader
C:\Users\User\OneDrive\Desktop\computer_science\work\GenericWeb\backend\generic3\users\views.py changed, reloading.
Watching for file changes with StatReloader
C:\Users\User\OneDrive\Desktop\computer_science\work\GenericWeb\backend\generic3\users\views.py changed, reloading.
Watching for file changes with StatReloader
C:\Users\User\OneDrive\Desktop\computer_science\work\GenericWeb\backend\generic3\users\views.py changed, reloading.
Watching for file changes with StatReloader
C:\Users\User\OneDrive\Desktop\computer_science\work\GenericWeb\backend\generic3\users\views.py changed, reloading.
Watching for file changes with StatReloader
C:\Users\User\OneDrive\Desktop\computer_science\work\GenericWeb\backend\generic3\users\views.py changed, reloading.
Watching for file changes with StatReloader
C:\Users\User\OneDrive\Desktop\computer_science\work\GenericWeb\backend\generic3\users\views.py changed, reloading.
Watching for file changes with StatReloader
C:\Users\User\OneDrive\Desktop\computer_science\work\GenericWeb\backend\generic3\users\urls.py changed, reloading.
Watching for file changes with StatReloader
C:\Users\User\OneDrive\Desktop\computer_science\work\GenericWeb\backend\generic3\users\views.py changed, reloading.
Watching for file changes with StatReloader
C:\Users\User\OneDrive\Desktop\computer_science\work\GenericWeb\backend\generic3\users\views.py changed, reloading.
Watching for file changes with StatReloader
C:\Users\User\OneDrive\Desktop\computer_science\work\GenericWeb\backend\generic3\users\views.py changed, reloading.
Watching for file changes with StatReloader
Watching for file changes with StatReloader
C:\Users\User\OneDrive\Desktop\computer_science\work\GenericWeb\backend\generic3\clinics\urls.py changed, reloading.
Watching for file changes with StatReloader
C:\Users\User\OneDrive\Desktop\computer_science\work\GenericWeb\backend\generic3\clinics\urls.py changed, reloading.
Watching for file changes with StatReloader
C:\Users\User\OneDrive\Desktop\computer_science\work\GenericWeb\backend\generic3\clinics\views.py changed, reloading.
Watching for file changes with StatReloader
C:\Users\User\OneDrive\Desktop\computer_science\work\GenericWeb\backend\generic3\clinics\views.py changed, reloading.
Watching for file changes with StatReloader
C:\Users\User\OneDrive\Desktop\computer_science\work\GenericWeb\backend\generic3\clinics\views.py changed, reloading.
Watching for file changes with StatReloader
C:\Users\User\OneDrive\Desktop\computer_science\work\GenericWeb\backend\generic3\clinics\views.py changed, reloading.
Watching for file changes with StatReloader
"GET /api/v1/clinics HTTP/1.1" 301 0
Forbidden: /api/v1/clinics/
"GET /api/v1/clinics/ HTTP/1.1" 403 58
"POST /api/v1/login/ HTTP/1.1" 200 722
"GET /api/v1/clinics HTTP/1.1" 301 0
Internal Server Error: /api/v1/clinics/
Traceback (most recent call last):
  File "C:\Users\User\OneDrive\Desktop\computer_science\work\GenericWeb\backend\venv\Lib\site-packages\django\core\handlers\exception.py", line 55, in inner
    response = get_response(request)
               ^^^^^^^^^^^^^^^^^^^^^
  File "C:\Users\User\OneDrive\Desktop\computer_science\work\GenericWeb\backend\venv\Lib\site-packages\django\core\handlers\base.py", line 197, in _get_response
    response = wrapped_callback(request, *callback_args, **callback_kwargs)
               ^^^^^^^^^^^^^^^^^^^^^^^^^^^^^^^^^^^^^^^^^^^^^^^^^^^^^^^^^^^^
  File "C:\Users\User\OneDrive\Desktop\computer_science\work\GenericWeb\backend\venv\Lib\site-packages\django\views\decorators\csrf.py", line 56, in wrapper_view
    return view_func(*args, **kwargs)
           ^^^^^^^^^^^^^^^^^^^^^^^^^^
  File "C:\Users\User\OneDrive\Desktop\computer_science\work\GenericWeb\backend\venv\Lib\site-packages\django\views\generic\base.py", line 104, in view
    return self.dispatch(request, *args, **kwargs)
           ^^^^^^^^^^^^^^^^^^^^^^^^^^^^^^^^^^^^^^^
  File "C:\Users\User\OneDrive\Desktop\computer_science\work\GenericWeb\backend\venv\Lib\site-packages\rest_framework\views.py", line 509, in dispatch
    response = self.handle_exception(exc)
               ^^^^^^^^^^^^^^^^^^^^^^^^^^
  File "C:\Users\User\OneDrive\Desktop\computer_science\work\GenericWeb\backend\venv\Lib\site-packages\rest_framework\views.py", line 469, in handle_exception
    self.raise_uncaught_exception(exc)
  File "C:\Users\User\OneDrive\Desktop\computer_science\work\GenericWeb\backend\venv\Lib\site-packages\rest_framework\views.py", line 480, in raise_uncaught_exception
    raise exc
  File "C:\Users\User\OneDrive\Desktop\computer_science\work\GenericWeb\backend\venv\Lib\site-packages\rest_framework\views.py", line 506, in dispatch
    response = handler(request, *args, **kwargs)
               ^^^^^^^^^^^^^^^^^^^^^^^^^^^^^^^^^
  File "C:\Users\User\OneDrive\Desktop\computer_science\work\GenericWeb\backend\venv\Lib\site-packages\rest_framework\decorators.py", line 50, in handler
    return func(*args, **kwargs)
           ^^^^^^^^^^^^^^^^^^^^^
  File "C:\Users\User\OneDrive\Desktop\computer_science\work\GenericWeb\backend\generic3\clinics\views.py", line 19, in get_all_clinics
    clinic_list = [
                  ^
  File "C:\Users\User\OneDrive\Desktop\computer_science\work\GenericWeb\backend\generic3\clinics\views.py", line 21, in <listcomp>
    "name": clinic.name,
            ^^^^^^^^^^^
AttributeError: 'Clinic' object has no attribute 'name'
"GET /api/v1/clinics/ HTTP/1.1" 500 121452
C:\Users\User\OneDrive\Desktop\computer_science\work\GenericWeb\backend\generic3\clinics\views.py changed, reloading.
Watching for file changes with StatReloader
"GET /api/v1/clinics HTTP/1.1" 301 0
"GET /api/v1/clinics/ HTTP/1.1" 200 95
"POST /api/v1/logout/ HTTP/1.1" 200 38
"POST /api/v1/login/ HTTP/1.1" 200 959
"GET /api/v1/clinics HTTP/1.1" 301 0
Forbidden: /api/v1/clinics/
"GET /api/v1/clinics/ HTTP/1.1" 403 50
C:\Users\User\OneDrive\Desktop\computer_science\work\GenericWeb\backend\generic3\clinics\views.py changed, reloading.
Watching for file changes with StatReloader
C:\Users\User\OneDrive\Desktop\computer_science\work\GenericWeb\backend\generic3\clinics\views.py changed, reloading.
Watching for file changes with StatReloader
"POST /api/v1/logout/ HTTP/1.1" 200 38
"POST /api/v1/login/ HTTP/1.1" 200 722
"GET /api/v1/clinics HTTP/1.1" 301 0
"GET /api/v1/clinics/ HTTP/1.1" 200 191
C:\Users\User\OneDrive\Desktop\computer_science\work\GenericWeb\backend\generic3\clinics\views.py changed, reloading.
Watching for file changes with StatReloader
"POST /api/v1/login/ HTTP/1.1" 200 722
"GET /api/v1/clinics HTTP/1.1" 301 0
Internal Server Error: /api/v1/clinics/
Traceback (most recent call last):
  File "C:\Users\User\OneDrive\Desktop\computer_science\work\GenericWeb\backend\venv\Lib\site-packages\django\core\handlers\exception.py", line 55, in inner
    response = get_response(request)
               ^^^^^^^^^^^^^^^^^^^^^
  File "C:\Users\User\OneDrive\Desktop\computer_science\work\GenericWeb\backend\venv\Lib\site-packages\django\core\handlers\base.py", line 197, in _get_response
    response = wrapped_callback(request, *callback_args, **callback_kwargs)
               ^^^^^^^^^^^^^^^^^^^^^^^^^^^^^^^^^^^^^^^^^^^^^^^^^^^^^^^^^^^^
  File "C:\Users\User\OneDrive\Desktop\computer_science\work\GenericWeb\backend\venv\Lib\site-packages\django\views\decorators\csrf.py", line 56, in wrapper_view
    return view_func(*args, **kwargs)
           ^^^^^^^^^^^^^^^^^^^^^^^^^^
  File "C:\Users\User\OneDrive\Desktop\computer_science\work\GenericWeb\backend\venv\Lib\site-packages\django\views\generic\base.py", line 104, in view
    return self.dispatch(request, *args, **kwargs)
           ^^^^^^^^^^^^^^^^^^^^^^^^^^^^^^^^^^^^^^^
  File "C:\Users\User\OneDrive\Desktop\computer_science\work\GenericWeb\backend\venv\Lib\site-packages\rest_framework\views.py", line 509, in dispatch
    response = self.handle_exception(exc)
               ^^^^^^^^^^^^^^^^^^^^^^^^^^
  File "C:\Users\User\OneDrive\Desktop\computer_science\work\GenericWeb\backend\venv\Lib\site-packages\rest_framework\views.py", line 469, in handle_exception
    self.raise_uncaught_exception(exc)
  File "C:\Users\User\OneDrive\Desktop\computer_science\work\GenericWeb\backend\venv\Lib\site-packages\rest_framework\views.py", line 480, in raise_uncaught_exception
    raise exc
  File "C:\Users\User\OneDrive\Desktop\computer_science\work\GenericWeb\backend\venv\Lib\site-packages\rest_framework\views.py", line 506, in dispatch
    response = handler(request, *args, **kwargs)
               ^^^^^^^^^^^^^^^^^^^^^^^^^^^^^^^^^
  File "C:\Users\User\OneDrive\Desktop\computer_science\work\GenericWeb\backend\venv\Lib\site-packages\rest_framework\decorators.py", line 50, in handler
    return func(*args, **kwargs)
           ^^^^^^^^^^^^^^^^^^^^^
  File "C:\Users\User\OneDrive\Desktop\computer_science\work\GenericWeb\backend\generic3\clinics\views.py", line 19, in get_all_clinics
    clinic_list = [
                  ^
  File "C:\Users\User\OneDrive\Desktop\computer_science\work\GenericWeb\backend\generic3\clinics\views.py", line 24, in <listcomp>
    "Modules": [{ "Id": module.id, "Module name": module.module_name } for module in ClinicModules.objects.filter(clinic=clinic).select_related('module')],
               ^^^^^^^^^^^^^^^^^^^^^^^^^^^^^^^^^^^^^^^^^^^^^^^^^^^^^^^^^^^^^^^^^^^^^^^^^^^^^^^^^^^^^^^^^^^^^^^^^^^^^^^^^^^^^^^^^^^^^^^^^^^^^^^^^^^^^^^^^^^
  File "C:\Users\User\OneDrive\Desktop\computer_science\work\GenericWeb\backend\generic3\clinics\views.py", line 24, in <listcomp>
    "Modules": [{ "Id": module.id, "Module name": module.module_name } for module in ClinicModules.objects.filter(clinic=clinic).select_related('module')],
                                                  ^^^^^^^^^^^^^^^^^^
AttributeError: 'ClinicModules' object has no attribute 'module_name'
"GET /api/v1/clinics/ HTTP/1.1" 500 126709
C:\Users\User\OneDrive\Desktop\computer_science\work\GenericWeb\backend\generic3\clinics\views.py changed, reloading.
Watching for file changes with StatReloader
"GET /api/v1/clinics HTTP/1.1" 301 0
"GET /api/v1/clinics/ HTTP/1.1" 200 95
C:\Users\User\OneDrive\Desktop\computer_science\work\GenericWeb\backend\generic3\clinics\views.py changed, reloading.
Watching for file changes with StatReloader
"GET /api/v1/clinics HTTP/1.1" 301 0
Internal Server Error: /api/v1/clinics/
Traceback (most recent call last):
  File "C:\Users\User\OneDrive\Desktop\computer_science\work\GenericWeb\backend\venv\Lib\site-packages\django\core\handlers\exception.py", line 55, in inner
    response = get_response(request)
               ^^^^^^^^^^^^^^^^^^^^^
  File "C:\Users\User\OneDrive\Desktop\computer_science\work\GenericWeb\backend\venv\Lib\site-packages\django\core\handlers\base.py", line 197, in _get_response
    response = wrapped_callback(request, *callback_args, **callback_kwargs)
               ^^^^^^^^^^^^^^^^^^^^^^^^^^^^^^^^^^^^^^^^^^^^^^^^^^^^^^^^^^^^
  File "C:\Users\User\OneDrive\Desktop\computer_science\work\GenericWeb\backend\venv\Lib\site-packages\django\views\decorators\csrf.py", line 56, in wrapper_view
    return view_func(*args, **kwargs)
           ^^^^^^^^^^^^^^^^^^^^^^^^^^
  File "C:\Users\User\OneDrive\Desktop\computer_science\work\GenericWeb\backend\venv\Lib\site-packages\django\views\generic\base.py", line 104, in view
    return self.dispatch(request, *args, **kwargs)
           ^^^^^^^^^^^^^^^^^^^^^^^^^^^^^^^^^^^^^^^
  File "C:\Users\User\OneDrive\Desktop\computer_science\work\GenericWeb\backend\venv\Lib\site-packages\rest_framework\views.py", line 509, in dispatch
    response = self.handle_exception(exc)
               ^^^^^^^^^^^^^^^^^^^^^^^^^^
  File "C:\Users\User\OneDrive\Desktop\computer_science\work\GenericWeb\backend\venv\Lib\site-packages\rest_framework\views.py", line 469, in handle_exception
    self.raise_uncaught_exception(exc)
  File "C:\Users\User\OneDrive\Desktop\computer_science\work\GenericWeb\backend\venv\Lib\site-packages\rest_framework\views.py", line 480, in raise_uncaught_exception
    raise exc
  File "C:\Users\User\OneDrive\Desktop\computer_science\work\GenericWeb\backend\venv\Lib\site-packages\rest_framework\views.py", line 506, in dispatch
    response = handler(request, *args, **kwargs)
               ^^^^^^^^^^^^^^^^^^^^^^^^^^^^^^^^^
  File "C:\Users\User\OneDrive\Desktop\computer_science\work\GenericWeb\backend\venv\Lib\site-packages\rest_framework\decorators.py", line 50, in handler
    return func(*args, **kwargs)
           ^^^^^^^^^^^^^^^^^^^^^
  File "C:\Users\User\OneDrive\Desktop\computer_science\work\GenericWeb\backend\generic3\clinics\views.py", line 19, in get_all_clinics
    clinic_list = [
                  ^
  File "C:\Users\User\OneDrive\Desktop\computer_science\work\GenericWeb\backend\generic3\clinics\views.py", line 24, in <listcomp>
    "Modules": [{ "Id": module.id, "Module name": module.module_name } for module in ClinicModules.objects.filter(clinic=clinic).select_related('module')],
               ^^^^^^^^^^^^^^^^^^^^^^^^^^^^^^^^^^^^^^^^^^^^^^^^^^^^^^^^^^^^^^^^^^^^^^^^^^^^^^^^^^^^^^^^^^^^^^^^^^^^^^^^^^^^^^^^^^^^^^^^^^^^^^^^^^^^^^^^^^^
  File "C:\Users\User\OneDrive\Desktop\computer_science\work\GenericWeb\backend\generic3\clinics\views.py", line 24, in <listcomp>
    "Modules": [{ "Id": module.id, "Module name": module.module_name } for module in ClinicModules.objects.filter(clinic=clinic).select_related('module')],
                                                  ^^^^^^^^^^^^^^^^^^
AttributeError: 'ClinicModules' object has no attribute 'module_name'
"GET /api/v1/clinics/ HTTP/1.1" 500 126710
C:\Users\User\OneDrive\Desktop\computer_science\work\GenericWeb\backend\generic3\clinics\views.py changed, reloading.
Watching for file changes with StatReloader
"GET /api/v1/clinics HTTP/1.1" 301 0
"GET /api/v1/clinics/ HTTP/1.1" 200 427
"GET /api/v1/clinics HTTP/1.1" 301 0
"GET /api/v1/clinics/ HTTP/1.1" 200 427
"GET /api/v1/clinics/ HTTP/1.1" 200 427
C:\Users\User\OneDrive\Desktop\computer_science\work\GenericWeb\backend\generic3\clinics\views.py changed, reloading.
Watching for file changes with StatReloader
C:\Users\User\OneDrive\Desktop\computer_science\work\GenericWeb\backend\generic3\clinics\views.py changed, reloading.
Watching for file changes with StatReloader
C:\Users\User\OneDrive\Desktop\computer_science\work\GenericWeb\backend\generic3\clinics\views.py changed, reloading.
Watching for file changes with StatReloader
C:\Users\User\OneDrive\Desktop\computer_science\work\GenericWeb\backend\generic3\clinics\views.py changed, reloading.
Watching for file changes with StatReloader
C:\Users\User\OneDrive\Desktop\computer_science\work\GenericWeb\backend\generic3\clinics\views.py changed, reloading.
Watching for file changes with StatReloader
Bad Request: /api/v1/users/1/3/remove/
"DELETE /api/v1/users/1/3/remove/ HTTP/1.1" 400 56
"GET /api/v1/clinics/ HTTP/1.1" 200 553
C:\Users\User\OneDrive\Desktop\computer_science\work\GenericWeb\backend\generic3\clinics\views.py changed, reloading.
Watching for file changes with StatReloader
C:\Users\User\OneDrive\Desktop\computer_science\work\GenericWeb\backend\generic3\clinics\views.py changed, reloading.
Watching for file changes with StatReloader
C:\Users\User\OneDrive\Desktop\computer_science\work\GenericWeb\backend\generic3\clinics\views.py changed, reloading.
Watching for file changes with StatReloader
C:\Users\User\OneDrive\Desktop\computer_science\work\GenericWeb\backend\generic3\clinics\views.py changed, reloading.
Watching for file changes with StatReloader
"GET /api/v1/clinics/1/ HTTP/1.1" 200 551
"GET /api/v1/clinics/ HTTP/1.1" 200 553
C:\Users\User\OneDrive\Desktop\computer_science\work\GenericWeb\backend\generic3\clinics\views.py changed, reloading.
Watching for file changes with StatReloader
C:\Users\User\OneDrive\Desktop\computer_science\work\GenericWeb\backend\generic3\clinics\views.py changed, reloading.
Watching for file changes with StatReloader
C:\Users\User\OneDrive\Desktop\computer_science\work\GenericWeb\backend\generic3\clinics\views.py changed, reloading.
Watching for file changes with StatReloader
"GET /api/v1/clinics/1/ HTTP/1.1" 200 549
C:\Users\User\OneDrive\Desktop\computer_science\work\GenericWeb\backend\generic3\clinics\views.py changed, reloading.
Watching for file changes with StatReloader
"GET /api/v1/clinics/ HTTP/1.1" 200 551
C:\Users\User\OneDrive\Desktop\computer_science\work\GenericWeb\backend\generic3\clinics\urls.py changed, reloading.
Watching for file changes with StatReloader
C:\Users\User\OneDrive\Desktop\computer_science\work\GenericWeb\backend\generic3\clinics\urls.py changed, reloading.
Watching for file changes with StatReloader
C:\Users\User\OneDrive\Desktop\computer_science\work\GenericWeb\backend\generic3\clinics\views.py changed, reloading.
Watching for file changes with StatReloader
C:\Users\User\OneDrive\Desktop\computer_science\work\GenericWeb\backend\generic3\clinics\urls.py changed, reloading.
Watching for file changes with StatReloader
"POST /api/v1/login/ HTTP/1.1" 200 992
C:\Users\User\OneDrive\Desktop\computer_science\work\GenericWeb\backend\generic3\clinics\models.py changed, reloading.
Watching for file changes with StatReloader
Watching for file changes with StatReloader
Not Found: /
"GET / HTTP/1.1" 404 18966
"GET /static/debug_toolbar/css/toolbar.css HTTP/1.1" 304 0
"GET /static/debug_toolbar/js/toolbar.js HTTP/1.1" 304 0
"GET /static/debug_toolbar/css/print.css HTTP/1.1" 304 0
"GET /static/debug_toolbar/js/utils.js HTTP/1.1" 304 0
Not Found: /favicon.ico
"GET /favicon.ico HTTP/1.1" 404 19028
Not Found: /firebase-messaging-sw.js
"GET /firebase-messaging-sw.js HTTP/1.1" 404 19080
"GET /admin/ HTTP/1.1" 200 32504
Not Found: /favicon.ico
"GET /favicon.ico HTTP/1.1" 404 19028
"GET /admin/clinics/clinic/ HTTP/1.1" 200 28260
"GET /static/admin/css/changelists.css HTTP/1.1" 304 0
"GET /static/admin/js/vendor/jquery/jquery.js HTTP/1.1" 304 0
"GET /static/admin/js/jquery.init.js HTTP/1.1" 304 0
"GET /static/admin/js/core.js HTTP/1.1" 304 0
"GET /static/admin/js/admin/RelatedObjectLookups.js HTTP/1.1" 304 0
"GET /static/admin/js/actions.js HTTP/1.1" 304 0
"GET /static/admin/js/urlify.js HTTP/1.1" 304 0
"GET /static/admin/js/prepopulate.js HTTP/1.1" 304 0
"GET /static/admin/js/vendor/xregexp/xregexp.js HTTP/1.1" 304 0
"GET /static/admin/js/filters.js HTTP/1.1" 304 0
"GET /admin/jsi18n/ HTTP/1.1" 200 3343
"GET /static/admin/img/tooltag-add.svg HTTP/1.1" 304 0
"GET /admin/clinics/clinic/add/ HTTP/1.1" 200 29765
"GET /static/admin/css/forms.css HTTP/1.1" 304 0
"GET /static/admin/js/prepopulate_init.js HTTP/1.1" 304 0
"GET /static/admin/css/widgets.css HTTP/1.1" 304 0
"GET /static/admin/js/change_form.js HTTP/1.1" 304 0
"GET /admin/jsi18n/ HTTP/1.1" 200 3343
"GET /admin/clinics/clinic/ HTTP/1.1" 200 28259
C:\Users\User\OneDrive\Desktop\computer_science\work\GenericWeb\backend\generic3\clinics\views.py changed, reloading.
Watching for file changes with StatReloader
C:\Users\User\OneDrive\Desktop\computer_science\work\GenericWeb\backend\generic3\clinics\views.py changed, reloading.
Watching for file changes with StatReloader
C:\Users\User\OneDrive\Desktop\computer_science\work\GenericWeb\backend\generic3\clinics\views.py changed, reloading.
Watching for file changes with StatReloader
C:\Users\User\OneDrive\Desktop\computer_science\work\GenericWeb\backend\generic3\clinics\views.py changed, reloading.
Watching for file changes with StatReloader
C:\Users\User\OneDrive\Desktop\computer_science\work\GenericWeb\backend\generic3\clinics\views.py changed, reloading.
Watching for file changes with StatReloader
C:\Users\User\OneDrive\Desktop\computer_science\work\GenericWeb\backend\generic3\clinics\views.py changed, reloading.
Watching for file changes with StatReloader
C:\Users\User\OneDrive\Desktop\computer_science\work\GenericWeb\backend\generic3\clinics\views.py changed, reloading.
Watching for file changes with StatReloader
C:\Users\User\OneDrive\Desktop\computer_science\work\GenericWeb\backend\generic3\clinics\views.py changed, reloading.
Watching for file changes with StatReloader
C:\Users\User\OneDrive\Desktop\computer_science\work\GenericWeb\backend\generic3\clinics\views.py changed, reloading.
Watching for file changes with StatReloader
C:\Users\User\OneDrive\Desktop\computer_science\work\GenericWeb\backend\generic3\clinics\views.py changed, reloading.
Watching for file changes with StatReloader
C:\Users\User\OneDrive\Desktop\computer_science\work\GenericWeb\backend\generic3\generic3\utils.py changed, reloading.
Watching for file changes with StatReloader
C:\Users\User\OneDrive\Desktop\computer_science\work\GenericWeb\backend\generic3\generic3\utils.py changed, reloading.
Watching for file changes with StatReloader
C:\Users\User\OneDrive\Desktop\computer_science\work\GenericWeb\backend\generic3\generic3\utils.py changed, reloading.
Watching for file changes with StatReloader
C:\Users\User\OneDrive\Desktop\computer_science\work\GenericWeb\backend\generic3\generic3\utils.py changed, reloading.
Watching for file changes with StatReloader
C:\Users\User\OneDrive\Desktop\computer_science\work\GenericWeb\backend\generic3\generic3\utils.py changed, reloading.
Watching for file changes with StatReloader
C:\Users\User\OneDrive\Desktop\computer_science\work\GenericWeb\backend\generic3\generic3\utils.py changed, reloading.
Watching for file changes with StatReloader
C:\Users\User\OneDrive\Desktop\computer_science\work\GenericWeb\backend\generic3\generic3\utils.py changed, reloading.
Watching for file changes with StatReloader
C:\Users\User\OneDrive\Desktop\computer_science\work\GenericWeb\backend\generic3\clinics\views.py changed, reloading.
Watching for file changes with StatReloader
C:\Users\User\OneDrive\Desktop\computer_science\work\GenericWeb\backend\generic3\clinics\views.py changed, reloading.
Watching for file changes with StatReloader
C:\Users\User\OneDrive\Desktop\computer_science\work\GenericWeb\backend\generic3\generic3\utils.py changed, reloading.
Watching for file changes with StatReloader
C:\Users\User\OneDrive\Desktop\computer_science\work\GenericWeb\backend\generic3\generic3\utils.py changed, reloading.
Watching for file changes with StatReloader
C:\Users\User\OneDrive\Desktop\computer_science\work\GenericWeb\backend\generic3\generic3\utils.py changed, reloading.
Watching for file changes with StatReloader
C:\Users\User\OneDrive\Desktop\computer_science\work\GenericWeb\backend\generic3\generic3\utils.py changed, reloading.
Watching for file changes with StatReloader
C:\Users\User\OneDrive\Desktop\computer_science\work\GenericWeb\backend\generic3\clinics\views.py changed, reloading.
Watching for file changes with StatReloader
C:\Users\User\OneDrive\Desktop\computer_science\work\GenericWeb\backend\generic3\clinics\views.py changed, reloading.
Watching for file changes with StatReloader
"GET /api/v1/clinics/1/ HTTP/1.1" 200 549
Forbidden: /api/v1/clinics/add/
"POST /api/v1/clinics/add/ HTTP/1.1" 403 50
"POST /api/v1/logout/ HTTP/1.1" 200 38
"POST /api/v1/login/ HTTP/1.1" 200 722
Bad Request: /api/v1/clinics/add/
"POST /api/v1/clinics/add/ HTTP/1.1" 400 110
Internal Server Error: /api/v1/clinics/add/
"POST /api/v1/clinics/add/ HTTP/1.1" 500 89
C:\Users\User\OneDrive\Desktop\computer_science\work\GenericWeb\backend\generic3\generic3\utils.py changed, reloading.
Watching for file changes with StatReloader
C:\Users\User\OneDrive\Desktop\computer_science\work\GenericWeb\backend\generic3\generic3\utils.py changed, reloading.
Watching for file changes with StatReloader
"POST /api/v1/clinics/add/ HTTP/1.1" 201 40
"GET /admin/clinics/clinic/ HTTP/1.1" 200 28469
"GET /admin/jsi18n/ HTTP/1.1" 200 3343
"GET /admin/clinics/clinic/2/change/ HTTP/1.1" 200 30137
"GET /admin/jsi18n/ HTTP/1.1" 200 3343
"GET /admin/clinics/managerclinic/ HTTP/1.1" 200 28619
"GET /admin/jsi18n/ HTTP/1.1" 200 3343
"GET /admin/clinics/managerclinic/2/change/ HTTP/1.1" 200 31018
"GET /static/admin/img/icon-viewlink.svg HTTP/1.1" 304 0
"GET /admin/jsi18n/ HTTP/1.1" 200 3343
"GET /admin/clinics/clinicmodules/ HTTP/1.1" 200 30624
"GET /admin/jsi18n/ HTTP/1.1" 200 3343
"GET /admin/clinics/managerclinic/ HTTP/1.1" 200 28618
"GET /admin/jsi18n/ HTTP/1.1" 200 3343
"GET /admin/users/clinicmanager/ HTTP/1.1" 200 28583
"GET /admin/jsi18n/ HTTP/1.1" 200 3343
Bad Request: /api/v1/clinics/add/
"POST /api/v1/clinics/add/ HTTP/1.1" 400 56
Bad Request: /api/v1/clinics/add/
"POST /api/v1/clinics/add/ HTTP/1.1" 400 58
Bad Request: /api/v1/clinics/add/
"POST /api/v1/clinics/add/ HTTP/1.1" 400 56
"GET /admin/users/clinicmanager/ HTTP/1.1" 200 28583
"GET /admin/jsi18n/ HTTP/1.1" 200 3343
"POST /api/v1/clinics/add/ HTTP/1.1" 201 40
C:\Users\User\OneDrive\Desktop\computer_science\work\GenericWeb\backend\generic3\clinics\views.py changed, reloading.
Watching for file changes with StatReloader
C:\Users\User\OneDrive\Desktop\computer_science\work\GenericWeb\backend\generic3\generic3\utils.py changed, reloading.
Watching for file changes with StatReloader
"GET /admin/users/clinicmanager/ HTTP/1.1" 200 28816
"GET /admin/jsi18n/ HTTP/1.1" 200 3343
"POST /admin/users/clinicmanager/ HTTP/1.1" 200 27423
"GET /static/admin/js/cancel.js HTTP/1.1" 304 0
"POST /admin/users/clinicmanager/ HTTP/1.1" 302 0
"GET /admin/users/clinicmanager/ HTTP/1.1" 200 28727
"GET /admin/jsi18n/ HTTP/1.1" 200 3343
"GET /static/admin/img/icon-yes.svg HTTP/1.1" 304 0
"GET /admin/clinics/managerclinic/ HTTP/1.1" 200 28619
"GET /admin/jsi18n/ HTTP/1.1" 200 3343
"GET /admin/clinics/clinic/ HTTP/1.1" 200 28884
"GET /admin/jsi18n/ HTTP/1.1" 200 3343
"POST /admin/clinics/clinic/ HTTP/1.1" 200 27678
"POST /admin/clinics/clinic/ HTTP/1.1" 302 0
"GET /admin/clinics/clinic/ HTTP/1.1" 200 28605
"GET /admin/jsi18n/ HTTP/1.1" 200 3343
Bad Request: /api/v1/clinics/add/
"POST /api/v1/clinics/add/ HTTP/1.1" 400 56
Internal Server Error: /api/v1/clinics/add/
"POST /api/v1/clinics/add/ HTTP/1.1" 500 44
Internal Server Error: /api/v1/clinics/add/
"POST /api/v1/clinics/add/ HTTP/1.1" 500 44
C:\Users\User\OneDrive\Desktop\computer_science\work\GenericWeb\backend\generic3\clinics\views.py changed, reloading.
Watching for file changes with StatReloader
Internal Server Error: /api/v1/clinics/add/
"POST /api/v1/clinics/add/ HTTP/1.1" 500 44
C:\Users\User\OneDrive\Desktop\computer_science\work\GenericWeb\backend\generic3\clinics\views.py changed, reloading.
Watching for file changes with StatReloader
Bad Request: /api/v1/clinics/add/
"POST /api/v1/clinics/add/ HTTP/1.1" 400 56
Internal Server Error: /api/v1/clinics/add/
"POST /api/v1/clinics/add/ HTTP/1.1" 500 44
C:\Users\User\OneDrive\Desktop\computer_science\work\GenericWeb\backend\generic3\clinics\views.py changed, reloading.
Watching for file changes with StatReloader
Internal Server Error: /api/v1/clinics/add/
"POST /api/v1/clinics/add/ HTTP/1.1" 500 65
C:\Users\User\OneDrive\Desktop\computer_science\work\GenericWeb\backend\generic3\clinics\views.py changed, reloading.
Watching for file changes with StatReloader
Internal Server Error: /api/v1/clinics/add/
"POST /api/v1/clinics/add/ HTTP/1.1" 500 20
C:\Users\User\OneDrive\Desktop\computer_science\work\GenericWeb\backend\generic3\clinics\views.py changed, reloading.
Watching for file changes with StatReloader
Internal Server Error: /api/v1/clinics/add/
"POST /api/v1/clinics/add/ HTTP/1.1" 500 44
Internal Server Error: /api/v1/clinics/add/
"POST /api/v1/clinics/add/ HTTP/1.1" 500 44
"POST /api/v1/clinics/add/ HTTP/1.1" 201 40
C:\Users\User\OneDrive\Desktop\computer_science\work\GenericWeb\backend\generic3\generic3\utils.py changed, reloading.
Watching for file changes with StatReloader
C:\Users\User\OneDrive\Desktop\computer_science\work\GenericWeb\backend\generic3\generic3\utils.py changed, reloading.
Watching for file changes with StatReloader
C:\Users\User\OneDrive\Desktop\computer_science\work\GenericWeb\backend\generic3\clinics\urls.py changed, reloading.
Watching for file changes with StatReloader
C:\Users\User\OneDrive\Desktop\computer_science\work\GenericWeb\backend\generic3\clinics\views.py changed, reloading.
Watching for file changes with StatReloader
C:\Users\User\OneDrive\Desktop\computer_science\work\GenericWeb\backend\generic3\clinics\views.py changed, reloading.
Watching for file changes with StatReloader
Internal Server Error: /api/v1/clinics/1/update/
Traceback (most recent call last):
  File "C:\Users\User\OneDrive\Desktop\computer_science\work\GenericWeb\backend\venv\Lib\site-packages\django\db\backends\utils.py", line 89, in _execute
    return self.cursor.execute(sql, params)
           ^^^^^^^^^^^^^^^^^^^^^^^^^^^^^^^^
  File "C:\Users\User\OneDrive\Desktop\computer_science\work\GenericWeb\backend\venv\Lib\site-packages\django\db\backends\sqlite3\base.py", line 328, in execute
    return super().execute(query, params)
           ^^^^^^^^^^^^^^^^^^^^^^^^^^^^^^
sqlite3.IntegrityError: UNIQUE constraint failed: clinics_clinic.clinic_url

The above exception was the direct cause of the following exception:

Traceback (most recent call last):
  File "C:\Users\User\OneDrive\Desktop\computer_science\work\GenericWeb\backend\venv\Lib\site-packages\django\core\handlers\exception.py", line 55, in inner
    response = get_response(request)
               ^^^^^^^^^^^^^^^^^^^^^
  File "C:\Users\User\OneDrive\Desktop\computer_science\work\GenericWeb\backend\venv\Lib\site-packages\django\core\handlers\base.py", line 197, in _get_response
    response = wrapped_callback(request, *callback_args, **callback_kwargs)
               ^^^^^^^^^^^^^^^^^^^^^^^^^^^^^^^^^^^^^^^^^^^^^^^^^^^^^^^^^^^^
  File "C:\Users\User\OneDrive\Desktop\computer_science\work\GenericWeb\backend\venv\Lib\site-packages\django\views\decorators\csrf.py", line 56, in wrapper_view
    return view_func(*args, **kwargs)
           ^^^^^^^^^^^^^^^^^^^^^^^^^^
  File "C:\Users\User\OneDrive\Desktop\computer_science\work\GenericWeb\backend\venv\Lib\site-packages\django\views\generic\base.py", line 104, in view
    return self.dispatch(request, *args, **kwargs)
           ^^^^^^^^^^^^^^^^^^^^^^^^^^^^^^^^^^^^^^^
  File "C:\Users\User\OneDrive\Desktop\computer_science\work\GenericWeb\backend\venv\Lib\site-packages\rest_framework\views.py", line 509, in dispatch
    response = self.handle_exception(exc)
               ^^^^^^^^^^^^^^^^^^^^^^^^^^
  File "C:\Users\User\OneDrive\Desktop\computer_science\work\GenericWeb\backend\venv\Lib\site-packages\rest_framework\views.py", line 469, in handle_exception
    self.raise_uncaught_exception(exc)
  File "C:\Users\User\OneDrive\Desktop\computer_science\work\GenericWeb\backend\venv\Lib\site-packages\rest_framework\views.py", line 480, in raise_uncaught_exception
    raise exc
  File "C:\Users\User\OneDrive\Desktop\computer_science\work\GenericWeb\backend\venv\Lib\site-packages\rest_framework\views.py", line 506, in dispatch
    response = handler(request, *args, **kwargs)
               ^^^^^^^^^^^^^^^^^^^^^^^^^^^^^^^^^
  File "C:\Users\User\OneDrive\Desktop\computer_science\work\GenericWeb\backend\venv\Lib\site-packages\rest_framework\decorators.py", line 50, in handler
    return func(*args, **kwargs)
           ^^^^^^^^^^^^^^^^^^^^^
  File "C:\Users\User\OneDrive\Desktop\computer_science\work\GenericWeb\backend\generic3\clinics\views.py", line 193, in update_clinic
    Clinic.objects.filter(id=clinic_id).update(
  File "C:\Users\User\OneDrive\Desktop\computer_science\work\GenericWeb\backend\venv\Lib\site-packages\django\db\models\query.py", line 1206, in update
    rows = query.get_compiler(self.db).execute_sql(CURSOR)
           ^^^^^^^^^^^^^^^^^^^^^^^^^^^^^^^^^^^^^^^^^^^^^^^
  File "C:\Users\User\OneDrive\Desktop\computer_science\work\GenericWeb\backend\venv\Lib\site-packages\django\db\models\sql\compiler.py", line 1982, in execute_sql
    cursor = super().execute_sql(result_type)
             ^^^^^^^^^^^^^^^^^^^^^^^^^^^^^^^^
  File "C:\Users\User\OneDrive\Desktop\computer_science\work\GenericWeb\backend\venv\Lib\site-packages\django\db\models\sql\compiler.py", line 1560, in execute_sql
    cursor.execute(sql, params)
  File "C:\Users\User\OneDrive\Desktop\computer_science\work\GenericWeb\backend\venv\Lib\site-packages\debug_toolbar\panels\sql\tracking.py", line 235, in execute
    return self._record(super().execute, sql, params)
           ^^^^^^^^^^^^^^^^^^^^^^^^^^^^^^^^^^^^^^^^^^
  File "C:\Users\User\OneDrive\Desktop\computer_science\work\GenericWeb\backend\venv\Lib\site-packages\debug_toolbar\panels\sql\tracking.py", line 160, in _record
    return method(sql, params)
           ^^^^^^^^^^^^^^^^^^^
  File "C:\Users\User\OneDrive\Desktop\computer_science\work\GenericWeb\backend\venv\Lib\site-packages\django\db\backends\utils.py", line 102, in execute
    return super().execute(sql, params)
           ^^^^^^^^^^^^^^^^^^^^^^^^^^^^
  File "C:\Users\User\OneDrive\Desktop\computer_science\work\GenericWeb\backend\venv\Lib\site-packages\django\db\backends\utils.py", line 67, in execute
    return self._execute_with_wrappers(
           ^^^^^^^^^^^^^^^^^^^^^^^^^^^^
  File "C:\Users\User\OneDrive\Desktop\computer_science\work\GenericWeb\backend\venv\Lib\site-packages\django\db\backends\utils.py", line 80, in _execute_with_wrappers
    return executor(sql, params, many, context)
           ^^^^^^^^^^^^^^^^^^^^^^^^^^^^^^^^^^^^
  File "C:\Users\User\OneDrive\Desktop\computer_science\work\GenericWeb\backend\venv\Lib\site-packages\django\db\backends\utils.py", line 84, in _execute
    with self.db.wrap_database_errors:
  File "C:\Users\User\OneDrive\Desktop\computer_science\work\GenericWeb\backend\venv\Lib\site-packages\django\db\utils.py", line 91, in __exit__
    raise dj_exc_value.with_traceback(traceback) from exc_value
  File "C:\Users\User\OneDrive\Desktop\computer_science\work\GenericWeb\backend\venv\Lib\site-packages\django\db\backends\utils.py", line 89, in _execute
    return self.cursor.execute(sql, params)
           ^^^^^^^^^^^^^^^^^^^^^^^^^^^^^^^^
  File "C:\Users\User\OneDrive\Desktop\computer_science\work\GenericWeb\backend\venv\Lib\site-packages\django\db\backends\sqlite3\base.py", line 328, in execute
    return super().execute(query, params)
           ^^^^^^^^^^^^^^^^^^^^^^^^^^^^^^
django.db.utils.IntegrityError: UNIQUE constraint failed: clinics_clinic.clinic_url
"PUT /api/v1/clinics/1/update/ HTTP/1.1" 500 193160
C:\Users\User\OneDrive\Desktop\computer_science\work\GenericWeb\backend\generic3\clinics\views.py changed, reloading.
Watching for file changes with StatReloader
"PUT /api/v1/clinics/1/update/ HTTP/1.1" 200 42
"PUT /api/v1/clinics/1/update/ HTTP/1.1" 200 42
"PUT /api/v1/clinics/2/update/ HTTP/1.1" 200 42
Not Found: /api/v1/clinics/3/update/
"PUT /api/v1/clinics/3/update/ HTTP/1.1" 404 29
"PUT /api/v1/clinics/5/update/ HTTP/1.1" 200 42
"GET /admin/clinics/clinic/ HTTP/1.1" 200 28677
"GET /admin/jsi18n/ HTTP/1.1" 200 3343
"GET /admin/clinics/clinic/5/change/ HTTP/1.1" 200 30131
"GET /admin/jsi18n/ HTTP/1.1" 200 3343
"GET /admin/clinics/clinic/5/change/ HTTP/1.1" 200 30130
"GET /admin/jsi18n/ HTTP/1.1" 200 3343
"GET /admin/clinics/clinic/5/change/ HTTP/1.1" 302 0
"GET /admin/ HTTP/1.1" 200 32489
"GET /static/admin/img/icon-alert.svg HTTP/1.1" 200 504
"GET /admin/clinics/clinic/ HTTP/1.1" 200 28676
"GET /admin/jsi18n/ HTTP/1.1" 200 3343
"GET /admin/clinics/clinic/3/change/ HTTP/1.1" 200 30130
"GET /admin/jsi18n/ HTTP/1.1" 200 3343
"GET /admin/clinics/clinic/ HTTP/1.1" 200 28676
C:\Users\User\OneDrive\Desktop\computer_science\work\GenericWeb\backend\generic3\clinics\views.py changed, reloading.
Watching for file changes with StatReloader
C:\Users\User\OneDrive\Desktop\computer_science\work\GenericWeb\backend\generic3\clinics\views.py changed, reloading.
Watching for file changes with StatReloader
C:\Users\User\OneDrive\Desktop\computer_science\work\GenericWeb\backend\generic3\clinics\views.py changed, reloading.
Watching for file changes with StatReloader
"PUT /api/v1/clinics/3/update/ HTTP/1.1" 200 42
"PUT /api/v1/clinics/3/update/ HTTP/1.1" 200 42
C:\Users\User\OneDrive\Desktop\computer_science\work\GenericWeb\backend\generic3\clinics\urls.py changed, reloading.
Watching for file changes with StatReloader
C:\Users\User\OneDrive\Desktop\computer_science\work\GenericWeb\backend\generic3\users\urls.py changed, reloading.
Watching for file changes with StatReloader
C:\Users\User\OneDrive\Desktop\computer_science\work\GenericWeb\backend\generic3\users\views.py changed, reloading.
Watching for file changes with StatReloader
C:\Users\User\OneDrive\Desktop\computer_science\work\GenericWeb\backend\generic3\users\views.py changed, reloading.
Watching for file changes with StatReloader
C:\Users\User\OneDrive\Desktop\computer_science\work\GenericWeb\backend\generic3\users\urls.py changed, reloading.
Watching for file changes with StatReloader
C:\Users\User\OneDrive\Desktop\computer_science\work\GenericWeb\backend\generic3\users\views.py changed, reloading.
Watching for file changes with StatReloader
Bad Request: /api/v1/users/3/update/
"PUT /api/v1/users/3/update/ HTTP/1.1" 400 109
"PUT /api/v1/users/3/update/ HTTP/1.1" 200 38
"PUT /api/v1/users/3/update/ HTTP/1.1" 200 38
C:\Users\User\OneDrive\Desktop\computer_science\work\GenericWeb\backend\generic3\users\urls.py changed, reloading.
Watching for file changes with StatReloader
C:\Users\User\OneDrive\Desktop\computer_science\work\GenericWeb\backend\generic3\users\views.py changed, reloading.
Watching for file changes with StatReloader
C:\Users\User\OneDrive\Desktop\computer_science\work\GenericWeb\backend\generic3\generic3\utils.py changed, reloading.
Watching for file changes with StatReloader
C:\Users\User\OneDrive\Desktop\computer_science\work\GenericWeb\backend\generic3\users\views.py changed, reloading.
Watching for file changes with StatReloader
"GET /api/v1/users/3/ HTTP/1.1" 200 120
C:\Users\User\OneDrive\Desktop\computer_science\work\GenericWeb\backend\generic3\generic3\utils.py changed, reloading.
Watching for file changes with StatReloader
C:\Users\User\OneDrive\Desktop\computer_science\work\GenericWeb\backend\generic3\generic3\utils.py changed, reloading.
Watching for file changes with StatReloader
C:\Users\User\OneDrive\Desktop\computer_science\work\GenericWeb\backend\generic3\generic3\utils.py changed, reloading.
Watching for file changes with StatReloader
C:\Users\User\OneDrive\Desktop\computer_science\work\GenericWeb\backend\generic3\generic3\utils.py changed, reloading.
Watching for file changes with StatReloader
C:\Users\User\OneDrive\Desktop\computer_science\work\GenericWeb\backend\generic3\generic3\utils.py changed, reloading.
Watching for file changes with StatReloader
C:\Users\User\OneDrive\Desktop\computer_science\work\GenericWeb\backend\generic3\users\views.py changed, reloading.
Watching for file changes with StatReloader
C:\Users\User\OneDrive\Desktop\computer_science\work\GenericWeb\backend\generic3\users\views.py changed, reloading.
Watching for file changes with StatReloader
Internal Server Error: /api/v1/users/3/
Traceback (most recent call last):
  File "C:\Users\User\OneDrive\Desktop\computer_science\work\GenericWeb\backend\venv\Lib\site-packages\django\core\handlers\exception.py", line 55, in inner
    response = get_response(request)
               ^^^^^^^^^^^^^^^^^^^^^
  File "C:\Users\User\OneDrive\Desktop\computer_science\work\GenericWeb\backend\venv\Lib\site-packages\django\core\handlers\base.py", line 220, in _get_response
    response = response.render()
               ^^^^^^^^^^^^^^^^^
  File "C:\Users\User\OneDrive\Desktop\computer_science\work\GenericWeb\backend\venv\Lib\site-packages\django\template\response.py", line 111, in render
    self.content = self.rendered_content
                   ^^^^^^^^^^^^^^^^^^^^^
  File "C:\Users\User\OneDrive\Desktop\computer_science\work\GenericWeb\backend\venv\Lib\site-packages\rest_framework\response.py", line 70, in rendered_content
    ret = renderer.render(self.data, accepted_media_type, context)
          ^^^^^^^^^^^^^^^^^^^^^^^^^^^^^^^^^^^^^^^^^^^^^^^^^^^^^^^^
  File "C:\Users\User\OneDrive\Desktop\computer_science\work\GenericWeb\backend\venv\Lib\site-packages\rest_framework\renderers.py", line 99, in render
    ret = json.dumps(
          ^^^^^^^^^^^
  File "C:\Users\User\OneDrive\Desktop\computer_science\work\GenericWeb\backend\venv\Lib\site-packages\rest_framework\utils\json.py", line 25, in dumps
    return json.dumps(*args, **kwargs)
           ^^^^^^^^^^^^^^^^^^^^^^^^^^^
  File "C:\Program Files\WindowsApps\PythonSoftwareFoundation.Python.3.11_3.11.2544.0_x64__qbz5n2kfra8p0\Lib\json\__init__.py", line 238, in dumps
    **kw).encode(obj)
          ^^^^^^^^^^^
  File "C:\Program Files\WindowsApps\PythonSoftwareFoundation.Python.3.11_3.11.2544.0_x64__qbz5n2kfra8p0\Lib\json\encoder.py", line 200, in encode
    chunks = self.iterencode(o, _one_shot=True)
             ^^^^^^^^^^^^^^^^^^^^^^^^^^^^^^^^^^
  File "C:\Program Files\WindowsApps\PythonSoftwareFoundation.Python.3.11_3.11.2544.0_x64__qbz5n2kfra8p0\Lib\json\encoder.py", line 258, in iterencode
    return _iterencode(o, 0)
           ^^^^^^^^^^^^^^^^^
  File "C:\Users\User\OneDrive\Desktop\computer_science\work\GenericWeb\backend\venv\Lib\site-packages\rest_framework\utils\encoders.py", line 67, in default
    return super().default(obj)
           ^^^^^^^^^^^^^^^^^^^^
  File "C:\Program Files\WindowsApps\PythonSoftwareFoundation.Python.3.11_3.11.2544.0_x64__qbz5n2kfra8p0\Lib\json\encoder.py", line 180, in default
    raise TypeError(f'Object of type {o.__class__.__name__} '
TypeError: Object of type HttpResponse is not JSON serializable
"GET /api/v1/users/3/ HTTP/1.1" 500 123298
C:\Users\User\OneDrive\Desktop\computer_science\work\GenericWeb\backend\generic3\users\views.py changed, reloading.
Watching for file changes with StatReloader
C:\Users\User\OneDrive\Desktop\computer_science\work\GenericWeb\backend\generic3\users\urls.py changed, reloading.
Watching for file changes with StatReloader
C:\Users\User\OneDrive\Desktop\computer_science\work\GenericWeb\backend\generic3\users\urls.py changed, reloading.
Watching for file changes with StatReloader
C:\Users\User\OneDrive\Desktop\computer_science\work\GenericWeb\backend\generic3\users\urls.py changed, reloading.
Watching for file changes with StatReloader
C:\Users\User\OneDrive\Desktop\computer_science\work\GenericWeb\backend\generic3\users\views.py changed, reloading.
Watching for file changes with StatReloader
C:\Users\User\OneDrive\Desktop\computer_science\work\GenericWeb\backend\generic3\users\views.py changed, reloading.
Watching for file changes with StatReloader
C:\Users\User\OneDrive\Desktop\computer_science\work\GenericWeb\backend\generic3\generic3\utils.py changed, reloading.
Watching for file changes with StatReloader
"GET /api/v1/users/3/ HTTP/1.1" 200 120
"GET /api/v1/users/3/qr-code/ HTTP/1.1" 200 1136
C:\Users\User\OneDrive\Desktop\computer_science\work\GenericWeb\backend\generic3\clinics\urls.py changed, reloading.
Watching for file changes with StatReloader
Watching for file changes with StatReloader
"OPTIONS /api/v1/login/ HTTP/1.1" 200 0
"POST /api/v1/login/ HTTP/1.1" 200 794
"OPTIONS /api/v1/login/ HTTP/1.1" 200 0
"POST /api/v1/login/ HTTP/1.1" 200 794
"POST /api/v1/login/ HTTP/1.1" 200 794
"GET /api/v1/users/1/3/ HTTP/1.1" 200 604
C:\Users\User\OneDrive\Desktop\computer_science\work\GenericWeb\backend\generic3\users\views.py changed, reloading.
Watching for file changes with StatReloader
Forbidden: /api/v1/users/1/3/
"GET /api/v1/users/1/3/ HTTP/1.1" 403 14136
"GET /static/rest_framework/css/bootstrap-tweaks.css HTTP/1.1" 200 3385
"GET /static/rest_framework/css/bootstrap.min.css HTTP/1.1" 200 121457
"GET /static/rest_framework/css/prettify.css HTTP/1.1" 200 817
Forbidden: /api/v1/users/1/3/
"GET /api/v1/users/1/3/ HTTP/1.1" 403 14134
"GET /static/rest_framework/css/default.css HTTP/1.1" 200 1152
"GET /static/rest_framework/img/grid.png HTTP/1.1" 200 1458
"GET /static/rest_framework/js/ajax-form.js HTTP/1.1" 200 3597
"GET /static/rest_framework/js/jquery-3.5.1.min.js HTTP/1.1" 200 89476
"GET /static/rest_framework/js/bootstrap.min.js HTTP/1.1" 200 39680
"GET /static/rest_framework/js/csrf.js HTTP/1.1" 200 1719
"GET /static/rest_framework/js/default.js HTTP/1.1" 200 1268
"GET /static/rest_framework/js/prettify-min.js HTTP/1.1" 200 13632
Not Found: /favicon.ico
"GET /favicon.ico HTTP/1.1" 404 19867
Not Found: /favicon.ico
"GET /favicon.ico HTTP/1.1" 404 19867
Method Not Allowed: /api/v1/login/
"GET /api/v1/login/ HTTP/1.1" 405 14612
- Broken pipe from ('127.0.0.1', 55988)
- Broken pipe from ('127.0.0.1', 55990)
- Broken pipe from ('127.0.0.1', 55982)
- Broken pipe from ('127.0.0.1', 55973)
- Broken pipe from ('127.0.0.1', 55992)
- Broken pipe from ('127.0.0.1', 55984)
- Broken pipe from ('127.0.0.1', 55986)
- Broken pipe from ('127.0.0.1', 55966)
- Broken pipe from ('127.0.0.1', 55994)
- Broken pipe from ('127.0.0.1', 55975)
- Broken pipe from ('127.0.0.1', 55979)
- Broken pipe from ('127.0.0.1', 55977)
"GET /api/v1/users/1/3/ HTTP/1.1" 200 403
C:\Users\User\OneDrive\Desktop\computer_science\work\GenericWeb\backend\generic3\users\views.py changed, reloading.
Watching for file changes with StatReloader
Forbidden: /api/v1/users/1/3/
"GET /api/v1/users/1/3/ HTTP/1.1" 403 58
C:\Users\User\OneDrive\Desktop\computer_science\work\GenericWeb\backend\generic3\api\views.py changed, reloading.
Watching for file changes with StatReloader
C:\Users\User\OneDrive\Desktop\computer_science\work\GenericWeb\backend\generic3\api\views.py changed, reloading.
Watching for file changes with StatReloader
C:\Users\User\OneDrive\Desktop\computer_science\work\GenericWeb\backend\generic3\api\views.py changed, reloading.
Watching for file changes with StatReloader
"POST /api/v1/login/ HTTP/1.1" 200 794
C:\Users\User\OneDrive\Desktop\computer_science\work\GenericWeb\backend\generic3\generic3\settings.py changed, reloading.
Watching for file changes with StatReloader
C:\Users\User\OneDrive\Desktop\computer_science\work\GenericWeb\backend\generic3\generic3\settings.py changed, reloading.
Watching for file changes with StatReloader
C:\Users\User\OneDrive\Desktop\computer_science\work\GenericWeb\backend\generic3\generic3\settings.py changed, reloading.
Watching for file changes with StatReloader
C:\Users\User\OneDrive\Desktop\computer_science\work\GenericWeb\backend\generic3\generic3\settings.py changed, reloading.
Watching for file changes with StatReloader
C:\Users\User\OneDrive\Desktop\computer_science\work\GenericWeb\backend\generic3\generic3\settings.py changed, reloading.
Watching for file changes with StatReloader
C:\Users\User\OneDrive\Desktop\computer_science\work\GenericWeb\backend\generic3\generic3\settings.py changed, reloading.
Watching for file changes with StatReloader
C:\Users\User\OneDrive\Desktop\computer_science\work\GenericWeb\backend\generic3\generic3\settings.py changed, reloading.
Watching for file changes with StatReloader
"OPTIONS /api/v1/login/ HTTP/1.1" 200 0
"POST /api/v1/login/ HTTP/1.1" 200 794
C:\Users\User\OneDrive\Desktop\computer_science\work\GenericWeb\backend\generic3\generic3\settings.py changed, reloading.
Watching for file changes with StatReloader
"POST /api/v1/login/ HTTP/1.1" 200 794
"GET /api/v1/users/1/3/ HTTP/1.1" 200 403
Watching for file changes with StatReloader
C:\Users\User\OneDrive\Desktop\computer_science\work\GenericWeb\backend\generic3\generic3\settings.py changed, reloading.
Watching for file changes with StatReloader
C:\Users\User\OneDrive\Desktop\computer_science\work\GenericWeb\backend\generic3\generic3\settings.py changed, reloading.
Watching for file changes with StatReloader
C:\Users\User\OneDrive\Desktop\computer_science\work\GenericWeb\backend\generic3\generic3\settings.py changed, reloading.
Watching for file changes with StatReloader
C:\Users\User\OneDrive\Desktop\computer_science\work\GenericWeb\backend\generic3\generic3\settings.py changed, reloading.
Watching for file changes with StatReloader
C:\Users\User\OneDrive\Desktop\computer_science\work\GenericWeb\backend\generic3\generic3\settings.py changed, reloading.
Watching for file changes with StatReloader
C:\Users\User\OneDrive\Desktop\computer_science\work\GenericWeb\backend\generic3\generic3\settings.py changed, reloading.
Watching for file changes with StatReloader
C:\Users\User\OneDrive\Desktop\computer_science\work\GenericWeb\backend\generic3\generic3\settings.py changed, reloading.
Watching for file changes with StatReloader
Watching for file changes with StatReloader
C:\Users\User\OneDrive\Desktop\computer_science\work\GenericWeb\backend\generic3\generic3\settings.py changed, reloading.
Watching for file changes with StatReloader
C:\Users\User\OneDrive\Desktop\computer_science\work\GenericWeb\backend\generic3\generic3\settings.py changed, reloading.
Watching for file changes with StatReloader
C:\Users\User\OneDrive\Desktop\computer_science\work\GenericWeb\backend\generic3\generic3\settings.py changed, reloading.
Watching for file changes with StatReloader
"GET /api/v1/users/1/3/ HTTP/1.1" 200 403
"POST /api/v1/login/ HTTP/1.1" 200 794
"OPTIONS /api/v1/users/1/3 HTTP/1.1" 200 0
C:\Users\User\OneDrive\Desktop\computer_science\work\GenericWeb\backend\generic3\api\views.py changed, reloading.
Watching for file changes with StatReloader
Internal Server Error: /api/v1/login/
Traceback (most recent call last):
  File "C:\Users\User\OneDrive\Desktop\computer_science\work\GenericWeb\backend\venv\Lib\site-packages\django\core\handlers\exception.py", line 55, in inner
    response = get_response(request)
               ^^^^^^^^^^^^^^^^^^^^^
  File "C:\Users\User\OneDrive\Desktop\computer_science\work\GenericWeb\backend\venv\Lib\site-packages\django\core\handlers\base.py", line 197, in _get_response
    response = wrapped_callback(request, *callback_args, **callback_kwargs)
               ^^^^^^^^^^^^^^^^^^^^^^^^^^^^^^^^^^^^^^^^^^^^^^^^^^^^^^^^^^^^
  File "C:\Users\User\OneDrive\Desktop\computer_science\work\GenericWeb\backend\venv\Lib\site-packages\django\views\decorators\csrf.py", line 56, in wrapper_view
    return view_func(*args, **kwargs)
           ^^^^^^^^^^^^^^^^^^^^^^^^^^
  File "C:\Users\User\OneDrive\Desktop\computer_science\work\GenericWeb\backend\venv\Lib\site-packages\django\views\generic\base.py", line 104, in view
    return self.dispatch(request, *args, **kwargs)
           ^^^^^^^^^^^^^^^^^^^^^^^^^^^^^^^^^^^^^^^
  File "C:\Users\User\OneDrive\Desktop\computer_science\work\GenericWeb\backend\venv\Lib\site-packages\rest_framework\views.py", line 509, in dispatch
    response = self.handle_exception(exc)
               ^^^^^^^^^^^^^^^^^^^^^^^^^^
  File "C:\Users\User\OneDrive\Desktop\computer_science\work\GenericWeb\backend\venv\Lib\site-packages\rest_framework\views.py", line 469, in handle_exception
    self.raise_uncaught_exception(exc)
  File "C:\Users\User\OneDrive\Desktop\computer_science\work\GenericWeb\backend\venv\Lib\site-packages\rest_framework\views.py", line 480, in raise_uncaught_exception
    raise exc
  File "C:\Users\User\OneDrive\Desktop\computer_science\work\GenericWeb\backend\venv\Lib\site-packages\rest_framework\views.py", line 506, in dispatch
    response = handler(request, *args, **kwargs)
               ^^^^^^^^^^^^^^^^^^^^^^^^^^^^^^^^^
  File "C:\Users\User\OneDrive\Desktop\computer_science\work\GenericWeb\backend\venv\Lib\site-packages\rest_framework\decorators.py", line 50, in handler
    return func(*args, **kwargs)
           ^^^^^^^^^^^^^^^^^^^^^
  File "C:\Users\User\OneDrive\Desktop\computer_science\work\GenericWeb\backend\generic3\api\views.py", line 119, in login
    response.cookies['auth_token']['Partitioned'] = True
    ~~~~~~~~~~~~~~~~~~~~~~~~~~~~~~^^^^^^^^^^^^^^^
  File "C:\Program Files\WindowsApps\PythonSoftwareFoundation.Python.3.11_3.11.2544.0_x64__qbz5n2kfra8p0\Lib\http\cookies.py", line 312, in __setitem__
    raise CookieError("Invalid attribute %r" % (K,))
http.cookies.CookieError: Invalid attribute 'partitioned'
"POST /api/v1/login/ HTTP/1.1" 500 128740
Internal Server Error: /api/v1/login/
Traceback (most recent call last):
  File "C:\Users\User\OneDrive\Desktop\computer_science\work\GenericWeb\backend\venv\Lib\site-packages\django\core\handlers\exception.py", line 55, in inner
    response = get_response(request)
               ^^^^^^^^^^^^^^^^^^^^^
  File "C:\Users\User\OneDrive\Desktop\computer_science\work\GenericWeb\backend\venv\Lib\site-packages\django\core\handlers\base.py", line 197, in _get_response
    response = wrapped_callback(request, *callback_args, **callback_kwargs)
               ^^^^^^^^^^^^^^^^^^^^^^^^^^^^^^^^^^^^^^^^^^^^^^^^^^^^^^^^^^^^
  File "C:\Users\User\OneDrive\Desktop\computer_science\work\GenericWeb\backend\venv\Lib\site-packages\django\views\decorators\csrf.py", line 56, in wrapper_view
    return view_func(*args, **kwargs)
           ^^^^^^^^^^^^^^^^^^^^^^^^^^
  File "C:\Users\User\OneDrive\Desktop\computer_science\work\GenericWeb\backend\venv\Lib\site-packages\django\views\generic\base.py", line 104, in view
    return self.dispatch(request, *args, **kwargs)
           ^^^^^^^^^^^^^^^^^^^^^^^^^^^^^^^^^^^^^^^
  File "C:\Users\User\OneDrive\Desktop\computer_science\work\GenericWeb\backend\venv\Lib\site-packages\rest_framework\views.py", line 509, in dispatch
    response = self.handle_exception(exc)
               ^^^^^^^^^^^^^^^^^^^^^^^^^^
  File "C:\Users\User\OneDrive\Desktop\computer_science\work\GenericWeb\backend\venv\Lib\site-packages\rest_framework\views.py", line 469, in handle_exception
    self.raise_uncaught_exception(exc)
  File "C:\Users\User\OneDrive\Desktop\computer_science\work\GenericWeb\backend\venv\Lib\site-packages\rest_framework\views.py", line 480, in raise_uncaught_exception
    raise exc
  File "C:\Users\User\OneDrive\Desktop\computer_science\work\GenericWeb\backend\venv\Lib\site-packages\rest_framework\views.py", line 506, in dispatch
    response = handler(request, *args, **kwargs)
               ^^^^^^^^^^^^^^^^^^^^^^^^^^^^^^^^^
  File "C:\Users\User\OneDrive\Desktop\computer_science\work\GenericWeb\backend\venv\Lib\site-packages\rest_framework\decorators.py", line 50, in handler
    return func(*args, **kwargs)
           ^^^^^^^^^^^^^^^^^^^^^
  File "C:\Users\User\OneDrive\Desktop\computer_science\work\GenericWeb\backend\generic3\api\views.py", line 119, in login
    response.cookies['auth_token']['Partitioned'] = True
    ~~~~~~~~~~~~~~~~~~~~~~~~~~~~~~^^^^^^^^^^^^^^^
  File "C:\Program Files\WindowsApps\PythonSoftwareFoundation.Python.3.11_3.11.2544.0_x64__qbz5n2kfra8p0\Lib\http\cookies.py", line 312, in __setitem__
    raise CookieError("Invalid attribute %r" % (K,))
http.cookies.CookieError: Invalid attribute 'partitioned'
"POST /api/v1/login/ HTTP/1.1" 500 128739
C:\Users\User\OneDrive\Desktop\computer_science\work\GenericWeb\backend\generic3\api\views.py changed, reloading.
Watching for file changes with StatReloader
"POST /api/v1/login/ HTTP/1.1" 200 794
Method Not Allowed: /api/v1/login/
"GET /api/v1/login/ HTTP/1.1" 405 40
"GET /api/v1/users/1/3/ HTTP/1.1" 200 403
Watching for file changes with StatReloader
"OPTIONS /api/v1/login/ HTTP/1.1" 200 0
Invalid HTTP_HOST header: '01f228fef55b.ngrok-free.app'. You may need to add '01f228fef55b.ngrok-free.app' to ALLOWED_HOSTS.
Traceback (most recent call last):
  File "C:\Users\User\OneDrive\Desktop\computer_science\work\GenericWeb\backend\venv\Lib\site-packages\django\core\handlers\exception.py", line 55, in inner
    response = get_response(request)
               ^^^^^^^^^^^^^^^^^^^^^
  File "C:\Users\User\OneDrive\Desktop\computer_science\work\GenericWeb\backend\venv\Lib\site-packages\django\utils\deprecation.py", line 133, in __call__
    response = self.process_request(request)
               ^^^^^^^^^^^^^^^^^^^^^^^^^^^^^
  File "C:\Users\User\OneDrive\Desktop\computer_science\work\GenericWeb\backend\venv\Lib\site-packages\django\middleware\common.py", line 48, in process_request
    host = request.get_host()
           ^^^^^^^^^^^^^^^^^^
  File "C:\Users\User\OneDrive\Desktop\computer_science\work\GenericWeb\backend\venv\Lib\site-packages\django\http\request.py", line 167, in get_host
    raise DisallowedHost(msg)
django.core.exceptions.DisallowedHost: Invalid HTTP_HOST header: '01f228fef55b.ngrok-free.app'. You may need to add '01f228fef55b.ngrok-free.app' to ALLOWED_HOSTS.
Bad Request: /api/v1/login/
"POST /api/v1/login/ HTTP/1.1" 400 82406
C:\Users\User\OneDrive\Desktop\computer_science\work\GenericWeb\backend\generic3\generic3\settings.py changed, reloading.
Watching for file changes with StatReloader
Invalid HTTP_HOST header: '01f228fef55b.ngrok-free.app'. You may need to add '01f228fef55b.ngrok-free.app' to ALLOWED_HOSTS.
Traceback (most recent call last):
  File "C:\Users\User\OneDrive\Desktop\computer_science\work\GenericWeb\backend\venv\Lib\site-packages\django\core\handlers\exception.py", line 55, in inner
    response = get_response(request)
               ^^^^^^^^^^^^^^^^^^^^^
  File "C:\Users\User\OneDrive\Desktop\computer_science\work\GenericWeb\backend\venv\Lib\site-packages\django\utils\deprecation.py", line 133, in __call__
    response = self.process_request(request)
               ^^^^^^^^^^^^^^^^^^^^^^^^^^^^^
  File "C:\Users\User\OneDrive\Desktop\computer_science\work\GenericWeb\backend\venv\Lib\site-packages\django\middleware\common.py", line 48, in process_request
    host = request.get_host()
           ^^^^^^^^^^^^^^^^^^
  File "C:\Users\User\OneDrive\Desktop\computer_science\work\GenericWeb\backend\venv\Lib\site-packages\django\http\request.py", line 167, in get_host
    raise DisallowedHost(msg)
django.core.exceptions.DisallowedHost: Invalid HTTP_HOST header: '01f228fef55b.ngrok-free.app'. You may need to add '01f228fef55b.ngrok-free.app' to ALLOWED_HOSTS.
Bad Request: /api/v1/login/
"POST /api/v1/login/ HTTP/1.1" 400 82404
C:\Users\User\OneDrive\Desktop\computer_science\work\GenericWeb\backend\generic3\generic3\settings.py changed, reloading.
Watching for file changes with StatReloader
Invalid HTTP_HOST header: '01f228fef55b.ngrok-free.app'. You may need to add '01f228fef55b.ngrok-free.app' to ALLOWED_HOSTS.
Traceback (most recent call last):
  File "C:\Users\User\OneDrive\Desktop\computer_science\work\GenericWeb\backend\venv\Lib\site-packages\django\core\handlers\exception.py", line 55, in inner
    response = get_response(request)
               ^^^^^^^^^^^^^^^^^^^^^
  File "C:\Users\User\OneDrive\Desktop\computer_science\work\GenericWeb\backend\venv\Lib\site-packages\django\utils\deprecation.py", line 133, in __call__
    response = self.process_request(request)
               ^^^^^^^^^^^^^^^^^^^^^^^^^^^^^
  File "C:\Users\User\OneDrive\Desktop\computer_science\work\GenericWeb\backend\venv\Lib\site-packages\django\middleware\common.py", line 48, in process_request
    host = request.get_host()
           ^^^^^^^^^^^^^^^^^^
  File "C:\Users\User\OneDrive\Desktop\computer_science\work\GenericWeb\backend\venv\Lib\site-packages\django\http\request.py", line 167, in get_host
    raise DisallowedHost(msg)
django.core.exceptions.DisallowedHost: Invalid HTTP_HOST header: '01f228fef55b.ngrok-free.app'. You may need to add '01f228fef55b.ngrok-free.app' to ALLOWED_HOSTS.
Bad Request: /api/v1/login/
"POST /api/v1/login/ HTTP/1.1" 400 82482
C:\Users\User\OneDrive\Desktop\computer_science\work\GenericWeb\backend\generic3\generic3\settings.py changed, reloading.
Watching for file changes with StatReloader
C:\Users\User\OneDrive\Desktop\computer_science\work\GenericWeb\backend\generic3\generic3\settings.py changed, reloading.
Watching for file changes with StatReloader
Invalid HTTP_HOST header: '01f228fef55b.ngrok-free.app'. You may need to add '01f228fef55b.ngrok-free.app' to ALLOWED_HOSTS.
Traceback (most recent call last):
  File "C:\Users\User\OneDrive\Desktop\computer_science\work\GenericWeb\backend\venv\Lib\site-packages\django\core\handlers\exception.py", line 55, in inner
    response = get_response(request)
               ^^^^^^^^^^^^^^^^^^^^^
  File "C:\Users\User\OneDrive\Desktop\computer_science\work\GenericWeb\backend\venv\Lib\site-packages\django\utils\deprecation.py", line 133, in __call__
    response = self.process_request(request)
               ^^^^^^^^^^^^^^^^^^^^^^^^^^^^^
  File "C:\Users\User\OneDrive\Desktop\computer_science\work\GenericWeb\backend\venv\Lib\site-packages\django\middleware\common.py", line 48, in process_request
    host = request.get_host()
           ^^^^^^^^^^^^^^^^^^
  File "C:\Users\User\OneDrive\Desktop\computer_science\work\GenericWeb\backend\venv\Lib\site-packages\django\http\request.py", line 167, in get_host
    raise DisallowedHost(msg)
django.core.exceptions.DisallowedHost: Invalid HTTP_HOST header: '01f228fef55b.ngrok-free.app'. You may need to add '01f228fef55b.ngrok-free.app' to ALLOWED_HOSTS.
Bad Request: /api/v1/login/
"POST /api/v1/login/ HTTP/1.1" 400 82316
Invalid HTTP_HOST header: '01f228fef55b.ngrok-free.app'. You may need to add '01f228fef55b.ngrok-free.app' to ALLOWED_HOSTS.
Traceback (most recent call last):
  File "C:\Users\User\OneDrive\Desktop\computer_science\work\GenericWeb\backend\venv\Lib\site-packages\django\core\handlers\exception.py", line 55, in inner
    response = get_response(request)
               ^^^^^^^^^^^^^^^^^^^^^
  File "C:\Users\User\OneDrive\Desktop\computer_science\work\GenericWeb\backend\venv\Lib\site-packages\django\utils\deprecation.py", line 133, in __call__
    response = self.process_request(request)
               ^^^^^^^^^^^^^^^^^^^^^^^^^^^^^
  File "C:\Users\User\OneDrive\Desktop\computer_science\work\GenericWeb\backend\venv\Lib\site-packages\django\middleware\common.py", line 48, in process_request
    host = request.get_host()
           ^^^^^^^^^^^^^^^^^^
  File "C:\Users\User\OneDrive\Desktop\computer_science\work\GenericWeb\backend\venv\Lib\site-packages\django\http\request.py", line 167, in get_host
    raise DisallowedHost(msg)
django.core.exceptions.DisallowedHost: Invalid HTTP_HOST header: '01f228fef55b.ngrok-free.app'. You may need to add '01f228fef55b.ngrok-free.app' to ALLOWED_HOSTS.
Bad Request: /api/v1/login/
"POST /api/v1/login/ HTTP/1.1" 400 80395
Invalid HTTP_HOST header: '01f228fef55b.ngrok-free.app'. You may need to add '01f228fef55b.ngrok-free.app' to ALLOWED_HOSTS.
Traceback (most recent call last):
  File "C:\Users\User\OneDrive\Desktop\computer_science\work\GenericWeb\backend\venv\Lib\site-packages\django\core\handlers\exception.py", line 55, in inner
    response = get_response(request)
               ^^^^^^^^^^^^^^^^^^^^^
  File "C:\Users\User\OneDrive\Desktop\computer_science\work\GenericWeb\backend\venv\Lib\site-packages\django\utils\deprecation.py", line 133, in __call__
    response = self.process_request(request)
               ^^^^^^^^^^^^^^^^^^^^^^^^^^^^^
  File "C:\Users\User\OneDrive\Desktop\computer_science\work\GenericWeb\backend\venv\Lib\site-packages\django\middleware\common.py", line 48, in process_request
    host = request.get_host()
           ^^^^^^^^^^^^^^^^^^
  File "C:\Users\User\OneDrive\Desktop\computer_science\work\GenericWeb\backend\venv\Lib\site-packages\django\http\request.py", line 167, in get_host
    raise DisallowedHost(msg)
django.core.exceptions.DisallowedHost: Invalid HTTP_HOST header: '01f228fef55b.ngrok-free.app'. You may need to add '01f228fef55b.ngrok-free.app' to ALLOWED_HOSTS.
Bad Request: /api/v1/login/
"POST /api/v1/login/ HTTP/1.1" 400 82316
Invalid HTTP_HOST header: '01f228fef55b.ngrok-free.app'. You may need to add '01f228fef55b.ngrok-free.app' to ALLOWED_HOSTS.
Traceback (most recent call last):
  File "C:\Users\User\OneDrive\Desktop\computer_science\work\GenericWeb\backend\venv\Lib\site-packages\django\core\handlers\exception.py", line 55, in inner
    response = get_response(request)
               ^^^^^^^^^^^^^^^^^^^^^
  File "C:\Users\User\OneDrive\Desktop\computer_science\work\GenericWeb\backend\venv\Lib\site-packages\django\utils\deprecation.py", line 133, in __call__
    response = self.process_request(request)
               ^^^^^^^^^^^^^^^^^^^^^^^^^^^^^
  File "C:\Users\User\OneDrive\Desktop\computer_science\work\GenericWeb\backend\venv\Lib\site-packages\django\middleware\common.py", line 48, in process_request
    host = request.get_host()
           ^^^^^^^^^^^^^^^^^^
  File "C:\Users\User\OneDrive\Desktop\computer_science\work\GenericWeb\backend\venv\Lib\site-packages\django\http\request.py", line 167, in get_host
    raise DisallowedHost(msg)
django.core.exceptions.DisallowedHost: Invalid HTTP_HOST header: '01f228fef55b.ngrok-free.app'. You may need to add '01f228fef55b.ngrok-free.app' to ALLOWED_HOSTS.
Bad Request: /api/v1/login/
"POST /api/v1/login/ HTTP/1.1" 400 80395
Invalid HTTP_HOST header: '01f228fef55b.ngrok-free.app'. You may need to add '01f228fef55b.ngrok-free.app' to ALLOWED_HOSTS.
Traceback (most recent call last):
  File "C:\Users\User\OneDrive\Desktop\computer_science\work\GenericWeb\backend\venv\Lib\site-packages\django\core\handlers\exception.py", line 55, in inner
    response = get_response(request)
               ^^^^^^^^^^^^^^^^^^^^^
  File "C:\Users\User\OneDrive\Desktop\computer_science\work\GenericWeb\backend\venv\Lib\site-packages\django\utils\deprecation.py", line 133, in __call__
    response = self.process_request(request)
               ^^^^^^^^^^^^^^^^^^^^^^^^^^^^^
  File "C:\Users\User\OneDrive\Desktop\computer_science\work\GenericWeb\backend\venv\Lib\site-packages\django\middleware\common.py", line 48, in process_request
    host = request.get_host()
           ^^^^^^^^^^^^^^^^^^
  File "C:\Users\User\OneDrive\Desktop\computer_science\work\GenericWeb\backend\venv\Lib\site-packages\django\http\request.py", line 167, in get_host
    raise DisallowedHost(msg)
django.core.exceptions.DisallowedHost: Invalid HTTP_HOST header: '01f228fef55b.ngrok-free.app'. You may need to add '01f228fef55b.ngrok-free.app' to ALLOWED_HOSTS.
Bad Request: /api/v1/login/
"POST /api/v1/login/ HTTP/1.1" 400 80395
C:\Users\User\OneDrive\Desktop\computer_science\work\GenericWeb\backend\generic3\generic3\settings.py changed, reloading.
Watching for file changes with StatReloader
C:\Users\User\OneDrive\Desktop\computer_science\work\GenericWeb\backend\generic3\generic3\settings.py changed, reloading.
Watching for file changes with StatReloader
Invalid HTTP_HOST header: '01f228fef55b.ngrok-free.app'. You may need to add '01f228fef55b.ngrok-free.app' to ALLOWED_HOSTS.
Traceback (most recent call last):
  File "C:\Users\User\OneDrive\Desktop\computer_science\work\GenericWeb\backend\venv\Lib\site-packages\django\core\handlers\exception.py", line 55, in inner
    response = get_response(request)
               ^^^^^^^^^^^^^^^^^^^^^
  File "C:\Users\User\OneDrive\Desktop\computer_science\work\GenericWeb\backend\venv\Lib\site-packages\django\utils\deprecation.py", line 133, in __call__
    response = self.process_request(request)
               ^^^^^^^^^^^^^^^^^^^^^^^^^^^^^
  File "C:\Users\User\OneDrive\Desktop\computer_science\work\GenericWeb\backend\venv\Lib\site-packages\django\middleware\common.py", line 48, in process_request
    host = request.get_host()
           ^^^^^^^^^^^^^^^^^^
  File "C:\Users\User\OneDrive\Desktop\computer_science\work\GenericWeb\backend\venv\Lib\site-packages\django\http\request.py", line 167, in get_host
    raise DisallowedHost(msg)
django.core.exceptions.DisallowedHost: Invalid HTTP_HOST header: '01f228fef55b.ngrok-free.app'. You may need to add '01f228fef55b.ngrok-free.app' to ALLOWED_HOSTS.
Bad Request: /api/v1/login/
"POST /api/v1/login/ HTTP/1.1" 400 80416
C:\Users\User\OneDrive\Desktop\computer_science\work\GenericWeb\backend\generic3\generic3\settings.py changed, reloading.
Watching for file changes with StatReloader
Invalid HTTP_HOST header: '01f228fef55b.ngrok-free.app'. You may need to add '01f228fef55b.ngrok-free.app' to ALLOWED_HOSTS.
Traceback (most recent call last):
  File "C:\Users\User\OneDrive\Desktop\computer_science\work\GenericWeb\backend\venv\Lib\site-packages\django\core\handlers\exception.py", line 55, in inner
    response = get_response(request)
               ^^^^^^^^^^^^^^^^^^^^^
  File "C:\Users\User\OneDrive\Desktop\computer_science\work\GenericWeb\backend\venv\Lib\site-packages\django\utils\deprecation.py", line 133, in __call__
    response = self.process_request(request)
               ^^^^^^^^^^^^^^^^^^^^^^^^^^^^^
  File "C:\Users\User\OneDrive\Desktop\computer_science\work\GenericWeb\backend\venv\Lib\site-packages\django\middleware\common.py", line 48, in process_request
    host = request.get_host()
           ^^^^^^^^^^^^^^^^^^
  File "C:\Users\User\OneDrive\Desktop\computer_science\work\GenericWeb\backend\venv\Lib\site-packages\django\http\request.py", line 167, in get_host
    raise DisallowedHost(msg)
django.core.exceptions.DisallowedHost: Invalid HTTP_HOST header: '01f228fef55b.ngrok-free.app'. You may need to add '01f228fef55b.ngrok-free.app' to ALLOWED_HOSTS.
Bad Request: /api/v1/login/
"POST /api/v1/login/ HTTP/1.1" 400 80416
Invalid HTTP_HOST header: '5b89d85db037.ngrok-free.app'. You may need to add '5b89d85db037.ngrok-free.app' to ALLOWED_HOSTS.
Traceback (most recent call last):
  File "C:\Users\User\OneDrive\Desktop\computer_science\work\GenericWeb\backend\venv\Lib\site-packages\django\core\handlers\exception.py", line 55, in inner
    response = get_response(request)
               ^^^^^^^^^^^^^^^^^^^^^
  File "C:\Users\User\OneDrive\Desktop\computer_science\work\GenericWeb\backend\venv\Lib\site-packages\django\utils\deprecation.py", line 133, in __call__
    response = self.process_request(request)
               ^^^^^^^^^^^^^^^^^^^^^^^^^^^^^
  File "C:\Users\User\OneDrive\Desktop\computer_science\work\GenericWeb\backend\venv\Lib\site-packages\django\middleware\common.py", line 48, in process_request
    host = request.get_host()
           ^^^^^^^^^^^^^^^^^^
  File "C:\Users\User\OneDrive\Desktop\computer_science\work\GenericWeb\backend\venv\Lib\site-packages\django\http\request.py", line 167, in get_host
    raise DisallowedHost(msg)
django.core.exceptions.DisallowedHost: Invalid HTTP_HOST header: '5b89d85db037.ngrok-free.app'. You may need to add '5b89d85db037.ngrok-free.app' to ALLOWED_HOSTS.
Bad Request: /api/v1/login/
"POST /api/v1/login/ HTTP/1.1" 400 80416
C:\Users\User\OneDrive\Desktop\computer_science\work\GenericWeb\backend\generic3\generic3\settings.py changed, reloading.
Watching for file changes with StatReloader
Invalid HTTP_HOST header: '5b89d85db037.ngrok-free.app'. You may need to add '5b89d85db037.ngrok-free.app' to ALLOWED_HOSTS.
Traceback (most recent call last):
  File "C:\Users\User\OneDrive\Desktop\computer_science\work\GenericWeb\backend\venv\Lib\site-packages\django\core\handlers\exception.py", line 55, in inner
    response = get_response(request)
               ^^^^^^^^^^^^^^^^^^^^^
  File "C:\Users\User\OneDrive\Desktop\computer_science\work\GenericWeb\backend\venv\Lib\site-packages\django\utils\deprecation.py", line 133, in __call__
    response = self.process_request(request)
               ^^^^^^^^^^^^^^^^^^^^^^^^^^^^^
  File "C:\Users\User\OneDrive\Desktop\computer_science\work\GenericWeb\backend\venv\Lib\site-packages\django\middleware\common.py", line 48, in process_request
    host = request.get_host()
           ^^^^^^^^^^^^^^^^^^
  File "C:\Users\User\OneDrive\Desktop\computer_science\work\GenericWeb\backend\venv\Lib\site-packages\django\http\request.py", line 167, in get_host
    raise DisallowedHost(msg)
django.core.exceptions.DisallowedHost: Invalid HTTP_HOST header: '5b89d85db037.ngrok-free.app'. You may need to add '5b89d85db037.ngrok-free.app' to ALLOWED_HOSTS.
Bad Request: /api/v1/login/
"POST /api/v1/login/ HTTP/1.1" 400 80416
Invalid HTTP_HOST header: '5b89d85db037.ngrok-free.app'. You may need to add '5b89d85db037.ngrok-free.app' to ALLOWED_HOSTS.
Traceback (most recent call last):
  File "C:\Users\User\OneDrive\Desktop\computer_science\work\GenericWeb\backend\venv\Lib\site-packages\django\core\handlers\exception.py", line 55, in inner
    response = get_response(request)
               ^^^^^^^^^^^^^^^^^^^^^
  File "C:\Users\User\OneDrive\Desktop\computer_science\work\GenericWeb\backend\venv\Lib\site-packages\django\utils\deprecation.py", line 133, in __call__
    response = self.process_request(request)
               ^^^^^^^^^^^^^^^^^^^^^^^^^^^^^
  File "C:\Users\User\OneDrive\Desktop\computer_science\work\GenericWeb\backend\venv\Lib\site-packages\django\middleware\common.py", line 48, in process_request
    host = request.get_host()
           ^^^^^^^^^^^^^^^^^^
  File "C:\Users\User\OneDrive\Desktop\computer_science\work\GenericWeb\backend\venv\Lib\site-packages\django\http\request.py", line 167, in get_host
    raise DisallowedHost(msg)
django.core.exceptions.DisallowedHost: Invalid HTTP_HOST header: '5b89d85db037.ngrok-free.app'. You may need to add '5b89d85db037.ngrok-free.app' to ALLOWED_HOSTS.
Bad Request: /api/v1/logout/
"POST /api/v1/logout/ HTTP/1.1" 400 80427
Watching for file changes with StatReloader
"POST /api/v1/login/ HTTP/1.1" 200 794
"OPTIONS /api/v1/login/ HTTP/1.1" 200 0
"POST /api/v1/login/ HTTP/1.1" 200 794
"POST /api/v1/login/ HTTP/1.1" 200 794
"POST /api/v1/login/ HTTP/1.1" 200 794
C:\Users\User\OneDrive\Desktop\computer_science\work\GenericWeb\backend\generic3\generic3\settings.py changed, reloading.
Watching for file changes with StatReloader
C:\Users\User\OneDrive\Desktop\computer_science\work\GenericWeb\backend\generic3\generic3\settings.py changed, reloading.
Watching for file changes with StatReloader
C:\Users\User\OneDrive\Desktop\computer_science\work\GenericWeb\backend\generic3\generic3\settings.py changed, reloading.
Watching for file changes with StatReloader
C:\Users\User\OneDrive\Desktop\computer_science\work\GenericWeb\backend\generic3\generic3\settings.py changed, reloading.
Watching for file changes with StatReloader
C:\Users\User\OneDrive\Desktop\computer_science\work\GenericWeb\backend\generic3\generic3\settings.py changed, reloading.
Watching for file changes with StatReloader
Watching for file changes with StatReloader
"POST /api/v1/login/ HTTP/1.1" 200 794
"OPTIONS /api/v1/login/ HTTP/1.1" 200 0
"POST /api/v1/login/ HTTP/1.1" 200 794
Watching for file changes with StatReloader
C:\Users\User\OneDrive\Desktop\computer_science\work\GenericWeb\backend\generic3\generic3\settings.py changed, reloading.
Watching for file changes with StatReloader
Watching for file changes with StatReloader
C:\Users\User\OneDrive\Desktop\computer_science\work\GenericWeb\backend\generic3\generic3\settings.py changed, reloading.
Watching for file changes with StatReloader
C:\Users\User\OneDrive\Desktop\computer_science\work\GenericWeb\backend\generic3\generic3\settings.py changed, reloading.
Watching for file changes with StatReloader
C:\Users\User\OneDrive\Desktop\computer_science\work\GenericWeb\backend\generic3\generic3\settings.py changed, reloading.
Watching for file changes with StatReloader
C:\Users\User\OneDrive\Desktop\computer_science\work\GenericWeb\backend\generic3\generic3\settings.py changed, reloading.
Watching for file changes with StatReloader
C:\Users\User\OneDrive\Desktop\computer_science\work\GenericWeb\backend\generic3\generic3\settings.py changed, reloading.
Watching for file changes with StatReloader
C:\Users\User\OneDrive\Desktop\computer_science\work\GenericWeb\backend\generic3\generic3\settings.py changed, reloading.
Watching for file changes with StatReloader
Invalid HTTP_HOST header: '9aaed76c7e39.ngrok-free.app'. You may need to add '9aaed76c7e39.ngrok-free.app' to ALLOWED_HOSTS.
Traceback (most recent call last):
  File "C:\Users\User\OneDrive\Desktop\computer_science\work\GenericWeb\backend\venv\Lib\site-packages\django\core\handlers\exception.py", line 55, in inner
    response = get_response(request)
               ^^^^^^^^^^^^^^^^^^^^^
  File "C:\Users\User\OneDrive\Desktop\computer_science\work\GenericWeb\backend\venv\Lib\site-packages\django\utils\deprecation.py", line 133, in __call__
    response = self.process_request(request)
               ^^^^^^^^^^^^^^^^^^^^^^^^^^^^^
  File "C:\Users\User\OneDrive\Desktop\computer_science\work\GenericWeb\backend\venv\Lib\site-packages\django\middleware\common.py", line 48, in process_request
    host = request.get_host()
           ^^^^^^^^^^^^^^^^^^
  File "C:\Users\User\OneDrive\Desktop\computer_science\work\GenericWeb\backend\venv\Lib\site-packages\django\http\request.py", line 167, in get_host
    raise DisallowedHost(msg)
django.core.exceptions.DisallowedHost: Invalid HTTP_HOST header: '9aaed76c7e39.ngrok-free.app'. You may need to add '9aaed76c7e39.ngrok-free.app' to ALLOWED_HOSTS.
Bad Request: /api/v1/login/
"POST /api/v1/login/ HTTP/1.1" 400 81081
Invalid HTTP_HOST header: '9aaed76c7e39.ngrok-free.app'. You may need to add '9aaed76c7e39.ngrok-free.app' to ALLOWED_HOSTS.
Traceback (most recent call last):
  File "C:\Users\User\OneDrive\Desktop\computer_science\work\GenericWeb\backend\venv\Lib\site-packages\django\core\handlers\exception.py", line 55, in inner
    response = get_response(request)
               ^^^^^^^^^^^^^^^^^^^^^
  File "C:\Users\User\OneDrive\Desktop\computer_science\work\GenericWeb\backend\venv\Lib\site-packages\django\utils\deprecation.py", line 133, in __call__
    response = self.process_request(request)
               ^^^^^^^^^^^^^^^^^^^^^^^^^^^^^
  File "C:\Users\User\OneDrive\Desktop\computer_science\work\GenericWeb\backend\venv\Lib\site-packages\django\middleware\common.py", line 48, in process_request
    host = request.get_host()
           ^^^^^^^^^^^^^^^^^^
  File "C:\Users\User\OneDrive\Desktop\computer_science\work\GenericWeb\backend\venv\Lib\site-packages\django\http\request.py", line 167, in get_host
    raise DisallowedHost(msg)
django.core.exceptions.DisallowedHost: Invalid HTTP_HOST header: '9aaed76c7e39.ngrok-free.app'. You may need to add '9aaed76c7e39.ngrok-free.app' to ALLOWED_HOSTS.
Bad Request: /api/v1/login/
"POST /api/v1/login/ HTTP/1.1" 400 81081
Watching for file changes with StatReloader
Invalid HTTP_HOST header: '9aaed76c7e39.ngrok-free.app'. You may need to add '9aaed76c7e39.ngrok-free.app' to ALLOWED_HOSTS.
Traceback (most recent call last):
  File "C:\Users\User\OneDrive\Desktop\computer_science\work\GenericWeb\backend\venv\Lib\site-packages\django\core\handlers\exception.py", line 55, in inner
    response = get_response(request)
               ^^^^^^^^^^^^^^^^^^^^^
  File "C:\Users\User\OneDrive\Desktop\computer_science\work\GenericWeb\backend\venv\Lib\site-packages\django\utils\deprecation.py", line 133, in __call__
    response = self.process_request(request)
               ^^^^^^^^^^^^^^^^^^^^^^^^^^^^^
  File "C:\Users\User\OneDrive\Desktop\computer_science\work\GenericWeb\backend\venv\Lib\site-packages\django\middleware\common.py", line 48, in process_request
    host = request.get_host()
           ^^^^^^^^^^^^^^^^^^
  File "C:\Users\User\OneDrive\Desktop\computer_science\work\GenericWeb\backend\venv\Lib\site-packages\django\http\request.py", line 167, in get_host
    raise DisallowedHost(msg)
django.core.exceptions.DisallowedHost: Invalid HTTP_HOST header: '9aaed76c7e39.ngrok-free.app'. You may need to add '9aaed76c7e39.ngrok-free.app' to ALLOWED_HOSTS.
Bad Request: /api/v1/login/
"POST /api/v1/login/ HTTP/1.1" 400 81081
C:\Users\User\OneDrive\Desktop\computer_science\work\GenericWeb\backend\generic3\generic3\settings.py changed, reloading.
Watching for file changes with StatReloader
Invalid HTTP_HOST header: '9aaed76c7e39.ngrok-free.app'. You may need to add '9aaed76c7e39.ngrok-free.app' to ALLOWED_HOSTS.
Traceback (most recent call last):
  File "C:\Users\User\OneDrive\Desktop\computer_science\work\GenericWeb\backend\venv\Lib\site-packages\django\core\handlers\exception.py", line 55, in inner
    response = get_response(request)
               ^^^^^^^^^^^^^^^^^^^^^
  File "C:\Users\User\OneDrive\Desktop\computer_science\work\GenericWeb\backend\venv\Lib\site-packages\django\utils\deprecation.py", line 133, in __call__
    response = self.process_request(request)
               ^^^^^^^^^^^^^^^^^^^^^^^^^^^^^
  File "C:\Users\User\OneDrive\Desktop\computer_science\work\GenericWeb\backend\venv\Lib\site-packages\django\middleware\common.py", line 48, in process_request
    host = request.get_host()
           ^^^^^^^^^^^^^^^^^^
  File "C:\Users\User\OneDrive\Desktop\computer_science\work\GenericWeb\backend\venv\Lib\site-packages\django\http\request.py", line 167, in get_host
    raise DisallowedHost(msg)
django.core.exceptions.DisallowedHost: Invalid HTTP_HOST header: '9aaed76c7e39.ngrok-free.app'. You may need to add '9aaed76c7e39.ngrok-free.app' to ALLOWED_HOSTS.
Bad Request: /api/v1/login/
"POST /api/v1/login/ HTTP/1.1" 400 81081
Watching for file changes with StatReloader
Invalid HTTP_HOST header: '9aaed76c7e39.ngrok-free.app'. You may need to add '9aaed76c7e39.ngrok-free.app' to ALLOWED_HOSTS.
Traceback (most recent call last):
  File "C:\Users\User\OneDrive\Desktop\computer_science\work\GenericWeb\backend\venv\Lib\site-packages\django\core\handlers\exception.py", line 55, in inner
    response = get_response(request)
               ^^^^^^^^^^^^^^^^^^^^^
  File "C:\Users\User\OneDrive\Desktop\computer_science\work\GenericWeb\backend\venv\Lib\site-packages\django\utils\deprecation.py", line 133, in __call__
    response = self.process_request(request)
               ^^^^^^^^^^^^^^^^^^^^^^^^^^^^^
  File "C:\Users\User\OneDrive\Desktop\computer_science\work\GenericWeb\backend\venv\Lib\site-packages\django\middleware\common.py", line 48, in process_request
    host = request.get_host()
           ^^^^^^^^^^^^^^^^^^
  File "C:\Users\User\OneDrive\Desktop\computer_science\work\GenericWeb\backend\venv\Lib\site-packages\django\http\request.py", line 167, in get_host
    raise DisallowedHost(msg)
django.core.exceptions.DisallowedHost: Invalid HTTP_HOST header: '9aaed76c7e39.ngrok-free.app'. You may need to add '9aaed76c7e39.ngrok-free.app' to ALLOWED_HOSTS.
Bad Request: /api/v1/login/
"POST /api/v1/login/ HTTP/1.1" 400 81081
Watching for file changes with StatReloader
"POST /api/v1/login/ HTTP/1.1" 200 794
"POST /api/v1/login/ HTTP/1.1" 200 794
C:\Users\User\OneDrive\Desktop\computer_science\work\GenericWeb\backend\generic3\generic3\settings.py changed, reloading.
Watching for file changes with StatReloader
"POST /api/v1/login/ HTTP/1.1" 200 794
Watching for file changes with StatReloader
Invalid HTTP_HOST header: '3988d71a582f.ngrok-free.app'. You may need to add '3988d71a582f.ngrok-free.app' to ALLOWED_HOSTS.
Traceback (most recent call last):
  File "C:\Users\User\OneDrive\Desktop\computer_science\work\GenericWeb\backend\venv\Lib\site-packages\django\core\handlers\exception.py", line 55, in inner
    response = get_response(request)
               ^^^^^^^^^^^^^^^^^^^^^
  File "C:\Users\User\OneDrive\Desktop\computer_science\work\GenericWeb\backend\venv\Lib\site-packages\django\utils\deprecation.py", line 133, in __call__
    response = self.process_request(request)
               ^^^^^^^^^^^^^^^^^^^^^^^^^^^^^
  File "C:\Users\User\OneDrive\Desktop\computer_science\work\GenericWeb\backend\venv\Lib\site-packages\django\middleware\common.py", line 48, in process_request
    host = request.get_host()
           ^^^^^^^^^^^^^^^^^^
  File "C:\Users\User\OneDrive\Desktop\computer_science\work\GenericWeb\backend\venv\Lib\site-packages\django\http\request.py", line 167, in get_host
    raise DisallowedHost(msg)
django.core.exceptions.DisallowedHost: Invalid HTTP_HOST header: '3988d71a582f.ngrok-free.app'. You may need to add '3988d71a582f.ngrok-free.app' to ALLOWED_HOSTS.
Bad Request: /api/v1/login/
"POST /api/v1/login/ HTTP/1.1" 400 81191
Invalid HTTP_HOST header: '3988d71a582f.ngrok-free.app'. You may need to add '3988d71a582f.ngrok-free.app' to ALLOWED_HOSTS.
Traceback (most recent call last):
  File "C:\Users\User\OneDrive\Desktop\computer_science\work\GenericWeb\backend\venv\Lib\site-packages\django\core\handlers\exception.py", line 55, in inner
    response = get_response(request)
               ^^^^^^^^^^^^^^^^^^^^^
  File "C:\Users\User\OneDrive\Desktop\computer_science\work\GenericWeb\backend\venv\Lib\site-packages\django\utils\deprecation.py", line 133, in __call__
    response = self.process_request(request)
               ^^^^^^^^^^^^^^^^^^^^^^^^^^^^^
  File "C:\Users\User\OneDrive\Desktop\computer_science\work\GenericWeb\backend\venv\Lib\site-packages\django\middleware\common.py", line 48, in process_request
    host = request.get_host()
           ^^^^^^^^^^^^^^^^^^
  File "C:\Users\User\OneDrive\Desktop\computer_science\work\GenericWeb\backend\venv\Lib\site-packages\django\http\request.py", line 167, in get_host
    raise DisallowedHost(msg)
django.core.exceptions.DisallowedHost: Invalid HTTP_HOST header: '3988d71a582f.ngrok-free.app'. You may need to add '3988d71a582f.ngrok-free.app' to ALLOWED_HOSTS.
Bad Request: /api/v1/login/
"POST /api/v1/login/ HTTP/1.1" 400 81191
C:\Users\User\OneDrive\Desktop\computer_science\work\GenericWeb\backend\generic3\generic3\settings.py changed, reloading.
Watching for file changes with StatReloader
C:\Users\User\OneDrive\Desktop\computer_science\work\GenericWeb\backend\generic3\generic3\settings.py changed, reloading.
Watching for file changes with StatReloader
Invalid HTTP_HOST header: '3988d71a582f.ngrok-free.app'. You may need to add '3988d71a582f.ngrok-free.app' to ALLOWED_HOSTS.
Traceback (most recent call last):
  File "C:\Users\User\OneDrive\Desktop\computer_science\work\GenericWeb\backend\venv\Lib\site-packages\django\core\handlers\exception.py", line 55, in inner
    response = get_response(request)
               ^^^^^^^^^^^^^^^^^^^^^
  File "C:\Users\User\OneDrive\Desktop\computer_science\work\GenericWeb\backend\venv\Lib\site-packages\django\utils\deprecation.py", line 133, in __call__
    response = self.process_request(request)
               ^^^^^^^^^^^^^^^^^^^^^^^^^^^^^
  File "C:\Users\User\OneDrive\Desktop\computer_science\work\GenericWeb\backend\venv\Lib\site-packages\django\middleware\common.py", line 48, in process_request
    host = request.get_host()
           ^^^^^^^^^^^^^^^^^^
  File "C:\Users\User\OneDrive\Desktop\computer_science\work\GenericWeb\backend\venv\Lib\site-packages\django\http\request.py", line 167, in get_host
    raise DisallowedHost(msg)
django.core.exceptions.DisallowedHost: Invalid HTTP_HOST header: '3988d71a582f.ngrok-free.app'. You may need to add '3988d71a582f.ngrok-free.app' to ALLOWED_HOSTS.
Bad Request: /api/v1/login/
"POST /api/v1/login/ HTTP/1.1" 400 81191
Watching for file changes with StatReloader
"POST /api/v1/login/ HTTP/1.1" 200 794
"OPTIONS /api/v1/login/ HTTP/1.1" 200 0
"POST /api/v1/login/ HTTP/1.1" 200 794
"OPTIONS /api/v1/users/1/3 HTTP/1.1" 200 0
"OPTIONS /api/v1/users/1/3 HTTP/1.1" 301 0
"OPTIONS /api/v1/users/1/3 HTTP/1.1" 301 0
"OPTIONS /api/v1/users/1/3 HTTP/1.1" 200 0
C:\Users\User\OneDrive\Desktop\computer_science\work\GenericWeb\backend\generic3\generic3\settings.py changed, reloading.
Watching for file changes with StatReloader
C:\Users\User\OneDrive\Desktop\computer_science\work\GenericWeb\backend\generic3\generic3\settings.py changed, reloading.
Watching for file changes with StatReloader
C:\Users\User\OneDrive\Desktop\computer_science\work\GenericWeb\backend\generic3\generic3\settings.py changed, reloading.
Watching for file changes with StatReloader
C:\Users\User\OneDrive\Desktop\computer_science\work\GenericWeb\backend\generic3\generic3\settings.py changed, reloading.
Watching for file changes with StatReloader
"POST /api/v1/login/ HTTP/1.1" 200 794
Watching for file changes with StatReloader
"POST /api/v1/login/ HTTP/1.1" 200 794
C:\Users\User\OneDrive\Desktop\computer_science\work\GenericWeb\backend\generic3\generic3\settings.py changed, reloading.
Watching for file changes with StatReloader
C:\Users\User\OneDrive\Desktop\computer_science\work\GenericWeb\backend\generic3\api\views.py changed, reloading.
Watching for file changes with StatReloader
C:\Users\User\OneDrive\Desktop\computer_science\work\GenericWeb\backend\generic3\generic3\authentication.py changed, reloading.
Watching for file changes with StatReloader
C:\Users\User\OneDrive\Desktop\computer_science\work\GenericWeb\backend\generic3\api\views.py changed, reloading.
Watching for file changes with StatReloader
C:\Users\User\OneDrive\Desktop\computer_science\work\GenericWeb\backend\generic3\api\urls.py changed, reloading.
Watching for file changes with StatReloader
"POST /api/v1/login/ HTTP/1.1" 200 794
C:\Users\User\OneDrive\Desktop\computer_science\work\GenericWeb\backend\generic3\api\urls.py changed, reloading.
Watching for file changes with StatReloader
C:\Users\User\OneDrive\Desktop\computer_science\work\GenericWeb\backend\generic3\api\views.py changed, reloading.
Watching for file changes with StatReloader
C:\Users\User\OneDrive\Desktop\computer_science\work\GenericWeb\backend\generic3\generic3\authentication.py changed, reloading.
Watching for file changes with StatReloader
C:\Users\User\OneDrive\Desktop\computer_science\work\GenericWeb\backend\generic3\generic3\settings.py changed, reloading.
Watching for file changes with StatReloader
C:\Users\User\OneDrive\Desktop\computer_science\work\GenericWeb\backend\generic3\generic3\settings.py changed, reloading.
Watching for file changes with StatReloader
C:\Users\User\OneDrive\Desktop\computer_science\work\GenericWeb\backend\generic3\generic3\settings.py changed, reloading.
Watching for file changes with StatReloader
C:\Users\User\OneDrive\Desktop\computer_science\work\GenericWeb\backend\generic3\generic3\settings.py changed, reloading.
Watching for file changes with StatReloader
C:\Users\User\OneDrive\Desktop\computer_science\work\GenericWeb\backend\generic3\api\views.py changed, reloading.
Watching for file changes with StatReloader
C:\Users\User\OneDrive\Desktop\computer_science\work\GenericWeb\backend\generic3\api\views.py changed, reloading.
Watching for file changes with StatReloader
C:\Users\User\OneDrive\Desktop\computer_science\work\GenericWeb\backend\generic3\api\views.py changed, reloading.
Watching for file changes with StatReloader
C:\Users\User\OneDrive\Desktop\computer_science\work\GenericWeb\backend\generic3\api\urls.py changed, reloading.
Watching for file changes with StatReloader
C:\Users\User\OneDrive\Desktop\computer_science\work\GenericWeb\backend\generic3\api\views.py changed, reloading.
Watching for file changes with StatReloader
C:\Users\User\OneDrive\Desktop\computer_science\work\GenericWeb\backend\generic3\generic3\settings.py changed, reloading.
Watching for file changes with StatReloader
"POST /api/v1/login/ HTTP/1.1" 200 900
"GET /api/v1/users/1/3/ HTTP/1.1" 200 403
"POST /api/v1/login/ HTTP/1.1" 200 900
"GET /api/v1/medications/patient/1/5/ HTTP/1.1" 200 1010
"GET /api/v1/medications/patient/1/5/ HTTP/1.1" 200 1010
C:\Users\User\OneDrive\Desktop\computer_science\work\GenericWeb\backend\generic3\generic3\settings.py changed, reloading.
Watching for file changes with StatReloader
Forbidden: /api/v1/login/
"POST /api/v1/login/ HTTP/1.1" 403 45
Forbidden: /api/v1/login/
"POST /api/v1/login/ HTTP/1.1" 403 45
C:\Users\User\OneDrive\Desktop\computer_science\work\GenericWeb\backend\generic3\api\views.py changed, reloading.
Watching for file changes with StatReloader
C:\Users\User\OneDrive\Desktop\computer_science\work\GenericWeb\backend\generic3\api\views.py changed, reloading.
Watching for file changes with StatReloader
C:\Users\User\OneDrive\Desktop\computer_science\work\GenericWeb\backend\generic3\api\views.py changed, reloading.
Watching for file changes with StatReloader
C:\Users\User\OneDrive\Desktop\computer_science\work\GenericWeb\backend\generic3\api\views.py changed, reloading.
Watching for file changes with StatReloader
C:\Users\User\OneDrive\Desktop\computer_science\work\GenericWeb\backend\generic3\api\views.py changed, reloading.
Watching for file changes with StatReloader
"POST /api/v1/login/ HTTP/1.1" 200 900
"GET /api/v1/medications/patient/1/5/ HTTP/1.1" 200 1010
"OPTIONS /api/v1/medications/patient/1/5/ HTTP/1.1" 200 0
C:\Users\User\OneDrive\Desktop\computer_science\work\GenericWeb\backend\generic3\api\views.py changed, reloading.
Watching for file changes with StatReloader
Forbidden: /api/v1/login/
"POST /api/v1/login/ HTTP/1.1" 403 45
Forbidden: /api/v1/users/3/update/
"PUT /api/v1/users/3/update/ HTTP/1.1" 403 45
C:\Users\User\OneDrive\Desktop\computer_science\work\GenericWeb\backend\generic3\users\views.py changed, reloading.
Watching for file changes with StatReloader
C:\Users\User\OneDrive\Desktop\computer_science\work\GenericWeb\backend\generic3\users\views.py changed, reloading.
Watching for file changes with StatReloader
C:\Users\User\OneDrive\Desktop\computer_science\work\GenericWeb\backend\generic3\users\views.py changed, reloading.
Watching for file changes with StatReloader
Forbidden: /api/v1/users/3/update/
"PUT /api/v1/users/3/update/ HTTP/1.1" 403 45
C:\Users\User\OneDrive\Desktop\computer_science\work\GenericWeb\backend\generic3\api\views.py changed, reloading.
Watching for file changes with StatReloader
"POST /api/v1/login/ HTTP/1.1" 200 900
Forbidden: /api/v1/users/3/update/
"PUT /api/v1/users/3/update/ HTTP/1.1" 403 45
"GET /api/v1/users/1/3/ HTTP/1.1" 200 403
Forbidden: /api/v1/medications/clinic/1/add/
"POST /api/v1/medications/clinic/1/add/ HTTP/1.1" 403 45
C:\Users\User\OneDrive\Desktop\computer_science\work\GenericWeb\backend\generic3\medications\views.py changed, reloading.
Watching for file changes with StatReloader
C:\Users\User\OneDrive\Desktop\computer_science\work\GenericWeb\backend\generic3\medications\views.py changed, reloading.
Watching for file changes with StatReloader
Forbidden: /api/v1/medications/clinic/1/add/
"POST /api/v1/medications/clinic/1/add/ HTTP/1.1" 403 45
C:\Users\User\OneDrive\Desktop\computer_science\work\GenericWeb\backend\generic3\generic3\settings.py changed, reloading.
Watching for file changes with StatReloader
C:\Users\User\OneDrive\Desktop\computer_science\work\GenericWeb\backend\generic3\generic3\settings.py changed, reloading.
Watching for file changes with StatReloader
C:\Users\User\OneDrive\Desktop\computer_science\work\GenericWeb\backend\generic3\generic3\settings.py changed, reloading.
Watching for file changes with StatReloader
"POST /api/v1/login/ HTTP/1.1" 200 900
"GET /api/v1/users/1/3/ HTTP/1.1" 200 403
Forbidden: /api/v1/users/3/update/
"PUT /api/v1/users/3/update/ HTTP/1.1" 403 45
"OPTIONS /api/v1/medications/patient/1/5/ HTTP/1.1" 200 0
Forbidden: /api/v1/medications/patient/1/5/
"GET /api/v1/medications/patient/1/5/ HTTP/1.1" 403 58
Forbidden: /api/v1/medications/patient/1/5/
"GET /api/v1/medications/patient/1/5/ HTTP/1.1" 403 58
Forbidden: /api/v1/medications/patient/1/5/
"GET /api/v1/medications/patient/1/5/ HTTP/1.1" 403 58
"POST /api/v1/login/ HTTP/1.1" 200 900
Forbidden: /api/v1/medications/patient/1/5/
"GET /api/v1/medications/patient/1/5/ HTTP/1.1" 403 58
Forbidden: /api/v1/medications/patient/1/5/
"GET /api/v1/medications/patient/1/5/ HTTP/1.1" 403 58
Forbidden: /api/v1/medications/patient/1/5/
"GET /api/v1/medications/patient/1/5/ HTTP/1.1" 403 58
Forbidden: /api/v1/medications/patient/1/5/
"GET /api/v1/medications/patient/1/5/ HTTP/1.1" 403 58
Forbidden: /api/v1/medications/clinic/1/add/
"POST /api/v1/medications/clinic/1/add/ HTTP/1.1" 403 45
Forbidden: /api/v1/medications/clinic/1/add/
"POST /api/v1/medications/clinic/1/add/ HTTP/1.1" 403 45
C:\Users\User\OneDrive\Desktop\computer_science\work\GenericWeb\backend\generic3\generic3\settings.py changed, reloading.
Watching for file changes with StatReloader
C:\Users\User\OneDrive\Desktop\computer_science\work\GenericWeb\backend\generic3\generic3\settings.py changed, reloading.
Watching for file changes with StatReloader
C:\Users\User\OneDrive\Desktop\computer_science\work\GenericWeb\backend\generic3\generic3\settings.py changed, reloading.
Watching for file changes with StatReloader
"POST /api/v1/login/ HTTP/1.1" 200 900
"GET /api/v1/users/1/3/ HTTP/1.1" 200 403
"PUT /api/v1/users/3/update/ HTTP/1.1" 200 38
"POST /api/v1/medications/clinic/1/add/ HTTP/1.1" 201 43
Forbidden: /api/v1/medications/patient/1/5/
"GET /api/v1/medications/patient/1/5/ HTTP/1.1" 403 58
Forbidden: /api/v1/medications/patient/1/5/
"GET /api/v1/medications/patient/1/5/ HTTP/1.1" 403 58
Forbidden: /api/v1/medications/patient/1/5/
"GET /api/v1/medications/patient/1/5/ HTTP/1.1" 403 58
Forbidden: /api/v1/medications/patient/1/5/
"GET /api/v1/medications/patient/1/5/ HTTP/1.1" 403 58
"POST /api/v1/login/ HTTP/1.1" 200 900
Forbidden: /api/v1/medications/patient/1/5/
"GET /api/v1/medications/patient/1/5/ HTTP/1.1" 403 58
Forbidden: /api/v1/medications/patient/1/5/
"GET /api/v1/medications/patient/1/5/ HTTP/1.1" 403 58
Forbidden: /api/v1/medications/patient/1/5/
"GET /api/v1/medications/patient/1/5/ HTTP/1.1" 403 58
Forbidden: /api/v1/medications/patient/1/5/
"GET /api/v1/medications/patient/1/5/ HTTP/1.1" 403 58
Forbidden: /api/v1/medications/patient/1/5/
"GET /api/v1/medications/patient/1/5/ HTTP/1.1" 403 58
Forbidden: /api/v1/medications/patient/1/5/
"GET /api/v1/medications/patient/1/5/ HTTP/1.1" 403 58
"POST /api/v1/login/ HTTP/1.1" 200 900
Forbidden: /api/v1/medications/patient/1/5/
"GET /api/v1/medications/patient/1/5/ HTTP/1.1" 403 58
"POST /api/v1/login/ HTTP/1.1" 200 900
C:\Users\User\OneDrive\Desktop\computer_science\work\GenericWeb\backend\generic3\generic3\settings.py changed, reloading.
Watching for file changes with StatReloader
Forbidden: /api/v1/medications/patient/1/5/
"GET /api/v1/medications/patient/1/5/ HTTP/1.1" 403 58
Forbidden: /api/v1/medications/patient/1/5/
"GET /api/v1/medications/patient/1/5/ HTTP/1.1" 403 58
Forbidden: /api/v1/medications/patient/1/5/
"GET /api/v1/medications/patient/1/5/ HTTP/1.1" 403 58
Forbidden: /api/v1/medications/patient/1/5/
"GET /api/v1/medications/patient/1/5/ HTTP/1.1" 403 58
"POST /api/v1/login/ HTTP/1.1" 200 900
Forbidden: /api/v1/medications/patient/1/5/
"GET /api/v1/medications/patient/1/5/ HTTP/1.1" 403 58
Forbidden: /api/v1/medications/patient/1/5/
"GET /api/v1/medications/patient/1/5/ HTTP/1.1" 403 58
Forbidden: /api/v1/medications/patient/1/5/
"GET /api/v1/medications/patient/1/5/ HTTP/1.1" 403 58
Forbidden: /api/v1/medications/patient/1/5/
"GET /api/v1/medications/patient/1/5/ HTTP/1.1" 403 58
C:\Users\User\OneDrive\Desktop\computer_science\work\GenericWeb\backend\generic3\generic3\settings.py changed, reloading.
Watching for file changes with StatReloader
C:\Users\User\OneDrive\Desktop\computer_science\work\GenericWeb\backend\generic3\api\views.py changed, reloading.
Watching for file changes with StatReloader
C:\Users\User\OneDrive\Desktop\computer_science\work\GenericWeb\backend\generic3\users\views.py changed, reloading.
Watching for file changes with StatReloader
C:\Users\User\OneDrive\Desktop\computer_science\work\GenericWeb\backend\generic3\api\views.py changed, reloading.
Watching for file changes with StatReloader
Forbidden: /api/v1/login/
"POST /api/v1/login/ HTTP/1.1" 403 45
C:\Users\User\OneDrive\Desktop\computer_science\work\GenericWeb\backend\generic3\api\views.py changed, reloading.
Watching for file changes with StatReloader
Forbidden: /api/v1/login/
"POST /api/v1/login/ HTTP/1.1" 403 45
C:\Users\User\OneDrive\Desktop\computer_science\work\GenericWeb\backend\generic3\api\views.py changed, reloading.
Watching for file changes with StatReloader
Forbidden: /api/v1/login/
"POST /api/v1/login/ HTTP/1.1" 403 45
C:\Users\User\OneDrive\Desktop\computer_science\work\GenericWeb\backend\generic3\generic3\settings.py changed, reloading.
Watching for file changes with StatReloader
Forbidden: /api/v1/login/
"POST /api/v1/login/ HTTP/1.1" 403 45
C:\Users\User\OneDrive\Desktop\computer_science\work\GenericWeb\backend\generic3\users\views.py changed, reloading.
Watching for file changes with StatReloader
C:\Users\User\OneDrive\Desktop\computer_science\work\GenericWeb\backend\generic3\medications\views.py changed, reloading.
Watching for file changes with StatReloader
C:\Users\User\OneDrive\Desktop\computer_science\work\GenericWeb\backend\generic3\api\views.py changed, reloading.
Watching for file changes with StatReloader
C:\Users\User\OneDrive\Desktop\computer_science\work\GenericWeb\backend\generic3\api\views.py changed, reloading.
Watching for file changes with StatReloader
C:\Users\User\OneDrive\Desktop\computer_science\work\GenericWeb\backend\generic3\api\views.py changed, reloading.
Watching for file changes with StatReloader
C:\Users\User\OneDrive\Desktop\computer_science\work\GenericWeb\backend\generic3\api\views.py changed, reloading.
Watching for file changes with StatReloader
C:\Users\User\OneDrive\Desktop\computer_science\work\GenericWeb\backend\generic3\api\views.py changed, reloading.
Watching for file changes with StatReloader
C:\Users\User\OneDrive\Desktop\computer_science\work\GenericWeb\backend\generic3\api\views.py changed, reloading.
Watching for file changes with StatReloader
C:\Users\User\OneDrive\Desktop\computer_science\work\GenericWeb\backend\generic3\api\views.py changed, reloading.
Watching for file changes with StatReloader
C:\Users\User\OneDrive\Desktop\computer_science\work\GenericWeb\backend\generic3\api\views.py changed, reloading.
Watching for file changes with StatReloader
C:\Users\User\OneDrive\Desktop\computer_science\work\GenericWeb\backend\generic3\generic3\settings.py changed, reloading.
Watching for file changes with StatReloader
"POST /api/v1/login/ HTTP/1.1" 200 821
Unauthorized: /api/v1/users/1/3/
"GET /api/v1/users/1/3/ HTTP/1.1" 401 58
"GET /api/v1/users/1/3/ HTTP/1.1" 200 403
C:\Users\User\OneDrive\Desktop\computer_science\work\GenericWeb\backend\generic3\generic3\custom_authentication.py changed, reloading.
Watching for file changes with StatReloader
C:\Users\User\OneDrive\Desktop\computer_science\work\GenericWeb\backend\generic3\generic3\settings.py changed, reloading.
Watching for file changes with StatReloader
"GET /api/v1/medications/clinic/1/ HTTP/1.1" 200 769
Forbidden: /api/v1/medications/clinic/1/add/
"POST /api/v1/medications/clinic/1/add/ HTTP/1.1" 403 45
"POST /api/v1/medications/clinic/1/add/ HTTP/1.1" 201 43
C:\Users\User\OneDrive\Desktop\computer_science\work\GenericWeb\backend\generic3\clinics\urls.py changed, reloading.
Watching for file changes with StatReloader
C:\Users\User\OneDrive\Desktop\computer_science\work\GenericWeb\backend\generic3\clinics\views.py changed, reloading.
Watching for file changes with StatReloader
C:\Users\User\OneDrive\Desktop\computer_science\work\GenericWeb\backend\generic3\clinics\views.py changed, reloading.
Watching for file changes with StatReloader
C:\Users\User\OneDrive\Desktop\computer_science\work\GenericWeb\backend\generic3\clinics\views.py changed, reloading.
Watching for file changes with StatReloader
C:\Users\User\OneDrive\Desktop\computer_science\work\GenericWeb\backend\generic3\clinics\views.py changed, reloading.
Watching for file changes with StatReloader
Forbidden: /api/v1/login/
"POST /api/v1/login/ HTTP/1.1" 403 45
Unauthorized: /api/v1/clinics/add/
"POST /api/v1/clinics/add/ HTTP/1.1" 401 27
Forbidden: /api/v1/login/
"POST /api/v1/login/ HTTP/1.1" 403 45
Forbidden: /api/v1/login/
"POST /api/v1/login/ HTTP/1.1" 403 45
Forbidden: /api/v1/login/
"POST /api/v1/login/ HTTP/1.1" 403 45
C:\Users\User\OneDrive\Desktop\computer_science\work\GenericWeb\backend\generic3\generic3\settings.py changed, reloading.
Watching for file changes with StatReloader
"POST /api/v1/login/ HTTP/1.1" 200 735
"POST /api/v1/clinics/add/ HTTP/1.1" 201 40
"DELETE /api/v1/clinics/6/delete/ HTTP/1.1" 204 42
C:\Users\User\OneDrive\Desktop\computer_science\work\GenericWeb\backend\generic3\clinics\urls.py changed, reloading.
Watching for file changes with StatReloader
C:\Users\User\OneDrive\Desktop\computer_science\work\GenericWeb\backend\generic3\api\urls.py changed, reloading.
Watching for file changes with StatReloader
C:\Users\User\OneDrive\Desktop\computer_science\work\GenericWeb\backend\generic3\api\views.py changed, reloading.
Watching for file changes with StatReloader
"POST /api/v1/login/ HTTP/1.1" 200 735
Unauthorized: /api/v1/medications/patient/1/5/
"GET /api/v1/medications/patient/1/5/ HTTP/1.1" 401 58
Unauthorized: /api/v1/medications/patient/1/5/
"GET /api/v1/medications/patient/1/5/ HTTP/1.1" 401 58
Unauthorized: /api/v1/medications/patient/1/5/
"GET /api/v1/medications/patient/1/5/ HTTP/1.1" 401 58
Unauthorized: /api/v1/logout/
"POST /api/v1/logout/ HTTP/1.1" 401 58
"POST /api/v1/logout/ HTTP/1.1" 200 38
"POST /api/v1/login/ HTTP/1.1" 200 735
C:\Users\User\OneDrive\Desktop\computer_science\work\GenericWeb\backend\generic3\api\urls.py changed, reloading.
Watching for file changes with StatReloader
C:\Users\User\OneDrive\Desktop\computer_science\work\GenericWeb\backend\generic3\api\views.py changed, reloading.
Watching for file changes with StatReloader
"POST /api/v1/modules/add/ HTTP/1.1" 201 55
"DELETE /api/v1/modules/9/delete/ HTTP/1.1" 204 57
C:\Users\User\OneDrive\Desktop\computer_science\work\GenericWeb\backend\generic3\generic3\settings.py changed, reloading.
Watching for file changes with StatReloader
C:\Users\User\OneDrive\Desktop\computer_science\work\GenericWeb\backend\generic3\generic3\settings.py changed, reloading.
Watching for file changes with StatReloader
C:\Users\User\OneDrive\Desktop\computer_science\work\GenericWeb\backend\generic3\generic3\settings.py changed, reloading.
Watching for file changes with StatReloader
C:\Users\User\OneDrive\Desktop\computer_science\work\GenericWeb\backend\generic3\generic3\settings.py changed, reloading.
Watching for file changes with StatReloader
C:\Users\User\OneDrive\Desktop\computer_science\work\GenericWeb\backend\generic3\generic3\settings.py changed, reloading.
Watching for file changes with StatReloader
C:\Users\User\OneDrive\Desktop\computer_science\work\GenericWeb\backend\generic3\generic3\settings.py changed, reloading.
Watching for file changes with StatReloader
C:\Users\User\OneDrive\Desktop\computer_science\work\GenericWeb\backend\generic3\api\views.py changed, reloading.
Watching for file changes with StatReloader
"POST /api/v1/auth/login/ HTTP/1.1" 200 684
Unauthorized: /api/v1/medications/clinic/1/
"GET /api/v1/medications/clinic/1/ HTTP/1.1" 401 58
Unauthorized: /api/v1/medications/clinic/1/add/
"POST /api/v1/medications/clinic/1/add/ HTTP/1.1" 401 58
"OPTIONS /api/v1/auth/login/ HTTP/1.1" 200 0
"POST /api/v1/auth/login/ HTTP/1.1" 200 770
"OPTIONS /api/v1/medications/patient/1/5/ HTTP/1.1" 200 0
"OPTIONS /api/v1/medications/patient/1/5/ HTTP/1.1" 200 0
"OPTIONS /api/v1/medications/patient/1/5/ HTTP/1.1" 200 0
"OPTIONS /api/v1/medications/patient/1/5/ HTTP/1.1" 200 0
"OPTIONS /api/v1/medications/patient/1/5/ HTTP/1.1" 200 0
"OPTIONS /api/v1/medications/patient/1/5/ HTTP/1.1" 200 0
"OPTIONS /api/v1/medications/patient/1/5/ HTTP/1.1" 200 0
"OPTIONS /api/v1/medications/patient/1/5/ HTTP/1.1" 200 0
"OPTIONS /api/v1/medications/patient/1/5/ HTTP/1.1" 200 0
"OPTIONS /api/v1/medications/patient/1/5/ HTTP/1.1" 200 0
C:\Users\User\OneDrive\Desktop\computer_science\work\GenericWeb\backend\generic3\generic3\settings.py changed, reloading.
Watching for file changes with StatReloader
C:\Users\User\OneDrive\Desktop\computer_science\work\GenericWeb\backend\generic3\generic3\settings.py changed, reloading.
Watching for file changes with StatReloader
"OPTIONS /api/v1/medications/patient/1/5/ HTTP/1.1" 200 0
Unauthorized: /api/v1/medications/patient/1/5/
"GET /api/v1/medications/patient/1/5/ HTTP/1.1" 401 58
Unauthorized: /api/v1/medications/patient/1/5/
"GET /api/v1/medications/patient/1/5/ HTTP/1.1" 401 58
Unauthorized: /api/v1/medications/patient/1/5/
"GET /api/v1/medications/patient/1/5/ HTTP/1.1" 401 58
Unauthorized: /api/v1/medications/patient/1/5/
"GET /api/v1/medications/patient/1/5/ HTTP/1.1" 401 58
C:\Users\User\OneDrive\Desktop\computer_science\work\GenericWeb\backend\generic3\generic3\settings.py changed, reloading.
Watching for file changes with StatReloader
Unauthorized: /api/v1/medications/patient/1/5/
"GET /api/v1/medications/patient/1/5/ HTTP/1.1" 401 58
"POST /api/v1/auth/login/ HTTP/1.1" 200 770
"POST /api/v1/auth/login/ HTTP/1.1" 200 770
Unauthorized: /api/v1/medications/patient/1/5/
"GET /api/v1/medications/patient/1/5/ HTTP/1.1" 401 58
Unauthorized: /api/v1/medications/patient/1/5/
"GET /api/v1/medications/patient/1/5/ HTTP/1.1" 401 58
Unauthorized: /api/v1/medications/patient/1/5/
"GET /api/v1/medications/patient/1/5/ HTTP/1.1" 401 58
Unauthorized: /api/v1/medications/patient/1/5/
"GET /api/v1/medications/patient/1/5/ HTTP/1.1" 401 58
"POST /api/v1/auth/login/ HTTP/1.1" 200 770
C:\Users\User\OneDrive\Desktop\computer_science\work\GenericWeb\backend\generic3\medications\views.py changed, reloading.
Watching for file changes with StatReloader
C:\Users\User\OneDrive\Desktop\computer_science\work\GenericWeb\backend\generic3\medications\views.py changed, reloading.
Watching for file changes with StatReloader
C:\Users\User\OneDrive\Desktop\computer_science\work\GenericWeb\backend\generic3\medications\views.py changed, reloading.
Watching for file changes with StatReloader
C:\Users\User\OneDrive\Desktop\computer_science\work\GenericWeb\backend\generic3\medications\views.py changed, reloading.
Watching for file changes with StatReloader
C:\Users\User\OneDrive\Desktop\computer_science\work\GenericWeb\backend\generic3\medications\views.py changed, reloading.
Watching for file changes with StatReloader
"POST /api/v1/auth/login/ HTTP/1.1" 200 770
Unauthorized: /api/v1/medications/patient/1/5/
"GET /api/v1/medications/patient/1/5/ HTTP/1.1" 401 58
Unauthorized: /api/v1/medications/patient/1/5/
"GET /api/v1/medications/patient/1/5/ HTTP/1.1" 401 58
Unauthorized: /api/v1/medications/patient/1/5/
"GET /api/v1/medications/patient/1/5/ HTTP/1.1" 401 58
Unauthorized: /api/v1/medications/patient/1/5/
"GET /api/v1/medications/patient/1/5/ HTTP/1.1" 401 58
C:\Users\User\OneDrive\Desktop\computer_science\work\GenericWeb\backend\generic3\generic3\auth.py changed, reloading.
Watching for file changes with StatReloader
C:\Users\User\OneDrive\Desktop\computer_science\work\GenericWeb\backend\generic3\generic3\auth.py changed, reloading.
Watching for file changes with StatReloader
C:\Users\User\OneDrive\Desktop\computer_science\work\GenericWeb\backend\generic3\generic3\settings.py changed, reloading.
Watching for file changes with StatReloader
Watching for file changes with StatReloader
Unauthorized: /api/v1/medications/patient/1/5/
"GET /api/v1/medications/patient/1/5/ HTTP/1.1" 401 58
Unauthorized: /api/v1/medications/patient/1/5/
"GET /api/v1/medications/patient/1/5/ HTTP/1.1" 401 58
Unauthorized: /api/v1/medications/patient/1/5/
"GET /api/v1/medications/patient/1/5/ HTTP/1.1" 401 58
"POST /api/v1/auth/login/ HTTP/1.1" 200 770
Unauthorized: /api/v1/medications/patient/1/5/
"GET /api/v1/medications/patient/1/5/ HTTP/1.1" 401 58
Unauthorized: /api/v1/medications/patient/1/5/
"GET /api/v1/medications/patient/1/5/ HTTP/1.1" 401 58
Unauthorized: /api/v1/medications/patient/1/5/
"GET /api/v1/medications/patient/1/5/ HTTP/1.1" 401 58
Unauthorized: /api/v1/medications/patient/1/5/
"GET /api/v1/medications/patient/1/5/ HTTP/1.1" 401 58
Watching for file changes with StatReloader
Unauthorized: /api/v1/medications/patient/1/5/
"GET /api/v1/medications/patient/1/5/ HTTP/1.1" 401 58
Unauthorized: /api/v1/medications/patient/1/5/
"GET /api/v1/medications/patient/1/5/ HTTP/1.1" 401 58
Unauthorized: /api/v1/medications/patient/1/5/
"GET /api/v1/medications/patient/1/5/ HTTP/1.1" 401 58
Unauthorized: /api/v1/medications/patient/1/5/
"GET /api/v1/medications/patient/1/5/ HTTP/1.1" 401 58
C:\Users\User\OneDrive\Desktop\computer_science\work\GenericWeb\backend\generic3\generic3\auth.py changed, reloading.
Watching for file changes with StatReloader
Unauthorized: /api/v1/medications/patient/1/5/
"GET /api/v1/medications/patient/1/5/ HTTP/1.1" 401 58
Unauthorized: /api/v1/medications/patient/1/5/
"GET /api/v1/medications/patient/1/5/ HTTP/1.1" 401 58
Unauthorized: /api/v1/medications/patient/1/5/
"GET /api/v1/medications/patient/1/5/ HTTP/1.1" 401 58
Unauthorized: /api/v1/medications/patient/1/5/
"GET /api/v1/medications/patient/1/5/ HTTP/1.1" 401 58
"POST /api/v1/auth/login/ HTTP/1.1" 200 770
"POST /api/v1/auth/login/ HTTP/1.1" 200 770
Not Found: /api/v1/auth/login/

"POST /api/v1/auth/login/%0A HTTP/1.1" 404 20727
Not Found: /api/v1/auth/login

"POST /api/v1/auth/login%0A HTTP/1.1" 404 20722
Not Found: /api/v1/auth/login/

"POST /api/v1/auth/login/%0A HTTP/1.1" 404 20726
Not Found: /api/v1/auth/login/

"POST /api/v1/auth/login/%0A HTTP/1.1" 404 20726
"POST /api/v1/auth/login/ HTTP/1.1" 200 770
Unauthorized: /api/v1/medications/clinic/1/
"GET /api/v1/medications/clinic/1/ HTTP/1.1" 401 58
"GET /api/v1/medications/clinic/1/ HTTP/1.1" 200 769
"GET /api/v1/medications/patient/1/5/ HTTP/1.1" 200 1010
"POST /api/v1/auth/login/ HTTP/1.1" 200 770
Unauthorized: /api/v1/auth/logout/
"POST /api/v1/auth/logout/ HTTP/1.1" 401 58
Unauthorized: /api/v1/auth/login/
"POST /api/v1/auth/login/ HTTP/1.1" 401 32
"POST /api/v1/auth/login/ HTTP/1.1" 200 770
"POST /api/v1/auth/login/ HTTP/1.1" 200 770
"POST /api/v1/auth/login/ HTTP/1.1" 200 770
Unauthorized: /api/v1/medications/patient/1/5/
"GET /api/v1/medications/patient/1/5/ HTTP/1.1" 401 58
Unauthorized: /api/v1/medications/patient/1/5/
"GET /api/v1/medications/patient/1/5/ HTTP/1.1" 401 58
Unauthorized: /api/v1/medications/patient/1/5/
"GET /api/v1/medications/patient/1/5/ HTTP/1.1" 401 58
Unauthorized: /api/v1/medications/patient/1/5/
"GET /api/v1/medications/patient/1/5/ HTTP/1.1" 401 58
"GET /api/v1/medications/patient/1/5/ HTTP/1.1" 200 1010
Unauthorized: /api/v1/medications/patient/1/5/
"GET /api/v1/medications/patient/1/5/ HTTP/1.1" 401 58
Unauthorized: /api/v1/medications/patient/1/5/
"GET /api/v1/medications/patient/1/5/ HTTP/1.1" 401 58
"OPTIONS /api/v1/auth/login/ HTTP/1.1" 200 0
Unauthorized: /api/v1/auth/login/
"POST /api/v1/auth/login/ HTTP/1.1" 401 32
"POST /api/v1/auth/login/ HTTP/1.1" 200 770
"GET /api/v1/medications/patient/1/5/ HTTP/1.1" 200 1010
"GET /api/v1/medications/patient/1/5/ HTTP/1.1" 200 1010
Unauthorized: /api/v1/auth/login/
"POST /api/v1/auth/login/ HTTP/1.1" 401 32
"POST /api/v1/auth/login/ HTTP/1.1" 200 770
"POST /api/v1/auth/login/ HTTP/1.1" 200 770
"POST /api/v1/auth/login/ HTTP/1.1" 200 770
Watching for file changes with StatReloader
Invalid HTTP_HOST header: '3aba04426203.ngrok-free.app'. You may need to add '3aba04426203.ngrok-free.app' to ALLOWED_HOSTS.
Traceback (most recent call last):
  File "C:\Users\User\OneDrive\Desktop\computer_science\work\GenericWeb\backend\venv\Lib\site-packages\django\core\handlers\exception.py", line 55, in inner
    response = get_response(request)
               ^^^^^^^^^^^^^^^^^^^^^
  File "C:\Users\User\OneDrive\Desktop\computer_science\work\GenericWeb\backend\venv\Lib\site-packages\django\utils\deprecation.py", line 133, in __call__
    response = self.process_request(request)
               ^^^^^^^^^^^^^^^^^^^^^^^^^^^^^
  File "C:\Users\User\OneDrive\Desktop\computer_science\work\GenericWeb\backend\venv\Lib\site-packages\django\middleware\common.py", line 48, in process_request
    host = request.get_host()
           ^^^^^^^^^^^^^^^^^^
  File "C:\Users\User\OneDrive\Desktop\computer_science\work\GenericWeb\backend\venv\Lib\site-packages\django\http\request.py", line 167, in get_host
    raise DisallowedHost(msg)
django.core.exceptions.DisallowedHost: Invalid HTTP_HOST header: '3aba04426203.ngrok-free.app'. You may need to add '3aba04426203.ngrok-free.app' to ALLOWED_HOSTS.
Bad Request: /api/v1/auth/login/
"POST /api/v1/auth/login/ HTTP/1.1" 400 80391
C:\Users\User\OneDrive\Desktop\computer_science\work\GenericWeb\backend\generic3\generic3\settings.py changed, reloading.
Watching for file changes with StatReloader
Invalid HTTP_HOST header: '3aba04426203.ngrok-free.app'. You may need to add '3aba04426203.ngrok-free.app' to ALLOWED_HOSTS.
Traceback (most recent call last):
  File "C:\Users\User\OneDrive\Desktop\computer_science\work\GenericWeb\backend\venv\Lib\site-packages\django\core\handlers\exception.py", line 55, in inner
    response = get_response(request)
               ^^^^^^^^^^^^^^^^^^^^^
  File "C:\Users\User\OneDrive\Desktop\computer_science\work\GenericWeb\backend\venv\Lib\site-packages\django\utils\deprecation.py", line 133, in __call__
    response = self.process_request(request)
               ^^^^^^^^^^^^^^^^^^^^^^^^^^^^^
  File "C:\Users\User\OneDrive\Desktop\computer_science\work\GenericWeb\backend\venv\Lib\site-packages\django\middleware\common.py", line 48, in process_request
    host = request.get_host()
           ^^^^^^^^^^^^^^^^^^
  File "C:\Users\User\OneDrive\Desktop\computer_science\work\GenericWeb\backend\venv\Lib\site-packages\django\http\request.py", line 167, in get_host
    raise DisallowedHost(msg)
django.core.exceptions.DisallowedHost: Invalid HTTP_HOST header: '3aba04426203.ngrok-free.app'. You may need to add '3aba04426203.ngrok-free.app' to ALLOWED_HOSTS.
Bad Request: /api/v1/auth/login/
"POST /api/v1/auth/login/ HTTP/1.1" 400 80391
C:\Users\User\OneDrive\Desktop\computer_science\work\GenericWeb\backend\generic3\generic3\settings.py changed, reloading.
Watching for file changes with StatReloader
Watching for file changes with StatReloader
C:\Users\User\OneDrive\Desktop\computer_science\work\GenericWeb\backend\generic3\generic3\settings.py changed, reloading.
Watching for file changes with StatReloader
"POST /api/v1/auth/login/ HTTP/1.1" 200 770
"GET /api/v1/users/1/3/ HTTP/1.1" 200 403
Forbidden: /api/v1/clinics/
"GET /api/v1/clinics/ HTTP/1.1" 403 50
"GET /api/v1/medications/clinic/1/ HTTP/1.1" 200 769
"POST /api/v1/medications/clinic/1/add/ HTTP/1.1" 201 43
C:\Users\User\OneDrive\Desktop\computer_science\work\GenericWeb\backend\generic3\generic3\messages.py changed, reloading.
Watching for file changes with StatReloader
C:\Users\User\OneDrive\Desktop\computer_science\work\GenericWeb\backend\generic3\generic3\messages.py changed, reloading.
Watching for file changes with StatReloader
C:\Users\User\OneDrive\Desktop\computer_science\work\GenericWeb\backend\generic3\generic3\utils.py changed, reloading.
Watching for file changes with StatReloader
C:\Users\User\OneDrive\Desktop\computer_science\work\GenericWeb\backend\generic3\generic3\utils.py changed, reloading.
Watching for file changes with StatReloader
C:\Users\User\OneDrive\Desktop\computer_science\work\GenericWeb\backend\generic3\generic3\messages.py changed, reloading.
Watching for file changes with StatReloader
C:\Users\User\OneDrive\Desktop\computer_science\work\GenericWeb\backend\generic3\generic3\messages.py changed, reloading.
Watching for file changes with StatReloader
"OPTIONS /api/v1/auth/login/ HTTP/1.1" 200 0
"POST /api/v1/auth/login/ HTTP/1.1" 200 770
"POST /api/v1/auth/login/ HTTP/1.1" 200 770
"OPTIONS /api/v1/medications/patient/1/5/ HTTP/1.1" 200 0
"GET /api/v1/medications/patient/1/5/ HTTP/1.1" 200 1010
"GET /api/v1/users/1/3/ HTTP/1.1" 200 403
"POST /api/v1/auth/login/ HTTP/1.1" 200 770
C:\Users\User\OneDrive\Desktop\computer_science\work\GenericWeb\backend\generic3\clinics\views.py changed, reloading.
Watching for file changes with StatReloader
C:\Users\User\OneDrive\Desktop\computer_science\work\GenericWeb\backend\generic3\clinics\views.py changed, reloading.
Watching for file changes with StatReloader
C:\Users\User\OneDrive\Desktop\computer_science\work\GenericWeb\backend\generic3\clinics\views.py changed, reloading.
Watching for file changes with StatReloader
C:\Users\User\OneDrive\Desktop\computer_science\work\GenericWeb\backend\generic3\clinics\views.py changed, reloading.
Watching for file changes with StatReloader
C:\Users\User\OneDrive\Desktop\computer_science\work\GenericWeb\backend\generic3\clinics\views.py changed, reloading.
Watching for file changes with StatReloader
C:\Users\User\OneDrive\Desktop\computer_science\work\GenericWeb\backend\generic3\clinics\views.py changed, reloading.
Watching for file changes with StatReloader
C:\Users\User\OneDrive\Desktop\computer_science\work\GenericWeb\backend\generic3\clinics\views.py changed, reloading.
Watching for file changes with StatReloader
Forbidden: /api/v1/clinics/add/
"POST /api/v1/clinics/add/ HTTP/1.1" 403 50
"POST /api/v1/auth/logout/ HTTP/1.1" 200 38
"POST /api/v1/auth/login/ HTTP/1.1" 200 684
Internal Server Error: /api/v1/clinics/add/
"POST /api/v1/clinics/add/ HTTP/1.1" 500 44
"POST /api/v1/clinics/add/ HTTP/1.1" 201 40
"POST /api/v1/medications/clinic/7/add/ HTTP/1.1" 201 43
"DELETE /api/v1/clinics/7/delete/ HTTP/1.1" 204 42
C:\Users\User\OneDrive\Desktop\computer_science\work\GenericWeb\backend\generic3\medications\urls.py changed, reloading.
Watching for file changes with StatReloader
C:\Users\User\OneDrive\Desktop\computer_science\work\GenericWeb\backend\generic3\medications\views.py changed, reloading.
Watching for file changes with StatReloader
C:\Users\User\OneDrive\Desktop\computer_science\work\GenericWeb\backend\generic3\medications\views.py changed, reloading.
Watching for file changes with StatReloader
Unauthorized: /api/v1/medications/
"GET /api/v1/medications/ HTTP/1.1" 401 58
"POST /api/v1/auth/login/ HTTP/1.1" 200 684
Internal Server Error: /api/v1/medications/
Traceback (most recent call last):
  File "C:\Users\User\OneDrive\Desktop\computer_science\work\GenericWeb\backend\venv\Lib\site-packages\django\core\handlers\exception.py", line 55, in inner
    response = get_response(request)
               ^^^^^^^^^^^^^^^^^^^^^
  File "C:\Users\User\OneDrive\Desktop\computer_science\work\GenericWeb\backend\venv\Lib\site-packages\django\core\handlers\base.py", line 197, in _get_response
    response = wrapped_callback(request, *callback_args, **callback_kwargs)
               ^^^^^^^^^^^^^^^^^^^^^^^^^^^^^^^^^^^^^^^^^^^^^^^^^^^^^^^^^^^^
  File "C:\Users\User\OneDrive\Desktop\computer_science\work\GenericWeb\backend\venv\Lib\site-packages\django\views\decorators\csrf.py", line 56, in wrapper_view
    return view_func(*args, **kwargs)
           ^^^^^^^^^^^^^^^^^^^^^^^^^^
  File "C:\Users\User\OneDrive\Desktop\computer_science\work\GenericWeb\backend\venv\Lib\site-packages\django\views\generic\base.py", line 104, in view
    return self.dispatch(request, *args, **kwargs)
           ^^^^^^^^^^^^^^^^^^^^^^^^^^^^^^^^^^^^^^^
  File "C:\Users\User\OneDrive\Desktop\computer_science\work\GenericWeb\backend\venv\Lib\site-packages\rest_framework\views.py", line 509, in dispatch
    response = self.handle_exception(exc)
               ^^^^^^^^^^^^^^^^^^^^^^^^^^
  File "C:\Users\User\OneDrive\Desktop\computer_science\work\GenericWeb\backend\venv\Lib\site-packages\rest_framework\views.py", line 469, in handle_exception
    self.raise_uncaught_exception(exc)
  File "C:\Users\User\OneDrive\Desktop\computer_science\work\GenericWeb\backend\venv\Lib\site-packages\rest_framework\views.py", line 480, in raise_uncaught_exception
    raise exc
  File "C:\Users\User\OneDrive\Desktop\computer_science\work\GenericWeb\backend\venv\Lib\site-packages\rest_framework\views.py", line 506, in dispatch
    response = handler(request, *args, **kwargs)
               ^^^^^^^^^^^^^^^^^^^^^^^^^^^^^^^^^
  File "C:\Users\User\OneDrive\Desktop\computer_science\work\GenericWeb\backend\venv\Lib\site-packages\rest_framework\decorators.py", line 50, in handler
    return func(*args, **kwargs)
           ^^^^^^^^^^^^^^^^^^^^^
  File "C:\Users\User\OneDrive\Desktop\computer_science\work\GenericWeb\backend\generic3\medications\views.py", line 19, in get_all_medications
    if not request.user.is_authenticated or not request.user.is_admin:
                                                ^^^^^^^^^^^^^^^^^^^^^
AttributeError: 'User' object has no attribute 'is_admin'
"GET /api/v1/medications/ HTTP/1.1" 500 117215
C:\Users\User\OneDrive\Desktop\computer_science\work\GenericWeb\backend\generic3\medications\views.py changed, reloading.
Watching for file changes with StatReloader
"GET /api/v1/medications/ HTTP/1.1" 200 611179
Bad Request: /api/v1/medications/add/
"POST /api/v1/medications/add/ HTTP/1.1" 400 37
Bad Request: /api/v1/medications/add/
"POST /api/v1/medications/add/ HTTP/1.1" 400 109
"POST /api/v1/medications/add/ HTTP/1.1" 201 43
"PUT /api/v1/medications/update/3000000809/ HTTP/1.1" 200 45
"DELETE /api/v1/medications/delete/3000000809/ HTTP/1.1" 204 45
C:\Users\User\OneDrive\Desktop\computer_science\work\GenericWeb\backend\generic3\users\views.py changed, reloading.
Watching for file changes with StatReloader
C:\Users\User\OneDrive\Desktop\computer_science\work\GenericWeb\backend\generic3\users\views.py changed, reloading.
Watching for file changes with StatReloader
C:\Users\User\OneDrive\Desktop\computer_science\work\GenericWeb\backend\generic3\users\urls.py changed, reloading.
Watching for file changes with StatReloader
C:\Users\User\OneDrive\Desktop\computer_science\work\GenericWeb\backend\generic3\users\views.py changed, reloading.
Watching for file changes with StatReloader
C:\Users\User\OneDrive\Desktop\computer_science\work\GenericWeb\backend\generic3\users\views.py changed, reloading.
Watching for file changes with StatReloader
C:\Users\User\OneDrive\Desktop\computer_science\work\GenericWeb\backend\generic3\users\views.py changed, reloading.
Watching for file changes with StatReloader
C:\Users\User\OneDrive\Desktop\computer_science\work\GenericWeb\backend\generic3\users\views.py changed, reloading.
Watching for file changes with StatReloader
"GET /api/v1/users/1/3/ HTTP/1.1" 200 403
C:\Users\User\OneDrive\Desktop\computer_science\work\GenericWeb\backend\generic3\activities\urls.py changed, reloading.
Watching for file changes with StatReloader
C:\Users\User\OneDrive\Desktop\computer_science\work\GenericWeb\backend\generic3\activities\urls.py changed, reloading.
Watching for file changes with StatReloader
C:\Users\User\OneDrive\Desktop\computer_science\work\GenericWeb\backend\generic3\activities\views.py changed, reloading.
Watching for file changes with StatReloader
"GET /api/v1/activities/ HTTP/1.1" 200 452
C:\Users\User\OneDrive\Desktop\computer_science\work\GenericWeb\backend\generic3\activities\urls.py changed, reloading.
Watching for file changes with StatReloader
Bad Request: /api/v1/activities/add/
"POST /api/v1/activities/add/ HTTP/1.1" 400 70
Unauthorized: /api/v1/activities/add/
"POST /api/v1/activities/add/ HTTP/1.1" 401 58
"POST /api/v1/auth/login/ HTTP/1.1" 200 684
Bad Request: /api/v1/activities/add/
"POST /api/v1/activities/add/ HTTP/1.1" 400 69
C:\Users\User\OneDrive\Desktop\computer_science\work\GenericWeb\backend\generic3\activities\views.py changed, reloading.
Watching for file changes with StatReloader
Bad Request: /api/v1/activities/add/
"POST /api/v1/activities/add/ HTTP/1.1" 400 69
"POST /api/v1/activities/add/ HTTP/1.1" 201 75
Bad Request: /api/v1/activities/update/7/
"PUT /api/v1/activities/update/7/ HTTP/1.1" 400 69
"PUT /api/v1/activities/update/7/ HTTP/1.1" 200 84
"GET /api/v1/activities/clinic/1/ HTTP/1.1" 200 212
"POST /api/v1/activities/clinic/1/add/ HTTP/1.1" 201 41
"POST /api/v1/activities/patient/1/5/add/ HTTP/1.1" 201 41
"DELETE /api/v1/activities/delete/7/ HTTP/1.1" 204 43
C:\Users\User\OneDrive\Desktop\computer_science\work\GenericWeb\backend\generic3\api\urls.py changed, reloading.
Watching for file changes with StatReloader
"GET /api/v1/fileshare/files/1/5/ HTTP/1.1" 200 45
C:\Users\User\OneDrive\Desktop\computer_science\work\GenericWeb\backend\generic3\medications\urls.py changed, reloading.
Watching for file changes with StatReloader
C:\Users\User\OneDrive\Desktop\computer_science\work\GenericWeb\backend\generic3\medications\views.py changed, reloading.
Watching for file changes with StatReloader
C:\Users\User\OneDrive\Desktop\computer_science\work\GenericWeb\backend\generic3\medications\urls.py changed, reloading.
Watching for file changes with StatReloader
C:\Users\User\OneDrive\Desktop\computer_science\work\GenericWeb\backend\generic3\medications\views.py changed, reloading.
Watching for file changes with StatReloader
"GET /api/v1/medications/patient/1/5/ HTTP/1.1" 200 1010
"POST /api/v1/medications/report/ HTTP/1.1" 201 54
"GET /api/v1/medications/patient/1/5/log/ HTTP/1.1" 200 201
"POST /api/v1/medications/report/ HTTP/1.1" 201 54
"GET /api/v1/medications/patient/1/5/log/ HTTP/1.1" 200 402
C:\Users\User\OneDrive\Desktop\computer_science\work\GenericWeb\backend\generic3\medications\views.py changed, reloading.
Watching for file changes with StatReloader
"GET /api/v1/medications/patient/1/5/log/ HTTP/1.1" 200 392
C:\Users\User\OneDrive\Desktop\computer_science\work\GenericWeb\backend\generic3\activities\urls.py changed, reloading.
Watching for file changes with StatReloader
C:\Users\User\OneDrive\Desktop\computer_science\work\GenericWeb\backend\generic3\activities\urls.py changed, reloading.
Watching for file changes with StatReloader
C:\Users\User\OneDrive\Desktop\computer_science\work\GenericWeb\backend\generic3\activities\views.py changed, reloading.
Watching for file changes with StatReloader
C:\Users\User\OneDrive\Desktop\computer_science\work\GenericWeb\backend\generic3\activities\views.py changed, reloading.
Watching for file changes with StatReloader
C:\Users\User\OneDrive\Desktop\computer_science\work\GenericWeb\backend\generic3\activities\views.py changed, reloading.
Watching for file changes with StatReloader
C:\Users\User\OneDrive\Desktop\computer_science\work\GenericWeb\backend\generic3\activities\views.py changed, reloading.
Watching for file changes with StatReloader
"POST /api/v1/auth/login/ HTTP/1.1" 200 684
"OPTIONS /api/v1/auth/login/ HTTP/1.1" 200 0
"POST /api/v1/auth/login/ HTTP/1.1" 200 770
"POST /api/v1/auth/login/ HTTP/1.1" 200 770
"POST /api/v1/auth/login/ HTTP/1.1" 200 770
"POST /api/v1/auth/login/ HTTP/1.1" 200 770
"POST /api/v1/auth/login/ HTTP/1.1" 200 770
"POST /api/v1/auth/login/ HTTP/1.1" 200 770
"POST /api/v1/auth/login/ HTTP/1.1" 200 770
Unauthorized: /api/v1/auth/login/
"POST /api/v1/auth/login/ HTTP/1.1" 401 32
Unauthorized: /api/v1/auth/login/
"POST /api/v1/auth/login/ HTTP/1.1" 401 32
Unauthorized: /api/v1/auth/login/
"POST /api/v1/auth/login/ HTTP/1.1" 401 32
"POST /api/v1/auth/login/ HTTP/1.1" 200 770
"POST /api/v1/auth/login/ HTTP/1.1" 200 770
Unsupported Media Type: /api/v1/auth/login/
"POST /api/v1/auth/login/ HTTP/1.1" 415 62
Unauthorized: /api/v1/auth/login/
"POST /api/v1/auth/login/ HTTP/1.1" 401 32
Unauthorized: /api/v1/auth/login/
"POST /api/v1/auth/login/?email=doctor1@example.com&password=a123456! HTTP/1.1" 401 32
Bad Request: /api/v1/auth/login/
"POST /api/v1/auth/login/?email=doctor1@example.com&password=a123456! HTTP/1.1" 400 44
"OPTIONS /api/v1/medications/patient/1/5/ HTTP/1.1" 200 0
"GET /api/v1/medications/patient/1/5/ HTTP/1.1" 200 1010
"GET /api/v1/medications/patient/1/5/ HTTP/1.1" 200 1010
"GET /api/v1/medications/patient/1/5/ HTTP/1.1" 200 1010
"GET /api/v1/medications/patient/1/5/ HTTP/1.1" 200 1010
"GET /api/v1/medications/patient/1/5/ HTTP/1.1" 200 1010
"GET /api/v1/medications/patient/1/5/ HTTP/1.1" 200 1010
"GET /api/v1/medications/patient/1/5/ HTTP/1.1" 200 1010
"GET /api/v1/medications/patient/1/5/ HTTP/1.1" 200 1010
"POST /api/v1/auth/login/ HTTP/1.1" 200 770
"POST /api/v1/auth/login/ HTTP/1.1" 200 770
"POST /api/v1/auth/login/ HTTP/1.1" 200 770
"GET /api/v1/medications/patient/1/5/ HTTP/1.1" 200 1010
"GET /api/v1/medications/patient/1/5/ HTTP/1.1" 200 1010
Watching for file changes with StatReloader
Invalid HTTP_HOST header: 'b78d5ccc1815.ngrok-free.app'. You may need to add 'b78d5ccc1815.ngrok-free.app' to ALLOWED_HOSTS.
Traceback (most recent call last):
  File "C:\Users\User\OneDrive\Desktop\computer_science\work\GenericWeb\backend\venv\Lib\site-packages\django\core\handlers\exception.py", line 55, in inner
    response = get_response(request)
               ^^^^^^^^^^^^^^^^^^^^^
  File "C:\Users\User\OneDrive\Desktop\computer_science\work\GenericWeb\backend\venv\Lib\site-packages\django\utils\deprecation.py", line 133, in __call__
    response = self.process_request(request)
               ^^^^^^^^^^^^^^^^^^^^^^^^^^^^^
  File "C:\Users\User\OneDrive\Desktop\computer_science\work\GenericWeb\backend\venv\Lib\site-packages\django\middleware\common.py", line 48, in process_request
    host = request.get_host()
           ^^^^^^^^^^^^^^^^^^
  File "C:\Users\User\OneDrive\Desktop\computer_science\work\GenericWeb\backend\venv\Lib\site-packages\django\http\request.py", line 167, in get_host
    raise DisallowedHost(msg)
django.core.exceptions.DisallowedHost: Invalid HTTP_HOST header: 'b78d5ccc1815.ngrok-free.app'. You may need to add 'b78d5ccc1815.ngrok-free.app' to ALLOWED_HOSTS.
Bad Request: /api/v1/auth/login/
"POST /api/v1/auth/login/ HTTP/1.1" 400 80258
Watching for file changes with StatReloader
"POST /api/v1/auth/login/ HTTP/1.1" 200 684
"POST /api/v1/auth/login/ HTTP/1.1" 200 684
"GET /api/v1/medications/ HTTP/1.1" 200 611179
C:\Users\User\OneDrive\Desktop\computer_science\work\GenericWeb\backend\generic3\users\models.py changed, reloading.
Watching for file changes with StatReloader
C:\Users\User\OneDrive\Desktop\computer_science\work\GenericWeb\backend\generic3\users\models.py changed, reloading.
Watching for file changes with StatReloader
C:\Users\User\OneDrive\Desktop\computer_science\work\GenericWeb\backend\generic3\activities\views.py changed, reloading.
Watching for file changes with StatReloader
C:\Users\User\OneDrive\Desktop\computer_science\work\GenericWeb\backend\generic3\activities\views.py changed, reloading.
Watching for file changes with StatReloader
C:\Users\User\OneDrive\Desktop\computer_science\work\GenericWeb\backend\generic3\generic3\utils.py changed, reloading.
Watching for file changes with StatReloader
C:\Users\User\OneDrive\Desktop\computer_science\work\GenericWeb\backend\generic3\generic3\utils.py changed, reloading.
Watching for file changes with StatReloader
C:\Users\User\OneDrive\Desktop\computer_science\work\GenericWeb\backend\generic3\users\models.py changed, reloading.
Watching for file changes with StatReloader
C:\Users\User\OneDrive\Desktop\computer_science\work\GenericWeb\backend\generic3\generic3\utils.py changed, reloading.
Watching for file changes with StatReloader
C:\Users\User\OneDrive\Desktop\computer_science\work\GenericWeb\backend\generic3\users\views.py changed, reloading.
Watching for file changes with StatReloader
C:\Users\User\OneDrive\Desktop\computer_science\work\GenericWeb\backend\generic3\users\views.py changed, reloading.
Watching for file changes with StatReloader
C:\Users\User\OneDrive\Desktop\computer_science\work\GenericWeb\backend\generic3\users\views.py changed, reloading.
Watching for file changes with StatReloader
Watching for file changes with StatReloader
C:\Users\User\OneDrive\Desktop\computer_science\work\GenericWeb\backend\generic3\users\admin.py changed, reloading.
Watching for file changes with StatReloader
Unauthorized: /api/v1/users/1/add/
"POST /api/v1/users/1/add/ HTTP/1.1" 401 58
Not Found: /api/v1/auth/login/
"POST /api/v1/auth/login/ HTTP/1.1" 404 29
Not Found: /api/v1/auth/login/
"POST /api/v1/auth/login/ HTTP/1.1" 404 29
C:\Users\User\OneDrive\Desktop\computer_science\work\GenericWeb\backend\generic3\api\views.py changed, reloading.
Watching for file changes with StatReloader
Not Found: /api/v1/auth/login/
"POST /api/v1/auth/login/ HTTP/1.1" 404 84
"GET /admin HTTP/1.1" 301 0
"GET /admin/ HTTP/1.1" 302 0
"GET /admin/login/?next=/admin/ HTTP/1.1" 302 0
"GET /account/login/?next=/admin/ HTTP/1.1" 200 10927
"GET /static/debug_toolbar/css/toolbar.css HTTP/1.1" 304 0
"GET /static/debug_toolbar/js/toolbar.js HTTP/1.1" 304 0
"GET /static/debug_toolbar/css/print.css HTTP/1.1" 304 0
"GET /static/debug_toolbar/js/utils.js HTTP/1.1" 304 0
Not Found: /favicon.ico
"GET /favicon.ico HTTP/1.1" 404 22832
"POST /account/login/?next=/admin/ HTTP/1.1" 200 10805
"POST /account/login/?next=/admin/ HTTP/1.1" 200 10988
"POST /account/login/?next=/admin/ HTTP/1.1" 302 0
"GET /admin/ HTTP/1.1" 200 32321
"GET /static/admin/css/base.css HTTP/1.1" 304 0
"GET /static/admin/css/dark_mode.css HTTP/1.1" 304 0
"GET /static/admin/css/nav_sidebar.css HTTP/1.1" 304 0
"GET /static/admin/css/dashboard.css HTTP/1.1" 304 0
"GET /static/admin/css/responsive.css HTTP/1.1" 304 0
"GET /static/admin/js/theme.js HTTP/1.1" 304 0
"GET /static/admin/js/nav_sidebar.js HTTP/1.1" 304 0
"GET /static/admin/img/icon-addlink.svg HTTP/1.1" 304 0
"GET /static/admin/img/icon-deletelink.svg HTTP/1.1" 304 0
"GET /static/admin/img/icon-changelink.svg HTTP/1.1" 304 0
"GET /admin/users/user/ HTTP/1.1" 200 34135
"GET /static/admin/css/changelists.css HTTP/1.1" 304 0
"GET /static/admin/js/core.js HTTP/1.1" 304 0
"GET /static/admin/js/urlify.js HTTP/1.1" 304 0
"GET /static/admin/js/actions.js HTTP/1.1" 304 0
"GET /static/admin/js/prepopulate.js HTTP/1.1" 304 0
"GET /static/admin/js/admin/RelatedObjectLookups.js HTTP/1.1" 304 0
"GET /static/admin/js/vendor/xregexp/xregexp.js HTTP/1.1" 304 0
"GET /static/admin/js/vendor/jquery/jquery.js HTTP/1.1" 304 0
"GET /static/admin/js/jquery.init.js HTTP/1.1" 304 0
"GET /static/admin/img/icon-no.svg HTTP/1.1" 200 560
"GET /static/admin/img/search.svg HTTP/1.1" 200 458
"GET /static/admin/js/filters.js HTTP/1.1" 304 0
"GET /static/admin/img/icon-yes.svg HTTP/1.1" 304 0
"GET /admin/jsi18n/ HTTP/1.1" 200 3343
"GET /static/admin/img/tooltag-add.svg HTTP/1.1" 304 0
"GET /static/admin/img/sorting-icons.svg HTTP/1.1" 200 1097
"GET /admin/users/user/ HTTP/1.1" 200 34154
"GET /admin/jsi18n/ HTTP/1.1" 200 3343
"GET /admin/users/user/3/change/ HTTP/1.1" 200 36364
"GET /static/admin/css/forms.css HTTP/1.1" 304 0
"GET /static/admin/js/calendar.js HTTP/1.1" 304 0
"GET /static/admin/js/prepopulate_init.js HTTP/1.1" 304 0
"GET /static/admin/js/admin/DateTimeShortcuts.js HTTP/1.1" 304 0
"GET /static/admin/css/widgets.css HTTP/1.1" 304 0
"GET /static/admin/js/change_form.js HTTP/1.1" 304 0
"GET /admin/jsi18n/ HTTP/1.1" 200 3343
"GET /static/admin/img/icon-clock.svg HTTP/1.1" 304 0
"GET /static/admin/img/icon-calendar.svg HTTP/1.1" 304 0
"POST /admin/users/user/3/change/ HTTP/1.1" 302 0
"GET /admin/users/user/ HTTP/1.1" 200 34362
"GET /admin/jsi18n/ HTTP/1.1" 200 3343
"GET /admin/users/user/4/change/ HTTP/1.1" 200 36363
"GET /admin/jsi18n/ HTTP/1.1" 200 3343
"POST /admin/users/user/4/change/ HTTP/1.1" 302 0
"GET /admin/users/user/ HTTP/1.1" 200 34369
"GET /admin/jsi18n/ HTTP/1.1" 200 3343
"GET /admin/users/user/8/change/ HTTP/1.1" 200 36363
"GET /admin/jsi18n/ HTTP/1.1" 200 3343
"POST /admin/users/user/8/change/ HTTP/1.1" 302 0
"GET /admin/users/user/ HTTP/1.1" 200 34369
"GET /admin/jsi18n/ HTTP/1.1" 200 3343
"GET /admin/users/user/10/change/ HTTP/1.1" 200 36367
"GET /admin/jsi18n/ HTTP/1.1" 200 3343
"POST /admin/users/user/10/change/ HTTP/1.1" 302 0
"GET /admin/users/user/ HTTP/1.1" 200 34370
"GET /admin/jsi18n/ HTTP/1.1" 200 3343
"GET /admin/users/user/1/change/ HTTP/1.1" 200 36333
"GET /admin/jsi18n/ HTTP/1.1" 200 3343
"POST /admin/users/user/1/change/ HTTP/1.1" 302 0
"GET /admin/users/user/ HTTP/1.1" 200 34363
"GET /admin/jsi18n/ HTTP/1.1" 200 3343
"GET /admin/users/user/5/change/ HTTP/1.1" 200 36333
"GET /admin/jsi18n/ HTTP/1.1" 200 3343
"POST /admin/users/user/5/change/ HTTP/1.1" 302 0
"GET /admin/users/user/ HTTP/1.1" 200 34363
"GET /admin/jsi18n/ HTTP/1.1" 200 3343
"GET /admin/users/user/6/change/ HTTP/1.1" 200 36333
"GET /admin/jsi18n/ HTTP/1.1" 200 3343
"POST /admin/users/user/6/change/ HTTP/1.1" 302 0
"GET /admin/users/user/ HTTP/1.1" 200 34363
"GET /admin/jsi18n/ HTTP/1.1" 200 3343
"GET /admin/users/user/7/change/ HTTP/1.1" 200 36333
"GET /admin/jsi18n/ HTTP/1.1" 200 3343
"POST /admin/users/user/7/change/ HTTP/1.1" 302 0
"GET /admin/users/user/ HTTP/1.1" 200 34363
"GET /admin/jsi18n/ HTTP/1.1" 200 3343
"POST /api/v1/auth/login/ HTTP/1.1" 200 791
"POST /api/v1/users/1/add/ HTTP/1.1" 201 46
"GET /admin/users/user/9/change/ HTTP/1.1" 200 36363
"GET /admin/jsi18n/ HTTP/1.1" 200 3343
"POST /admin/users/user/9/change/ HTTP/1.1" 302 0
"GET /admin/users/user/ HTTP/1.1" 200 34788
"GET /admin/jsi18n/ HTTP/1.1" 200 3343
C:\Users\User\OneDrive\Desktop\computer_science\work\GenericWeb\backend\generic3\users\views.py changed, reloading.
Watching for file changes with StatReloader
"GET /admin/users/user/ HTTP/1.1" 200 34594
"GET /admin/jsi18n/ HTTP/1.1" 200 3343
C:\Users\User\OneDrive\Desktop\computer_science\work\GenericWeb\backend\generic3\users\models.py changed, reloading.
Watching for file changes with StatReloader
Watching for file changes with StatReloader
"POST /api/v1/auth/login/ HTTP/1.1" 200 701
"POST /api/v1/auth/login/ HTTP/1.1" 200 701
"GET /admin HTTP/1.1" 301 0
"GET /admin/ HTTP/1.1" 200 32436
Not Found: /favicon.ico
"GET /favicon.ico HTTP/1.1" 404 22832
"OPTIONS /api/v1/auth/login/ HTTP/1.1" 200 0
"POST /api/v1/auth/login/ HTTP/1.1" 200 701
"POST /api/v1/auth/login/ HTTP/1.1" 200 701
"OPTIONS /api/v1/medications/patient/1/5/ HTTP/1.1" 200 0
"GET /api/v1/medications/patient/1/5/ HTTP/1.1" 200 1010
"POST /api/v1/auth/login/ HTTP/1.1" 200 701
"GET /api/v1/medications/patient/1/5/ HTTP/1.1" 200 1010
"POST /api/v1/auth/login/ HTTP/1.1" 200 701
"GET /api/v1/medications/patient/1/5/ HTTP/1.1" 200 1010
Watching for file changes with StatReloader
Watching for file changes with StatReloader
"OPTIONS /api/v1/auth/login/ HTTP/1.1" 200 0
"POST /api/v1/auth/login/ HTTP/1.1" 200 701
"OPTIONS /api/v1/auth/login/ HTTP/1.1" 200 0
"POST /api/v1/auth/login/ HTTP/1.1" 200 701
Unauthorized: /api/v1/users/3/
"GET /api/v1/users/3/ HTTP/1.1" 401 58
"POST /api/v1/auth/login/ HTTP/1.1" 200 701
Internal Server Error: /api/v1/users/3/
Traceback (most recent call last):
  File "C:\Users\User\OneDrive\Desktop\computer_science\work\GenericWeb\backend\venv\Lib\site-packages\django\core\handlers\exception.py", line 55, in inner
    response = get_response(request)
               ^^^^^^^^^^^^^^^^^^^^^
  File "C:\Users\User\OneDrive\Desktop\computer_science\work\GenericWeb\backend\venv\Lib\site-packages\django\core\handlers\base.py", line 197, in _get_response
    response = wrapped_callback(request, *callback_args, **callback_kwargs)
               ^^^^^^^^^^^^^^^^^^^^^^^^^^^^^^^^^^^^^^^^^^^^^^^^^^^^^^^^^^^^
  File "C:\Users\User\OneDrive\Desktop\computer_science\work\GenericWeb\backend\venv\Lib\site-packages\django\views\decorators\csrf.py", line 56, in wrapper_view
    return view_func(*args, **kwargs)
           ^^^^^^^^^^^^^^^^^^^^^^^^^^
  File "C:\Users\User\OneDrive\Desktop\computer_science\work\GenericWeb\backend\venv\Lib\site-packages\django\views\generic\base.py", line 104, in view
    return self.dispatch(request, *args, **kwargs)
           ^^^^^^^^^^^^^^^^^^^^^^^^^^^^^^^^^^^^^^^
  File "C:\Users\User\OneDrive\Desktop\computer_science\work\GenericWeb\backend\venv\Lib\site-packages\rest_framework\views.py", line 509, in dispatch
    response = self.handle_exception(exc)
               ^^^^^^^^^^^^^^^^^^^^^^^^^^
  File "C:\Users\User\OneDrive\Desktop\computer_science\work\GenericWeb\backend\venv\Lib\site-packages\rest_framework\views.py", line 469, in handle_exception
    self.raise_uncaught_exception(exc)
  File "C:\Users\User\OneDrive\Desktop\computer_science\work\GenericWeb\backend\venv\Lib\site-packages\rest_framework\views.py", line 480, in raise_uncaught_exception
    raise exc
  File "C:\Users\User\OneDrive\Desktop\computer_science\work\GenericWeb\backend\venv\Lib\site-packages\rest_framework\views.py", line 506, in dispatch
    response = handler(request, *args, **kwargs)
               ^^^^^^^^^^^^^^^^^^^^^^^^^^^^^^^^^
  File "C:\Users\User\OneDrive\Desktop\computer_science\work\GenericWeb\backend\venv\Lib\site-packages\rest_framework\decorators.py", line 50, in handler
    return func(*args, **kwargs)
           ^^^^^^^^^^^^^^^^^^^^^
  File "C:\Users\User\OneDrive\Desktop\computer_science\work\GenericWeb\backend\generic3\users\views.py", line 72, in get_user_details
    'role': get_user_role(user),
            ^^^^^^^^^^^^^
NameError: name 'get_user_role' is not defined
"GET /api/v1/users/3/ HTTP/1.1" 500 117400
C:\Users\User\OneDrive\Desktop\computer_science\work\GenericWeb\backend\generic3\users\views.py changed, reloading.
Watching for file changes with StatReloader
"GET /api/v1/users/3/ HTTP/1.1" 200 120
Internal Server Error: /api/v1/users/1/3/
Traceback (most recent call last):
  File "C:\Users\User\OneDrive\Desktop\computer_science\work\GenericWeb\backend\venv\Lib\site-packages\django\core\handlers\exception.py", line 55, in inner
    response = get_response(request)
               ^^^^^^^^^^^^^^^^^^^^^
  File "C:\Users\User\OneDrive\Desktop\computer_science\work\GenericWeb\backend\venv\Lib\site-packages\django\core\handlers\base.py", line 197, in _get_response
    response = wrapped_callback(request, *callback_args, **callback_kwargs)
               ^^^^^^^^^^^^^^^^^^^^^^^^^^^^^^^^^^^^^^^^^^^^^^^^^^^^^^^^^^^^
  File "C:\Users\User\OneDrive\Desktop\computer_science\work\GenericWeb\backend\venv\Lib\site-packages\django\views\decorators\csrf.py", line 56, in wrapper_view
    return view_func(*args, **kwargs)
           ^^^^^^^^^^^^^^^^^^^^^^^^^^
  File "C:\Users\User\OneDrive\Desktop\computer_science\work\GenericWeb\backend\venv\Lib\site-packages\django\views\generic\base.py", line 104, in view
    return self.dispatch(request, *args, **kwargs)
           ^^^^^^^^^^^^^^^^^^^^^^^^^^^^^^^^^^^^^^^
  File "C:\Users\User\OneDrive\Desktop\computer_science\work\GenericWeb\backend\venv\Lib\site-packages\rest_framework\views.py", line 509, in dispatch
    response = self.handle_exception(exc)
               ^^^^^^^^^^^^^^^^^^^^^^^^^^
  File "C:\Users\User\OneDrive\Desktop\computer_science\work\GenericWeb\backend\venv\Lib\site-packages\rest_framework\views.py", line 469, in handle_exception
    self.raise_uncaught_exception(exc)
  File "C:\Users\User\OneDrive\Desktop\computer_science\work\GenericWeb\backend\venv\Lib\site-packages\rest_framework\views.py", line 480, in raise_uncaught_exception
    raise exc
  File "C:\Users\User\OneDrive\Desktop\computer_science\work\GenericWeb\backend\venv\Lib\site-packages\rest_framework\views.py", line 506, in dispatch
    response = handler(request, *args, **kwargs)
               ^^^^^^^^^^^^^^^^^^^^^^^^^^^^^^^^^
  File "C:\Users\User\OneDrive\Desktop\computer_science\work\GenericWeb\backend\venv\Lib\site-packages\rest_framework\decorators.py", line 50, in handler
    return func(*args, **kwargs)
           ^^^^^^^^^^^^^^^^^^^^^
  File "C:\Users\User\OneDrive\Desktop\computer_science\work\GenericWeb\backend\generic3\users\views.py", line 50, in get_users
    'role': get_user_role(user),
            ^^^^^^^^^^^^^
NameError: name 'get_user_role' is not defined
"GET /api/v1/users/1/3/ HTTP/1.1" 500 118939
C:\Users\User\OneDrive\Desktop\computer_science\work\GenericWeb\backend\generic3\users\views.py changed, reloading.
Watching for file changes with StatReloader
"GET /api/v1/users/1/3/ HTTP/1.1" 200 550
"OPTIONS /api/v1/medications/patient/1/5/ HTTP/1.1" 200 0
"GET /api/v1/medications/patient/1/5/ HTTP/1.1" 200 1010
Watching for file changes with StatReloader
C:\Users\User\OneDrive\Desktop\computer_science\work\GenericWeb\backend\generic3\generic3\settings.py changed, reloading.
Watching for file changes with StatReloader
Not Found: /api/v1/users/1/3/'
"GET /api/v1/users/1/3/' HTTP/1.1" 404 22892
"GET /api/v1/medications/patient/1/5/ HTTP/1.1" 200 1010
C:\Users\User\OneDrive\Desktop\computer_science\work\GenericWeb\backend\generic3\generic3\settings.py changed, reloading.
Watching for file changes with StatReloader
Watching for file changes with StatReloader
"OPTIONS /api/v1/users/1/3/ HTTP/1.1" 200 0
"GET /api/v1/users/1/3/ HTTP/1.1" 200 550
"GET /api/v1/users/1/3/ HTTP/1.1" 200 550
"GET /api/v1/users/1/3/ HTTP/1.1" 200 550
"GET /api/v1/users/1/3/ HTTP/1.1" 200 550
"GET /api/v1/users/1/3/ HTTP/1.1" 200 550
"GET /api/v1/users/1/3/ HTTP/1.1" 200 550
"GET /api/v1/users/1/3/ HTTP/1.1" 200 550
"GET /api/v1/users/1/3/ HTTP/1.1" 200 550
"GET /api/v1/users/1/3/ HTTP/1.1" 200 550
"GET /api/v1/users/1/3/ HTTP/1.1" 200 550
"GET /api/v1/users/1/3/ HTTP/1.1" 200 550
"GET /api/v1/users/1/3/ HTTP/1.1" 200 550
"GET /api/v1/users/1/3/ HTTP/1.1" 200 550
"GET /api/v1/users/1/3/ HTTP/1.1" 200 550
"POST /api/v1/auth/login/ HTTP/1.1" 200 701
"GET /api/v1/users/1/3/ HTTP/1.1" 200 550
"GET /api/v1/users/1/3/ HTTP/1.1" 200 550
"GET /api/v1/users/1/3/ HTTP/1.1" 200 550
"GET /api/v1/users/1/3/ HTTP/1.1" 200 550
"GET /api/v1/users/1/3/ HTTP/1.1" 200 550
"GET /api/v1/users/1/3/ HTTP/1.1" 200 550
"GET /api/v1/users/1/3/ HTTP/1.1" 200 550
"GET /api/v1/users/1/3/ HTTP/1.1" 200 550
"GET /api/v1/users/1/3/ HTTP/1.1" 200 550
"GET /api/v1/users/1/3/ HTTP/1.1" 200 550
"GET /api/v1/users/1/3/ HTTP/1.1" 200 550
"GET /api/v1/users/1/3/ HTTP/1.1" 200 550
"GET /api/v1/users/1/3/ HTTP/1.1" 200 550
"GET /api/v1/users/1/3/ HTTP/1.1" 200 550
"GET /api/v1/users/1/3/ HTTP/1.1" 200 550
"GET /api/v1/users/1/3/ HTTP/1.1" 200 550
"GET /api/v1/users/1/3/ HTTP/1.1" 200 550
"GET /api/v1/users/1/3/ HTTP/1.1" 200 550
"GET /api/v1/users/1/3/ HTTP/1.1" 200 550
"GET /api/v1/users/1/3/ HTTP/1.1" 200 550
"GET /api/v1/users/1/3/ HTTP/1.1" 200 550
"GET /api/v1/users/1/3/ HTTP/1.1" 200 550
"GET /api/v1/users/1/3/ HTTP/1.1" 200 550
"GET /api/v1/users/1/3/ HTTP/1.1" 200 550
"GET /api/v1/users/1/3/ HTTP/1.1" 200 550
"GET /api/v1/users/1/3/ HTTP/1.1" 200 550
"GET /api/v1/users/1/3/ HTTP/1.1" 200 550
"GET /api/v1/users/1/3/ HTTP/1.1" 200 550
- Broken pipe from ('127.0.0.1', 51046)
"GET /api/v1/users/1/3/ HTTP/1.1" 200 550
"GET /api/v1/users/1/3/ HTTP/1.1" 200 550
"GET /api/v1/users/1/3/ HTTP/1.1" 200 550
"GET /api/v1/users/1/3/ HTTP/1.1" 200 550
"GET /api/v1/users/1/3/ HTTP/1.1" 200 550
"GET /api/v1/users/1/3/ HTTP/1.1" 200 550
Unauthorized: /api/v1/users/1/3/
"GET /api/v1/users/1/3/ HTTP/1.1" 401 58
Unauthorized: /api/v1/users/1/3/
"GET /api/v1/users/1/3/ HTTP/1.1" 401 58
"OPTIONS /api/v1/auth/login/ HTTP/1.1" 200 0
"POST /api/v1/auth/login/ HTTP/1.1" 200 701
"GET /api/v1/users/1/3/ HTTP/1.1" 200 550
"GET /api/v1/users/1/3/ HTTP/1.1" 200 550
"GET /api/v1/users/1/3/ HTTP/1.1" 200 550
"GET /api/v1/users/1/3/ HTTP/1.1" 200 550
"GET /api/v1/users/1/3/ HTTP/1.1" 200 550
"GET /api/v1/users/1/3/ HTTP/1.1" 200 550
"GET /api/v1/users/1/3/ HTTP/1.1" 200 550
"GET /api/v1/users/1/3/ HTTP/1.1" 200 550
"GET /api/v1/users/1/3/ HTTP/1.1" 200 550
"GET /api/v1/users/1/3/ HTTP/1.1" 200 550
"GET /api/v1/users/1/3/ HTTP/1.1" 200 550
"GET /api/v1/users/1/3/ HTTP/1.1" 200 550
"GET /api/v1/users/1/3/ HTTP/1.1" 200 550
"GET /api/v1/users/1/3/ HTTP/1.1" 200 550
"GET /api/v1/users/1/3/ HTTP/1.1" 200 550
"GET /api/v1/users/1/3/ HTTP/1.1" 200 550
"GET /api/v1/users/1/3/ HTTP/1.1" 200 550
"GET /api/v1/users/1/3/ HTTP/1.1" 200 550
"GET /api/v1/users/1/3/ HTTP/1.1" 200 550
"GET /api/v1/users/1/3/ HTTP/1.1" 200 550
"GET /api/v1/users/1/3/ HTTP/1.1" 200 550
"GET /api/v1/users/1/3/ HTTP/1.1" 200 550
"GET /api/v1/users/1/3/ HTTP/1.1" 200 550
"GET /api/v1/users/1/3/ HTTP/1.1" 200 550
- Broken pipe from ('127.0.0.1', 54806)
- Broken pipe from ('127.0.0.1', 54808)
"GET /api/v1/users/1/3/ HTTP/1.1" 200 550
"GET /api/v1/users/1/3/ HTTP/1.1" 200 550
"GET /api/v1/users/1/3/ HTTP/1.1" 200 550
"GET /api/v1/users/1/3/ HTTP/1.1" 200 550
"POST /api/v1/auth/login/ HTTP/1.1" 200 701
"GET /api/v1/users/1/3/ HTTP/1.1" 200 550
"GET /api/v1/users/1/3/ HTTP/1.1" 200 550
"GET /api/v1/users/1/3/ HTTP/1.1" 200 550
"GET /api/v1/users/1/3/ HTTP/1.1" 200 550
"GET /api/v1/users/1/3/ HTTP/1.1" 200 550
"GET /api/v1/users/1/3/ HTTP/1.1" 200 550
"GET /api/v1/users/1/3/ HTTP/1.1" 200 550
"GET /api/v1/users/1/3/ HTTP/1.1" 200 550
"GET /api/v1/users/1/3/ HTTP/1.1" 200 550
"GET /api/v1/users/1/3/ HTTP/1.1" 200 550
"GET /api/v1/users/1/3/ HTTP/1.1" 200 550
"GET /api/v1/users/1/3/ HTTP/1.1" 200 550
"GET /api/v1/users/1/3/ HTTP/1.1" 200 550
"GET /api/v1/users/1/3/ HTTP/1.1" 200 550
"GET /api/v1/users/1/3/ HTTP/1.1" 200 550
"OPTIONS /api/v1/users/1/3/ HTTP/1.1" 200 0
"GET /api/v1/users/1/3/ HTTP/1.1" 200 550
"GET /api/v1/users/1/3/ HTTP/1.1" 200 550
"GET /api/v1/users/1/3/ HTTP/1.1" 200 550
"GET /api/v1/users/1/3/ HTTP/1.1" 200 550
"GET /api/v1/users/1/3/ HTTP/1.1" 200 550
"POST /api/v1/auth/login/ HTTP/1.1" 200 701
"GET /api/v1/users/1/3/ HTTP/1.1" 200 550
"GET /api/v1/users/1/3/ HTTP/1.1" 200 550
"GET /api/v1/users/1/3/ HTTP/1.1" 200 550
"GET /api/v1/users/1/3/ HTTP/1.1" 200 550
"GET /api/v1/users/1/3/ HTTP/1.1" 200 550
Watching for file changes with StatReloader
C:\Users\User\OneDrive\Desktop\computer_science\work\GenericWeb\backend\generic3\generic3\urls.py changed, reloading.
Watching for file changes with StatReloader
C:\Users\User\OneDrive\Desktop\computer_science\work\GenericWeb\backend\generic3\questionnaires\urls.py changed, reloading.
Watching for file changes with StatReloader
C:\Users\User\OneDrive\Desktop\computer_science\work\GenericWeb\backend\generic3\questionnaires\urls.py changed, reloading.
Watching for file changes with StatReloader
C:\Users\User\OneDrive\Desktop\computer_science\work\GenericWeb\backend\generic3\questionnaires\views.py changed, reloading.
Watching for file changes with StatReloader
C:\Users\User\OneDrive\Desktop\computer_science\work\GenericWeb\backend\generic3\questionnaires\views.py changed, reloading.
Watching for file changes with StatReloader
C:\Users\User\OneDrive\Desktop\computer_science\work\GenericWeb\backend\generic3\generic3\settings.py changed, reloading.
Watching for file changes with StatReloader
C:\Users\User\OneDrive\Desktop\computer_science\work\GenericWeb\backend\generic3\questionnaires\models.py changed, reloading.
Watching for file changes with StatReloader
C:\Users\User\OneDrive\Desktop\computer_science\work\GenericWeb\backend\generic3\questionnaires\models.py changed, reloading.
Watching for file changes with StatReloader
C:\Users\User\OneDrive\Desktop\computer_science\work\GenericWeb\backend\generic3\questionnaires\models.py changed, reloading.
Watching for file changes with StatReloader
Watching for file changes with StatReloader
C:\Users\User\OneDrive\Desktop\computer_science\work\GenericWeb\backend\generic3\generic3\settings.py changed, reloading.
Watching for file changes with StatReloader
C:\Users\User\OneDrive\Desktop\computer_science\work\GenericWeb\backend\generic3\generic3\settings.py changed, reloading.
Watching for file changes with StatReloader
C:\Users\User\OneDrive\Desktop\computer_science\work\GenericWeb\backend\generic3\generic3\settings.py changed, reloading.
Watching for file changes with StatReloader
C:\Users\User\OneDrive\Desktop\computer_science\work\GenericWeb\backend\generic3\generic3\settings.py changed, reloading.
Watching for file changes with StatReloader
C:\Users\User\OneDrive\Desktop\computer_science\work\GenericWeb\backend\generic3\generic3\settings.py changed, reloading.
Watching for file changes with StatReloader
C:\Users\User\OneDrive\Desktop\computer_science\work\GenericWeb\backend\generic3\generic3\settings.py changed, reloading.
Watching for file changes with StatReloader
C:\Users\User\OneDrive\Desktop\computer_science\work\GenericWeb\backend\generic3\generic3\settings.py changed, reloading.
Watching for file changes with StatReloader
Watching for file changes with StatReloader
Watching for file changes with StatReloader
Unauthorized: /api/v1/clinics/
"GET /api/v1/clinics/ HTTP/1.1" 401 58
"POST /api/v1/auth/login/ HTTP/1.1" 200 603
"GET /api/v1/clinics/ HTTP/1.1" 200 2
Not Found: /api/v1/clinics/1/
"GET /api/v1/clinics/1/ HTTP/1.1" 404 29
"GET /admin/ HTTP/1.1" 302 0
"GET /admin/login/?next=/admin/ HTTP/1.1" 302 0
"GET /account/login/?next=/admin/ HTTP/1.1" 200 10927
"GET /static/debug_toolbar/css/toolbar.css HTTP/1.1" 304 0
"GET /static/debug_toolbar/js/toolbar.js HTTP/1.1" 304 0
"GET /static/debug_toolbar/css/print.css HTTP/1.1" 304 0
"GET /static/debug_toolbar/js/utils.js HTTP/1.1" 304 0
Not Found: /favicon.ico
"GET /favicon.ico HTTP/1.1" 404 23033
"POST /account/login/?next=/admin/ HTTP/1.1" 200 10808
"POST /account/login/?next=/admin/ HTTP/1.1" 200 10992
"POST /account/login/?next=/admin/ HTTP/1.1" 200 10992
"POST /account/login/?next=/admin/ HTTP/1.1" 200 10992
"POST /account/login/?next=/admin/ HTTP/1.1" 200 10992
"POST /account/login/?next=/admin/ HTTP/1.1" 200 10992
"POST /account/login/?next=/admin/ HTTP/1.1" 200 10925
"POST /account/login/?next=/admin/ HTTP/1.1" 200 10808
"POST /account/login/?next=/admin/ HTTP/1.1" 200 10992
"POST /account/login/?next=/admin/ HTTP/1.1" 200 11015
"GET /api/v1/users/1/3/ HTTP/1.1" 200 277
C:\Users\User\OneDrive\Desktop\computer_science\work\GenericWeb\backend\generic3\users\views.py changed, reloading.
Watching for file changes with StatReloader
"GET /api/v1/users/1/3/ HTTP/1.1" 200 283
"GET /account/login/?next=/admin/ HTTP/1.1" 200 10927
"GET /static/debug_toolbar/css/toolbar.css HTTP/1.1" 304 0
"GET /static/debug_toolbar/js/toolbar.js HTTP/1.1" 304 0
"GET /static/debug_toolbar/css/print.css HTTP/1.1" 304 0
"GET /static/debug_toolbar/js/utils.js HTTP/1.1" 304 0
Not Found: /favicon.ico
"GET /favicon.ico HTTP/1.1" 404 23033
Not Found: /firebase-messaging-sw.js
"GET /firebase-messaging-sw.js HTTP/1.1" 404 23084
"POST /account/login/?next=/admin/ HTTP/1.1" 200 10808
Not Found: /firebase-messaging-sw.js
"GET /firebase-messaging-sw.js HTTP/1.1" 404 23084
"POST /account/login/?next=/admin/ HTTP/1.1" 200 10992
Not Found: /firebase-messaging-sw.js
"GET /firebase-messaging-sw.js HTTP/1.1" 404 23084
"GET /api/v1/users/1/qr-code/ HTTP/1.1" 200 1121
"POST /account/login/?next=/admin/ HTTP/1.1" 302 0
"GET /admin/ HTTP/1.1" 200 32667
"GET /static/admin/css/dark_mode.css HTTP/1.1" 200 2929
"GET /static/admin/css/base.css HTTP/1.1" 200 21207
"GET /static/admin/css/nav_sidebar.css HTTP/1.1" 200 2694
"GET /static/admin/css/dashboard.css HTTP/1.1" 200 441
"GET /static/admin/css/responsive.css HTTP/1.1" 200 18557
"GET /static/admin/js/nav_sidebar.js HTTP/1.1" 200 3063
"GET /static/admin/js/theme.js HTTP/1.1" 200 1943
"GET /static/admin/img/icon-addlink.svg HTTP/1.1" 200 331
"GET /static/admin/img/icon-changelink.svg HTTP/1.1" 200 380
Not Found: /firebase-messaging-sw.js
"GET /firebase-messaging-sw.js HTTP/1.1" 404 23085
"GET /admin/clinics/modules/ HTTP/1.1" 200 28492
"GET /static/admin/css/changelists.css HTTP/1.1" 200 6584
"GET /static/admin/js/jquery.init.js HTTP/1.1" 200 347
"GET /static/admin/js/actions.js HTTP/1.1" 200 7872
"GET /static/admin/js/core.js HTTP/1.1" 200 5682
"GET /static/admin/js/admin/RelatedObjectLookups.js HTTP/1.1" 200 8943
"GET /static/admin/js/urlify.js HTTP/1.1" 200 7887
"GET /static/admin/js/prepopulate.js HTTP/1.1" 200 1531
"GET /static/admin/js/vendor/jquery/jquery.js HTTP/1.1" 200 292458
"GET /static/admin/js/vendor/xregexp/xregexp.js HTTP/1.1" 200 232381
"GET /static/admin/js/filters.js HTTP/1.1" 200 978
"GET /admin/jsi18n/ HTTP/1.1" 200 3343
"GET /static/admin/img/tooltag-add.svg HTTP/1.1" 200 331
Not Found: /firebase-messaging-sw.js
"GET /firebase-messaging-sw.js HTTP/1.1" 404 23084
"GET /admin/activities/activity/ HTTP/1.1" 200 27147
"GET /admin/jsi18n/ HTTP/1.1" 200 3343
Not Found: /firebase-messaging-sw.js
"GET /firebase-messaging-sw.js HTTP/1.1" 404 23084
"GET /admin/activities/clinicactivity/ HTTP/1.1" 200 27200
"GET /admin/jsi18n/ HTTP/1.1" 200 3343
Not Found: /firebase-messaging-sw.js
"GET /firebase-messaging-sw.js HTTP/1.1" 404 23084
"GET /admin/activities/activity/ HTTP/1.1" 200 27103
"GET /admin/jsi18n/ HTTP/1.1" 200 3343
Not Found: /firebase-messaging-sw.js
"GET /firebase-messaging-sw.js HTTP/1.1" 404 23084
"GET /admin/clinics/clinicmodules/ HTTP/1.1" 200 27177
"GET /admin/jsi18n/ HTTP/1.1" 200 3343
Not Found: /firebase-messaging-sw.js
"GET /firebase-messaging-sw.js HTTP/1.1" 404 23084
"GET /admin/clinics/doctorclinic/ HTTP/1.1" 200 28357
"GET /admin/jsi18n/ HTTP/1.1" 200 3343
Not Found: /firebase-messaging-sw.js
"GET /firebase-messaging-sw.js HTTP/1.1" 404 23084
"GET /admin/clinics/clinicmodules/ HTTP/1.1" 200 27177
"GET /admin/jsi18n/ HTTP/1.1" 200 3343
Not Found: /firebase-messaging-sw.js
"GET /firebase-messaging-sw.js HTTP/1.1" 404 23084
"GET /admin/clinics/clinicmodules/add/ HTTP/1.1" 200 30550
"GET /static/admin/img/icon-viewlink.svg HTTP/1.1" 200 581
"GET /static/admin/css/forms.css HTTP/1.1" 200 8953
"GET /static/admin/js/prepopulate_init.js HTTP/1.1" 200 586
"GET /static/admin/css/widgets.css HTTP/1.1" 200 11952
"GET /static/admin/js/change_form.js HTTP/1.1" 200 606
"GET /admin/jsi18n/ HTTP/1.1" 200 3343
Not Found: /firebase-messaging-sw.js
"GET /firebase-messaging-sw.js HTTP/1.1" 404 23084
"POST /admin/clinics/clinicmodules/add/ HTTP/1.1" 302 0
"GET /admin/clinics/clinicmodules/add/ HTTP/1.1" 200 30862
"GET /admin/jsi18n/ HTTP/1.1" 200 3343
"GET /static/admin/img/icon-yes.svg HTTP/1.1" 200 436
Not Found: /firebase-messaging-sw.js
"GET /firebase-messaging-sw.js HTTP/1.1" 404 23084
"POST /admin/clinics/clinicmodules/add/ HTTP/1.1" 302 0
"GET /admin/clinics/clinicmodules/ HTTP/1.1" 200 28815
"GET /admin/jsi18n/ HTTP/1.1" 200 3343
Not Found: /firebase-messaging-sw.js
"GET /firebase-messaging-sw.js HTTP/1.1" 404 23084
"GET /admin/activities/activity/ HTTP/1.1" 200 27147
"GET /admin/jsi18n/ HTTP/1.1" 200 3343
Not Found: /firebase-messaging-sw.js
"GET /firebase-messaging-sw.js HTTP/1.1" 404 23084
"GET /admin/activities/activity/add/ HTTP/1.1" 200 28573
"GET /admin/jsi18n/ HTTP/1.1" 200 3343
Not Found: /firebase-messaging-sw.js
"GET /firebase-messaging-sw.js HTTP/1.1" 404 23084
"POST /admin/activities/activity/add/ HTTP/1.1" 302 0
"GET /admin/activities/activity/ HTTP/1.1" 200 28521
"GET /admin/jsi18n/ HTTP/1.1" 200 3343
Not Found: /firebase-messaging-sw.js
"GET /firebase-messaging-sw.js HTTP/1.1" 404 23084
"GET /admin/medications/medicines/ HTTP/1.1" 200 27160
"GET /admin/jsi18n/ HTTP/1.1" 200 3343
Not Found: /firebase-messaging-sw.js
"GET /firebase-messaging-sw.js HTTP/1.1" 404 23084
"GET /admin/users/clinicmanager/ HTTP/1.1" 200 28355
"GET /admin/jsi18n/ HTTP/1.1" 200 3343
Not Found: /firebase-messaging-sw.js
"GET /firebase-messaging-sw.js HTTP/1.1" 404 23084
"GET /api/v1/medications/ HTTP/1.1" 200 2
Watching for file changes with StatReloader
"GET /admin/users/clinicmanager/ HTTP/1.1" 302 0
"GET /admin/login/?next=/admin/users/clinicmanager/ HTTP/1.1" 302 0
"GET /account/login/?next=/admin/users/clinicmanager/ HTTP/1.1" 200 10946
Not Found: /firebase-messaging-sw.js
"GET /firebase-messaging-sw.js HTTP/1.1" 404 23083
"POST /account/login/?next=/admin/users/clinicmanager/ HTTP/1.1" 200 10824
Not Found: /firebase-messaging-sw.js
"GET /firebase-messaging-sw.js HTTP/1.1" 404 23083
"POST /account/login/?next=/admin/users/clinicmanager/ HTTP/1.1" 200 11007
Not Found: /firebase-messaging-sw.js
"GET /firebase-messaging-sw.js HTTP/1.1" 404 23083
"POST /account/login/?next=/admin/users/clinicmanager/ HTTP/1.1" 302 0
"GET /admin/users/clinicmanager/ HTTP/1.1" 200 28818
"GET /admin/jsi18n/ HTTP/1.1" 200 3343
Not Found: /firebase-messaging-sw.js
"GET /firebase-messaging-sw.js HTTP/1.1" 404 23083
"GET /admin/clinics/modules/ HTTP/1.1" 200 29758
"GET /admin/jsi18n/ HTTP/1.1" 200 3343
Not Found: /firebase-messaging-sw.js
"GET /firebase-messaging-sw.js HTTP/1.1" 404 23083
"GET /admin/activities/activity/ HTTP/1.1" 200 29372
"GET /admin/jsi18n/ HTTP/1.1" 200 3343
Not Found: /firebase-messaging-sw.js
"GET /firebase-messaging-sw.js HTTP/1.1" 404 23083
"GET /admin/activities/activity/6/change/ HTTP/1.1" 200 28843
"GET /admin/jsi18n/ HTTP/1.1" 200 3343
Not Found: /firebase-messaging-sw.js
"GET /firebase-messaging-sw.js HTTP/1.1" 404 23083
"GET /admin/activities/activity/ HTTP/1.1" 200 29372
Not Found: /firebase-messaging-sw.js
"GET /firebase-messaging-sw.js HTTP/1.1" 404 23083
"GET /admin/activities/activity/5/change/ HTTP/1.1" 200 28855
"GET /admin/jsi18n/ HTTP/1.1" 200 3343
Not Found: /firebase-messaging-sw.js
"GET /firebase-messaging-sw.js HTTP/1.1" 404 23083
"GET /admin/activities/activity/ HTTP/1.1" 200 29371
Not Found: /firebase-messaging-sw.js
"GET /firebase-messaging-sw.js HTTP/1.1" 404 23083
"GET /admin/activities/activity/4/change/ HTTP/1.1" 200 28838
"GET /admin/jsi18n/ HTTP/1.1" 200 3343
Not Found: /firebase-messaging-sw.js
"GET /firebase-messaging-sw.js HTTP/1.1" 404 23083
"GET /admin/activities/activity/ HTTP/1.1" 200 29372
"GET /admin/activities/activity/3/change/ HTTP/1.1" 200 28826
"GET /admin/jsi18n/ HTTP/1.1" 200 3343
Not Found: /firebase-messaging-sw.js
"GET /firebase-messaging-sw.js HTTP/1.1" 404 23083
Not Found: /firebase-messaging-sw.js
"GET /firebase-messaging-sw.js HTTP/1.1" 404 23083
"GET /admin/activities/activity/ HTTP/1.1" 200 29372
"GET /admin/activities/activity/2/change/ HTTP/1.1" 200 28830
Not Found: /firebase-messaging-sw.js
"GET /firebase-messaging-sw.js HTTP/1.1" 404 23083
"GET /admin/jsi18n/ HTTP/1.1" 200 3343
Not Found: /firebase-messaging-sw.js
"GET /firebase-messaging-sw.js HTTP/1.1" 404 23083
"GET /admin/activities/activity/ HTTP/1.1" 200 29372
"GET /admin/activities/activity/1/change/ HTTP/1.1" 200 28835
"GET /admin/jsi18n/ HTTP/1.1" 200 3343
Not Found: /firebase-messaging-sw.js
"GET /firebase-messaging-sw.js HTTP/1.1" 404 23083
Not Found: /firebase-messaging-sw.js
"GET /firebase-messaging-sw.js HTTP/1.1" 404 23083
"GET /admin/activities/activity/ HTTP/1.1" 200 29371
Not Found: /firebase-messaging-sw.js
"GET /firebase-messaging-sw.js HTTP/1.1" 404 23083
"GET /admin/activities/clinicactivity/ HTTP/1.1" 200 28811
"GET /admin/jsi18n/ HTTP/1.1" 200 3343
Not Found: /firebase-messaging-sw.js
"GET /firebase-messaging-sw.js HTTP/1.1" 404 23083
"GET /admin/activities/patientactivity/ HTTP/1.1" 200 28664
"GET /admin/jsi18n/ HTTP/1.1" 200 3343
Not Found: /firebase-messaging-sw.js
"GET /firebase-messaging-sw.js HTTP/1.1" 404 23083
"GET /admin/activities/activityreport/ HTTP/1.1" 200 28390
"GET /admin/jsi18n/ HTTP/1.1" 200 3343
Not Found: /firebase-messaging-sw.js
"GET /firebase-messaging-sw.js HTTP/1.1" 404 23083
"GET /admin/clinics/clinicmodules/ HTTP/1.1" 200 30645
"GET /admin/jsi18n/ HTTP/1.1" 200 3343
Not Found: /firebase-messaging-sw.js
"GET /firebase-messaging-sw.js HTTP/1.1" 404 23083
"GET /admin/fileshare/sharedfiles/ HTTP/1.1" 200 27166
"GET /admin/jsi18n/ HTTP/1.1" 200 3343
Not Found: /firebase-messaging-sw.js
"GET /firebase-messaging-sw.js HTTP/1.1" 404 23083
"GET /admin/medications/medicines/ HTTP/1.1" 200 54121
"GET /admin/jsi18n/ HTTP/1.1" 200 3343
Not Found: /firebase-messaging-sw.js
"GET /firebase-messaging-sw.js HTTP/1.1" 404 23083
"GET /admin/medications/medicines/1999022181/change/ HTTP/1.1" 200 30278
"GET /admin/jsi18n/ HTTP/1.1" 200 3343
Not Found: /firebase-messaging-sw.js
"GET /firebase-messaging-sw.js HTTP/1.1" 404 23083
"GET /admin/medications/medicines/ HTTP/1.1" 200 54121
"GET /admin/medications/medicines/1999022149/change/ HTTP/1.1" 200 30267
"GET /admin/jsi18n/ HTTP/1.1" 200 3343
Not Found: /firebase-messaging-sw.js
"GET /firebase-messaging-sw.js HTTP/1.1" 404 23083
Not Found: /firebase-messaging-sw.js
"GET /firebase-messaging-sw.js HTTP/1.1" 404 23083
"GET /admin/medications/medicines/ HTTP/1.1" 200 54121
"GET /admin/medications/medicines/1999022130/change/ HTTP/1.1" 200 30264
"GET /admin/jsi18n/ HTTP/1.1" 200 3343
Not Found: /firebase-messaging-sw.js
"GET /firebase-messaging-sw.js HTTP/1.1" 404 23083
Not Found: /firebase-messaging-sw.js
"GET /firebase-messaging-sw.js HTTP/1.1" 404 23083
"GET /admin/medications/clinicmedicine/ HTTP/1.1" 200 29825
"GET /admin/jsi18n/ HTTP/1.1" 200 3343
Not Found: /firebase-messaging-sw.js
"GET /firebase-messaging-sw.js HTTP/1.1" 404 23083
"GET /admin/medications/patientmedicine/ HTTP/1.1" 200 28889
"GET /admin/jsi18n/ HTTP/1.1" 200 3343
Not Found: /firebase-messaging-sw.js
"GET /firebase-messaging-sw.js HTTP/1.1" 404 23083
"GET /admin/users/patient/ HTTP/1.1" 200 28935
"GET /admin/jsi18n/ HTTP/1.1" 200 3343
Not Found: /firebase-messaging-sw.js
"GET /firebase-messaging-sw.js HTTP/1.1" 404 23083
Watching for file changes with StatReloader
"OPTIONS /api/v1/auth/login/ HTTP/1.1" 200 0
Invalid HTTP_HOST header: 'fe525e3b1bdd.ngrok-free.app'. You may need to add 'fe525e3b1bdd.ngrok-free.app' to ALLOWED_HOSTS.
Traceback (most recent call last):
  File "C:\Users\User\OneDrive\Desktop\computer_science\work\GenericWeb\backend\venv\Lib\site-packages\django\core\handlers\exception.py", line 55, in inner
    response = get_response(request)
               ^^^^^^^^^^^^^^^^^^^^^
  File "C:\Users\User\OneDrive\Desktop\computer_science\work\GenericWeb\backend\venv\Lib\site-packages\django\utils\deprecation.py", line 133, in __call__
    response = self.process_request(request)
               ^^^^^^^^^^^^^^^^^^^^^^^^^^^^^
  File "C:\Users\User\OneDrive\Desktop\computer_science\work\GenericWeb\backend\venv\Lib\site-packages\django\middleware\common.py", line 48, in process_request
    host = request.get_host()
           ^^^^^^^^^^^^^^^^^^
  File "C:\Users\User\OneDrive\Desktop\computer_science\work\GenericWeb\backend\venv\Lib\site-packages\django\http\request.py", line 167, in get_host
    raise DisallowedHost(msg)
django.core.exceptions.DisallowedHost: Invalid HTTP_HOST header: 'fe525e3b1bdd.ngrok-free.app'. You may need to add 'fe525e3b1bdd.ngrok-free.app' to ALLOWED_HOSTS.
Bad Request: /api/v1/auth/login/
"POST /api/v1/auth/login/ HTTP/1.1" 400 83342
Watching for file changes with StatReloader
"POST /api/v1/auth/login/ HTTP/1.1" 200 701
"OPTIONS /api/v1/users/1/3/ HTTP/1.1" 200 0
"GET /api/v1/users/1/3/ HTTP/1.1" 200 562
"OPTIONS /api/v1/medications/patient/1/5/ HTTP/1.1" 200 0
"GET /api/v1/medications/patient/1/5/ HTTP/1.1" 200 1010
"GET /api/v1/users/1/3/ HTTP/1.1" 200 562
"GET /api/v1/users/1/3/ HTTP/1.1" 200 562
"GET /api/v1/users/1/3/ HTTP/1.1" 200 562
"GET /api/v1/users/1/3/ HTTP/1.1" 200 562
"GET /api/v1/users/1/3/ HTTP/1.1" 200 562
"GET /api/v1/users/1/3/ HTTP/1.1" 200 562
"GET /api/v1/users/1/3/ HTTP/1.1" 200 562
"GET /api/v1/users/1/3/ HTTP/1.1" 200 562
"GET /api/v1/users/1/3/ HTTP/1.1" 200 562
"POST /api/v1/auth/login/ HTTP/1.1" 200 601
"POST /api/v1/auth/login/ HTTP/1.1" 200 601
C:\Users\User\OneDrive\Desktop\computer_science\work\GenericWeb\backend\generic3\api\views.py changed, reloading.
Watching for file changes with StatReloader
"POST /api/v1/auth/login/ HTTP/1.1" 200 606
"OPTIONS /api/v1/users/null/1/ HTTP/1.1" 200 0
Not Found: /api/v1/users/null/1/
"GET /api/v1/users/null/1/ HTTP/1.1" 404 23082
"OPTIONS /api/v1/users/0/1/ HTTP/1.1" 200 0
"GET /api/v1/users/0/1/ HTTP/1.1" 200 452
"GET /api/v1/users/0/1/ HTTP/1.1" 200 452
"POST /api/v1/auth/login/ HTTP/1.1" 200 606
"GET /api/v1/users/0/1/ HTTP/1.1" 200 452
"GET /api/v1/users/0/1/ HTTP/1.1" 200 452
"GET /api/v1/users/0/1/ HTTP/1.1" 200 452
"GET /api/v1/users/0/1/ HTTP/1.1" 200 452
"GET /api/v1/clinics/ HTTP/1.1" 200 1134
"GET /api/v1/users/0/1/ HTTP/1.1" 200 452
"GET /api/v1/users/0/1/ HTTP/1.1" 200 452
"POST /api/v1/auth/login/ HTTP/1.1" 200 701
"GET /api/v1/users/1/3/ HTTP/1.1" 200 562
"GET /api/v1/medications/patient/1/5/ HTTP/1.1" 200 1010
"GET /api/v1/medications/patient/1/5/ HTTP/1.1" 200 1010
"GET /api/v1/users/1/3/ HTTP/1.1" 200 562
"GET /api/v1/users/1/3/ HTTP/1.1" 200 562
"GET /api/v1/users/1/3/ HTTP/1.1" 200 562
"GET /api/v1/medications/patient/1/5/ HTTP/1.1" 200 1010
"GET /api/v1/users/1/3/ HTTP/1.1" 200 562
"GET /api/v1/users/1/3/ HTTP/1.1" 200 562
"GET /api/v1/users/1/3/ HTTP/1.1" 200 562
"GET /api/v1/users/1/3/ HTTP/1.1" 200 562
"GET /api/v1/users/1/3/ HTTP/1.1" 200 562
"GET /api/v1/users/1/3/ HTTP/1.1" 200 562
"GET /api/v1/users/1/3/ HTTP/1.1" 200 562
"GET /api/v1/users/1/3/ HTTP/1.1" 200 562
"OPTIONS /api/v1/users/1/3/ HTTP/1.1" 200 0
"OPTIONS /api/v1/medications/patient/3/3/ HTTP/1.1" 200 0
Unauthorized: /api/v1/medications/patient/3/3/
Unauthorized: /api/v1/users/1/3/
"GET /api/v1/medications/patient/3/3/ HTTP/1.1" 401 58
"GET /api/v1/users/1/3/ HTTP/1.1" 401 58
Unauthorized: /api/v1/medications/patient/3/3/
Unauthorized: /api/v1/users/1/3/
"GET /api/v1/medications/patient/3/3/ HTTP/1.1" 401 58
"GET /api/v1/users/1/3/ HTTP/1.1" 401 58
Unauthorized: /api/v1/users/1/3/
Unauthorized: /api/v1/medications/patient/3/3/
"GET /api/v1/users/1/3/ HTTP/1.1" 401 58
"GET /api/v1/medications/patient/3/3/ HTTP/1.1" 401 58
Unauthorized: /api/v1/users/1/3/
"GET /api/v1/users/1/3/ HTTP/1.1" 401 58
Unauthorized: /api/v1/medications/patient/3/3/
"GET /api/v1/medications/patient/3/3/ HTTP/1.1" 401 58
Unauthorized: /api/v1/medications/patient/3/3/
Unauthorized: /api/v1/users/1/3/
"GET /api/v1/medications/patient/3/3/ HTTP/1.1" 401 58
"GET /api/v1/users/1/3/ HTTP/1.1" 401 58
Unauthorized: /api/v1/users/1/3/
"GET /api/v1/users/1/3/ HTTP/1.1" 401 58
Unauthorized: /api/v1/medications/patient/3/3/
"GET /api/v1/medications/patient/3/3/ HTTP/1.1" 401 58
Unauthorized: /api/v1/medications/patient/3/3/
"GET /api/v1/medications/patient/3/3/ HTTP/1.1" 401 58
Unauthorized: /api/v1/users/1/3/
"GET /api/v1/users/1/3/ HTTP/1.1" 401 58
Unauthorized: /api/v1/users/1/3/
"GET /api/v1/users/1/3/ HTTP/1.1" 401 58
Unauthorized: /api/v1/users/1/3/
"GET /api/v1/users/1/3/ HTTP/1.1" 401 58
Unauthorized: /api/v1/medications/patient/3/3/
Unauthorized: /api/v1/users/1/3/
"GET /api/v1/medications/patient/3/3/ HTTP/1.1" 401 58
"GET /api/v1/users/1/3/ HTTP/1.1" 401 58
"OPTIONS /api/v1/auth/login/ HTTP/1.1" 200 0
"POST /api/v1/auth/login/ HTTP/1.1" 200 606
"GET /api/v1/users/0/1/ HTTP/1.1" 200 452
"POST /api/v1/auth/login/ HTTP/1.1" 200 712
"GET /api/v1/users/0/1/ HTTP/1.1" 200 452
"GET /api/v1/users/0/1/ HTTP/1.1" 200 452
"GET /api/v1/users/0/1/ HTTP/1.1" 200 452
"GET /api/v1/users/0/1/ HTTP/1.1" 200 452
"GET /api/v1/users/0/1/ HTTP/1.1" 200 452
"GET /api/v1/users/0/1/ HTTP/1.1" 200 452
C:\Users\User\OneDrive\Desktop\computer_science\work\GenericWeb\backend\generic3\clinics\models.py changed, reloading.
Watching for file changes with StatReloader
"GET /admin HTTP/1.1" 301 0
"GET /admin/ HTTP/1.1" 302 0
"GET /admin/login/?next=/admin/ HTTP/1.1" 302 0
"GET /account/login/?next=/admin/ HTTP/1.1" 200 10927
"GET /static/debug_toolbar/css/toolbar.css HTTP/1.1" 304 0
"GET /static/debug_toolbar/js/toolbar.js HTTP/1.1" 304 0
"GET /static/debug_toolbar/css/print.css HTTP/1.1" 304 0
"GET /static/debug_toolbar/js/utils.js HTTP/1.1" 304 0
Not Found: /favicon.ico
"GET /favicon.ico HTTP/1.1" 404 23031
"POST /account/login/?next=/admin/ HTTP/1.1" 200 10805
"POST /account/login/?next=/admin/ HTTP/1.1" 200 10988
"POST /account/login/?next=/admin/ HTTP/1.1" 200 10988
"POST /account/login/?next=/admin/ HTTP/1.1" 200 10987
"POST /account/login/?next=/admin/ HTTP/1.1" 200 11011
"POST /account/login/?next=/admin/ HTTP/1.1" 200 10988
"POST /account/login/?next=/admin/ HTTP/1.1" 200 10987
"GET /admin HTTP/1.1" 301 0
"GET /admin/ HTTP/1.1" 302 0
"GET /admin/login/?next=/admin/ HTTP/1.1" 302 0
"GET /account/login/?next=/admin/ HTTP/1.1" 200 10922
"POST /account/login/?next=/admin/ HTTP/1.1" 200 10805
"POST /account/login/?next=/admin/ HTTP/1.1" 302 0
"GET /admin/ HTTP/1.1" 200 32436
"GET /static/admin/css/base.css HTTP/1.1" 304 0
"GET /static/admin/css/dark_mode.css HTTP/1.1" 304 0
"GET /static/admin/css/nav_sidebar.css HTTP/1.1" 304 0
"GET /static/admin/css/dashboard.css HTTP/1.1" 304 0
"GET /static/admin/css/responsive.css HTTP/1.1" 304 0
"GET /static/admin/js/theme.js HTTP/1.1" 304 0
"GET /static/admin/js/nav_sidebar.js HTTP/1.1" 304 0
"GET /static/admin/img/icon-addlink.svg HTTP/1.1" 304 0
"GET /static/admin/img/icon-changelink.svg HTTP/1.1" 304 0
"GET /static/admin/img/icon-deletelink.svg HTTP/1.1" 304 0
"GET /admin/clinics/clinicmodules/ HTTP/1.1" 200 30645
"GET /static/admin/css/changelists.css HTTP/1.1" 304 0
"GET /static/admin/js/vendor/jquery/jquery.js HTTP/1.1" 304 0
"GET /static/admin/js/admin/RelatedObjectLookups.js HTTP/1.1" 304 0
"GET /static/admin/js/jquery.init.js HTTP/1.1" 304 0
"GET /static/admin/js/core.js HTTP/1.1" 304 0
"GET /static/admin/js/urlify.js HTTP/1.1" 304 0
"GET /static/admin/js/vendor/xregexp/xregexp.js HTTP/1.1" 304 0
"GET /static/admin/js/actions.js HTTP/1.1" 304 0
"GET /static/admin/js/prepopulate.js HTTP/1.1" 304 0
"GET /static/admin/js/filters.js HTTP/1.1" 304 0
"GET /admin/jsi18n/ HTTP/1.1" 200 3343
"GET /static/admin/img/tooltag-add.svg HTTP/1.1" 304 0
"GET /admin/clinics/clinicmodules/21/change/ HTTP/1.1" 200 31702
"GET /static/admin/css/forms.css HTTP/1.1" 304 0
"GET /static/admin/css/widgets.css HTTP/1.1" 304 0
"GET /static/admin/js/prepopulate_init.js HTTP/1.1" 304 0
"GET /static/admin/img/icon-viewlink.svg HTTP/1.1" 304 0
"GET /static/admin/js/change_form.js HTTP/1.1" 304 0
"GET /admin/jsi18n/ HTTP/1.1" 200 3343
"GET /admin/clinics/clinicmodules/ HTTP/1.1" 200 30645
"GET /admin/clinics/modules/ HTTP/1.1" 200 29757
"GET /admin/jsi18n/ HTTP/1.1" 200 3343
"GET /admin/clinics/modules/8/change/ HTTP/1.1" 200 28809
"GET /admin/jsi18n/ HTTP/1.1" 200 3343
"POST /admin/clinics/modules/8/change/ HTTP/1.1" 302 0
"GET /admin/clinics/modules/ HTTP/1.1" 200 29964
"GET /admin/jsi18n/ HTTP/1.1" 200 3343
"GET /static/admin/img/icon-yes.svg HTTP/1.1" 304 0
"GET /admin/clinics/modules/7/change/ HTTP/1.1" 200 28785
"GET /admin/jsi18n/ HTTP/1.1" 200 3343
"POST /admin/clinics/modules/7/change/ HTTP/1.1" 302 0
"GET /admin/clinics/modules/ HTTP/1.1" 200 29959
"GET /admin/jsi18n/ HTTP/1.1" 200 3343
"GET /admin/clinics/modules/6/change/ HTTP/1.1" 200 28824
"GET /admin/jsi18n/ HTTP/1.1" 200 3343
"POST /admin/clinics/modules/6/change/ HTTP/1.1" 302 0
"GET /admin/clinics/modules/ HTTP/1.1" 200 29969
"GET /admin/jsi18n/ HTTP/1.1" 200 3343
"GET /admin/clinics/modules/5/change/ HTTP/1.1" 200 28808
"GET /admin/jsi18n/ HTTP/1.1" 200 3343
"POST /admin/clinics/modules/5/change/ HTTP/1.1" 302 0
"GET /admin/clinics/modules/ HTTP/1.1" 200 29964
"GET /admin/jsi18n/ HTTP/1.1" 200 3343
"GET /admin/clinics/modules/4/change/ HTTP/1.1" 200 28808
"GET /admin/jsi18n/ HTTP/1.1" 200 3343
"POST /admin/clinics/modules/4/change/ HTTP/1.1" 302 0
"GET /admin/clinics/modules/ HTTP/1.1" 200 29965
"GET /admin/jsi18n/ HTTP/1.1" 200 3343
"GET /admin/clinics/modules/3/change/ HTTP/1.1" 200 28792
"GET /admin/jsi18n/ HTTP/1.1" 200 3343
"POST /admin/clinics/modules/3/change/ HTTP/1.1" 302 0
"GET /admin/clinics/modules/ HTTP/1.1" 200 29960
"GET /admin/jsi18n/ HTTP/1.1" 200 3343
"GET /admin/clinics/modules/2/change/ HTTP/1.1" 200 28812
"GET /admin/jsi18n/ HTTP/1.1" 200 3343
"POST /admin/clinics/modules/2/change/ HTTP/1.1" 302 0
"GET /admin/clinics/modules/ HTTP/1.1" 200 29965
"GET /admin/jsi18n/ HTTP/1.1" 200 3343
"GET /admin/clinics/modules/1/change/ HTTP/1.1" 200 28824
"GET /admin/jsi18n/ HTTP/1.1" 200 3343
"POST /admin/clinics/modules/1/change/ HTTP/1.1" 302 0
"GET /admin/clinics/modules/ HTTP/1.1" 200 29968
"GET /admin/jsi18n/ HTTP/1.1" 200 3343
Watching for file changes with StatReloader
"OPTIONS /api/v1/users/0/1/ HTTP/1.1" 200 0
Unauthorized: /api/v1/users/0/1/
"GET /api/v1/users/0/1/ HTTP/1.1" 401 58
Unauthorized: /api/v1/users/0/1/
"GET /api/v1/users/0/1/ HTTP/1.1" 401 58
Unauthorized: /api/v1/users/0/1/
"GET /api/v1/users/0/1/ HTTP/1.1" 401 58
"OPTIONS /api/v1/users/1/4/ HTTP/1.1" 200 0
Unauthorized: /api/v1/users/1/4/
"GET /api/v1/users/1/4/ HTTP/1.1" 401 58
Unauthorized: /api/v1/users/1/4/
"GET /api/v1/users/1/4/ HTTP/1.1" 401 58
"OPTIONS /api/v1/auth/login/ HTTP/1.1" 200 0
"POST /api/v1/auth/login/ HTTP/1.1" 200 701
"OPTIONS /api/v1/users/1/3/ HTTP/1.1" 200 0
"OPTIONS /api/v1/medications/patient/3/1/ HTTP/1.1" 200 0
Forbidden: /api/v1/medications/patient/3/1/
"GET /api/v1/medications/patient/3/1/ HTTP/1.1" 403 35
"GET /api/v1/users/1/3/ HTTP/1.1" 200 562
"GET /api/v1/users/1/3/ HTTP/1.1" 200 562
Forbidden: /api/v1/medications/patient/3/1/
"GET /api/v1/medications/patient/3/1/ HTTP/1.1" 403 35
"GET /api/v1/users/1/3/ HTTP/1.1" 200 562
Forbidden: /api/v1/medications/patient/3/1/
"GET /api/v1/medications/patient/3/1/ HTTP/1.1" 403 35
Forbidden: /api/v1/medications/patient/3/1/
"GET /api/v1/users/1/3/ HTTP/1.1" 200 562
"GET /api/v1/medications/patient/3/1/ HTTP/1.1" 403 35
"POST /api/v1/auth/login/ HTTP/1.1" 200 606
"GET /api/v1/users/0/1/ HTTP/1.1" 200 452
"POST /api/v1/auth/login/ HTTP/1.1" 200 712
"GET /api/v1/users/1/4/ HTTP/1.1" 200 129
"GET /api/v1/users/1/4/ HTTP/1.1" 200 129
"GET /api/v1/users/1/4/ HTTP/1.1" 200 129
"GET /api/v1/users/1/4/ HTTP/1.1" 200 129
"GET /api/v1/users/1/4/ HTTP/1.1" 200 129
"GET /api/v1/users/1/4/ HTTP/1.1" 200 129
"GET /api/v1/users/1/4/ HTTP/1.1" 200 129
"GET /api/v1/users/1/4/ HTTP/1.1" 200 129
"GET /admin/clinics/modules/ HTTP/1.1" 200 29758
"GET /admin/jsi18n/ HTTP/1.1" 200 3343
Not Found: /favicon.ico
"GET /favicon.ico HTTP/1.1" 404 23031
C:\Users\User\OneDrive\Desktop\computer_science\work\GenericWeb\backend\generic3\generic3\urls.py changed, reloading.
Watching for file changes with StatReloader
C:\Users\User\OneDrive\Desktop\computer_science\work\GenericWeb\backend\generic3\generic3\settings.py changed, reloading.
Watching for file changes with StatReloader
C:\Users\User\OneDrive\Desktop\computer_science\work\GenericWeb\backend\generic3\modules\models.py changed, reloading.
Watching for file changes with StatReloader
C:\Users\User\OneDrive\Desktop\computer_science\work\GenericWeb\backend\generic3\clinics\models.py changed, reloading.
Watching for file changes with StatReloader
C:\Users\User\OneDrive\Desktop\computer_science\work\GenericWeb\backend\generic3\modules\models.py changed, reloading.
Watching for file changes with StatReloader
C:\Users\User\OneDrive\Desktop\computer_science\work\GenericWeb\backend\generic3\modules\models.py changed, reloading.
Watching for file changes with StatReloader
C:\Users\User\OneDrive\Desktop\computer_science\work\GenericWeb\backend\generic3\clinics\admin.py changed, reloading.
Watching for file changes with StatReloader
C:\Users\User\OneDrive\Desktop\computer_science\work\GenericWeb\backend\generic3\api\views.py changed, reloading.
Watching for file changes with StatReloader
C:\Users\User\OneDrive\Desktop\computer_science\work\GenericWeb\backend\generic3\api\views.py changed, reloading.
Watching for file changes with StatReloader
C:\Users\User\OneDrive\Desktop\computer_science\work\GenericWeb\backend\generic3\api\urls.py changed, reloading.
Watching for file changes with StatReloader
C:\Users\User\OneDrive\Desktop\computer_science\work\GenericWeb\backend\generic3\modules\urls.py changed, reloading.
Watching for file changes with StatReloader
C:\Users\User\OneDrive\Desktop\computer_science\work\GenericWeb\backend\generic3\clinics\views.py changed, reloading.
Watching for file changes with StatReloader
C:\Users\User\OneDrive\Desktop\computer_science\work\GenericWeb\backend\generic3\modules\urls.py changed, reloading.
Watching for file changes with StatReloader
C:\Users\User\OneDrive\Desktop\computer_science\work\GenericWeb\backend\generic3\modules\urls.py changed, reloading.
Watching for file changes with StatReloader
C:\Users\User\OneDrive\Desktop\computer_science\work\GenericWeb\backend\generic3\modules\urls.py changed, reloading.
Watching for file changes with StatReloader
Watching for file changes with StatReloader
C:\Users\User\OneDrive\Desktop\computer_science\work\GenericWeb\backend\generic3\modules\urls.py changed, reloading.
Watching for file changes with StatReloader
C:\Users\User\OneDrive\Desktop\computer_science\work\GenericWeb\backend\generic3\modules\views.py changed, reloading.
Watching for file changes with StatReloader
C:\Users\User\OneDrive\Desktop\computer_science\work\GenericWeb\backend\generic3\modules\urls.py changed, reloading.
Watching for file changes with StatReloader
C:\Users\User\OneDrive\Desktop\computer_science\work\GenericWeb\backend\generic3\modules\views.py changed, reloading.
Watching for file changes with StatReloader
C:\Users\User\OneDrive\Desktop\computer_science\work\GenericWeb\backend\generic3\modules\views.py changed, reloading.
Watching for file changes with StatReloader
C:\Users\User\OneDrive\Desktop\computer_science\work\GenericWeb\backend\generic3\modules\views.py changed, reloading.
Watching for file changes with StatReloader
C:\Users\User\OneDrive\Desktop\computer_science\work\GenericWeb\backend\generic3\modules\views.py changed, reloading.
Watching for file changes with StatReloader
C:\Users\User\OneDrive\Desktop\computer_science\work\GenericWeb\backend\generic3\modules\views.py changed, reloading.
Watching for file changes with StatReloader
C:\Users\User\OneDrive\Desktop\computer_science\work\GenericWeb\backend\generic3\modules\urls.py changed, reloading.
Watching for file changes with StatReloader
C:\Users\User\OneDrive\Desktop\computer_science\work\GenericWeb\backend\generic3\modules\views.py changed, reloading.
Watching for file changes with StatReloader
C:\Users\User\OneDrive\Desktop\computer_science\work\GenericWeb\backend\generic3\modules\views.py changed, reloading.
Watching for file changes with StatReloader
C:\Users\User\OneDrive\Desktop\computer_science\work\GenericWeb\backend\generic3\modules\views.py changed, reloading.
Watching for file changes with StatReloader
C:\Users\User\OneDrive\Desktop\computer_science\work\GenericWeb\backend\generic3\modules\models.py changed, reloading.
Watching for file changes with StatReloader
Watching for file changes with StatReloader
C:\Users\User\OneDrive\Desktop\computer_science\work\GenericWeb\backend\generic3\modules\urls.py changed, reloading.
Watching for file changes with StatReloader
C:\Users\User\OneDrive\Desktop\computer_science\work\GenericWeb\backend\generic3\modules\views.py changed, reloading.
Watching for file changes with StatReloader
C:\Users\User\OneDrive\Desktop\computer_science\work\GenericWeb\backend\generic3\users\views.py changed, reloading.
Watching for file changes with StatReloader
C:\Users\User\OneDrive\Desktop\computer_science\work\GenericWeb\backend\generic3\users\views.py changed, reloading.
Watching for file changes with StatReloader
C:\Users\User\OneDrive\Desktop\computer_science\work\GenericWeb\backend\generic3\modules\urls.py changed, reloading.
Watching for file changes with StatReloader
C:\Users\User\OneDrive\Desktop\computer_science\work\GenericWeb\backend\generic3\modules\views.py changed, reloading.
Watching for file changes with StatReloader
C:\Users\User\OneDrive\Desktop\computer_science\work\GenericWeb\backend\generic3\modules\urls.py changed, reloading.
Watching for file changes with StatReloader
C:\Users\User\OneDrive\Desktop\computer_science\work\GenericWeb\backend\generic3\modules\views.py changed, reloading.
Watching for file changes with StatReloader
Watching for file changes with StatReloader
Watching for file changes with StatReloader
"POST /api/v1/auth/login/ HTTP/1.1" 200 614
"POST /api/v1/auth/login/ HTTP/1.1" 200 614
"GET /api/v1/users/3/ HTTP/1.1" 200 120
"OPTIONS /api/v1/auth/login/ HTTP/1.1" 200 0
"POST /api/v1/auth/login/ HTTP/1.1" 200 614
"OPTIONS /api/v1/users/0/0/ HTTP/1.1" 200 0
Not Found: /api/v1/users/0/0/
"GET /api/v1/users/0/0/ HTTP/1.1" 404 27
"OPTIONS /api/v1/users/1/3/ HTTP/1.1" 200 0
"GET /api/v1/users/1/3/ HTTP/1.1" 200 562
"GET /api/v1/users/1/3/ HTTP/1.1" 200 562
"GET /api/v1/users/3/ HTTP/1.1" 200 120
"GET /api/v1/users/5/ HTTP/1.1" 200 132
C:\Users\User\OneDrive\Desktop\computer_science\work\GenericWeb\backend\generic3\users\views.py changed, reloading.
Watching for file changes with StatReloader
C:\Users\User\OneDrive\Desktop\computer_science\work\GenericWeb\backend\generic3\users\views.py changed, reloading.
Watching for file changes with StatReloader
C:\Users\User\OneDrive\Desktop\computer_science\work\GenericWeb\backend\generic3\users\views.py changed, reloading.
Watching for file changes with StatReloader
C:\Users\User\OneDrive\Desktop\computer_science\work\GenericWeb\backend\generic3\users\views.py changed, reloading.
Watching for file changes with StatReloader
C:\Users\User\OneDrive\Desktop\computer_science\work\GenericWeb\backend\generic3\users\views.py changed, reloading.
Watching for file changes with StatReloader
C:\Users\User\OneDrive\Desktop\computer_science\work\GenericWeb\backend\generic3\users\views.py changed, reloading.
Watching for file changes with StatReloader
C:\Users\User\OneDrive\Desktop\computer_science\work\GenericWeb\backend\generic3\users\views.py changed, reloading.
Watching for file changes with StatReloader
C:\Users\User\OneDrive\Desktop\computer_science\work\GenericWeb\backend\generic3\users\urls.py changed, reloading.
Watching for file changes with StatReloader
Not Found: /api/v1/users/1/5/
"GET /api/v1/users/1/5/ HTTP/1.1" 404 56
"POST /api/v1/auth/login/ HTTP/1.1" 200 614
Not Found: /api/v1/users/1/5/
"GET /api/v1/users/1/5/ HTTP/1.1" 404 56
C:\Users\User\OneDrive\Desktop\computer_science\work\GenericWeb\backend\generic3\users\urls.py changed, reloading.
Watching for file changes with StatReloader
Internal Server Error: /api/v1/users/1/user/5/
Traceback (most recent call last):
  File "C:\Users\User\OneDrive\Desktop\computer_science\work\GenericWeb\backend\venv\Lib\site-packages\django\db\models\sql\query.py", line 1799, in transform
    return self.try_transform(wrapped, name)
           ^^^^^^^^^^^^^^^^^^^^^^^^^^^^^^^^^
  File "C:\Users\User\OneDrive\Desktop\computer_science\work\GenericWeb\backend\venv\Lib\site-packages\django\db\models\sql\query.py", line 1309, in try_transform
    raise FieldError(
django.core.exceptions.FieldError: Unsupported lookup 'name' for BigAutoField or join on the field not permitted.

During handling of the above exception, another exception occurred:

Traceback (most recent call last):
  File "C:\Users\User\OneDrive\Desktop\computer_science\work\GenericWeb\backend\venv\Lib\site-packages\django\core\handlers\exception.py", line 55, in inner
    response = get_response(request)
               ^^^^^^^^^^^^^^^^^^^^^
  File "C:\Users\User\OneDrive\Desktop\computer_science\work\GenericWeb\backend\venv\Lib\site-packages\django\core\handlers\base.py", line 197, in _get_response
    response = wrapped_callback(request, *callback_args, **callback_kwargs)
               ^^^^^^^^^^^^^^^^^^^^^^^^^^^^^^^^^^^^^^^^^^^^^^^^^^^^^^^^^^^^
  File "C:\Users\User\OneDrive\Desktop\computer_science\work\GenericWeb\backend\venv\Lib\site-packages\django\views\decorators\csrf.py", line 56, in wrapper_view
    return view_func(*args, **kwargs)
           ^^^^^^^^^^^^^^^^^^^^^^^^^^
  File "C:\Users\User\OneDrive\Desktop\computer_science\work\GenericWeb\backend\venv\Lib\site-packages\django\views\generic\base.py", line 104, in view
    return self.dispatch(request, *args, **kwargs)
           ^^^^^^^^^^^^^^^^^^^^^^^^^^^^^^^^^^^^^^^
  File "C:\Users\User\OneDrive\Desktop\computer_science\work\GenericWeb\backend\venv\Lib\site-packages\rest_framework\views.py", line 509, in dispatch
    response = self.handle_exception(exc)
               ^^^^^^^^^^^^^^^^^^^^^^^^^^
  File "C:\Users\User\OneDrive\Desktop\computer_science\work\GenericWeb\backend\venv\Lib\site-packages\rest_framework\views.py", line 469, in handle_exception
    self.raise_uncaught_exception(exc)
  File "C:\Users\User\OneDrive\Desktop\computer_science\work\GenericWeb\backend\venv\Lib\site-packages\rest_framework\views.py", line 480, in raise_uncaught_exception
    raise exc
  File "C:\Users\User\OneDrive\Desktop\computer_science\work\GenericWeb\backend\venv\Lib\site-packages\rest_framework\views.py", line 506, in dispatch
    response = handler(request, *args, **kwargs)
               ^^^^^^^^^^^^^^^^^^^^^^^^^^^^^^^^^
  File "C:\Users\User\OneDrive\Desktop\computer_science\work\GenericWeb\backend\venv\Lib\site-packages\rest_framework\decorators.py", line 50, in handler
    return func(*args, **kwargs)
           ^^^^^^^^^^^^^^^^^^^^^
  File "C:\Users\User\OneDrive\Desktop\computer_science\work\GenericWeb\backend\generic3\users\views.py", line 78, in get_user_details
    patient_modules = PatientModules.objects.filter(patient__user=user , clinic__id=clinic_id).values(
                      ^^^^^^^^^^^^^^^^^^^^^^^^^^^^^^^^^^^^^^^^^^^^^^^^^^^^^^^^^^^^^^^^^^^^^^^^^^^^^^^^
  File "C:\Users\User\OneDrive\Desktop\computer_science\work\GenericWeb\backend\venv\Lib\site-packages\django\db\models\query.py", line 1313, in values
    clone = self._values(*fields, **expressions)
            ^^^^^^^^^^^^^^^^^^^^^^^^^^^^^^^^^^^^
  File "C:\Users\User\OneDrive\Desktop\computer_science\work\GenericWeb\backend\venv\Lib\site-packages\django\db\models\query.py", line 1308, in _values
    clone.query.set_values(fields)
  File "C:\Users\User\OneDrive\Desktop\computer_science\work\GenericWeb\backend\venv\Lib\site-packages\django\db\models\sql\query.py", line 2413, in set_values
    self.add_fields(field_names, True)
  File "C:\Users\User\OneDrive\Desktop\computer_science\work\GenericWeb\backend\venv\Lib\site-packages\django\db\models\sql\query.py", line 2123, in add_fields
    cols.append(join_info.transform_function(target, final_alias))
                ^^^^^^^^^^^^^^^^^^^^^^^^^^^^^^^^^^^^^^^^^^^^^^^^^
  File "C:\Users\User\OneDrive\Desktop\computer_science\work\GenericWeb\backend\venv\Lib\site-packages\django\db\models\sql\query.py", line 1803, in transform
    raise last_field_exception
  File "C:\Users\User\OneDrive\Desktop\computer_science\work\GenericWeb\backend\venv\Lib\site-packages\django\db\models\sql\query.py", line 1776, in setup_joins
    path, final_field, targets, rest = self.names_to_path(
                                       ^^^^^^^^^^^^^^^^^^^
  File "C:\Users\User\OneDrive\Desktop\computer_science\work\GenericWeb\backend\venv\Lib\site-packages\django\db\models\sql\query.py", line 1677, in names_to_path
    raise FieldError(
django.core.exceptions.FieldError: Cannot resolve keyword 'name' into field. Choices are: clinicmodules, id, module_description, module_name, patientmodules
"GET /api/v1/users/1/user/5/ HTTP/1.1" 500 173397
C:\Users\User\OneDrive\Desktop\computer_science\work\GenericWeb\backend\generic3\users\views.py changed, reloading.
Watching for file changes with StatReloader
C:\Users\User\OneDrive\Desktop\computer_science\work\GenericWeb\backend\generic3\users\views.py changed, reloading.
Watching for file changes with StatReloader
"GET /api/v1/users/1/user/5/ HTTP/1.1" 200 153
"GET /admin HTTP/1.1" 301 0
"GET /admin/ HTTP/1.1" 200 32774
Not Found: /favicon.ico
"GET /favicon.ico HTTP/1.1" 404 25050
"GET /admin/modules/patientmodules/ HTTP/1.1" 200 27738
"GET /admin/jsi18n/ HTTP/1.1" 200 3343
"GET /admin/modules/patientmodules/add/ HTTP/1.1" 200 33467
"GET /admin/jsi18n/ HTTP/1.1" 200 3343
"GET /admin/modules/modules/ HTTP/1.1" 200 27677
"GET /admin/jsi18n/ HTTP/1.1" 200 3343
"GET /admin/modules/clinicmodules/ HTTP/1.1" 200 27730
"GET /admin/jsi18n/ HTTP/1.1" 200 3343
"GET /admin/modules/modules/ HTTP/1.1" 200 27677
"GET /admin/jsi18n/ HTTP/1.1" 200 3343
"GET /admin/modules/modules/add/ HTTP/1.1" 200 29120
"GET /admin/jsi18n/ HTTP/1.1" 200 3343
"POST /admin/modules/modules/add/ HTTP/1.1" 302 0
"GET /admin/modules/modules/ HTTP/1.1" 200 29036
"GET /admin/jsi18n/ HTTP/1.1" 200 3343
"GET /admin/modules/modules/add/ HTTP/1.1" 200 29119
"GET /admin/jsi18n/ HTTP/1.1" 200 3343
"POST /admin/modules/modules/add/ HTTP/1.1" 302 0
"GET /admin/modules/modules/add/ HTTP/1.1" 200 29363
"GET /admin/jsi18n/ HTTP/1.1" 200 3343
"POST /admin/modules/modules/add/ HTTP/1.1" 302 0
"GET /admin/modules/modules/add/ HTTP/1.1" 200 29361
"GET /admin/jsi18n/ HTTP/1.1" 200 3343
"POST /admin/modules/modules/add/ HTTP/1.1" 302 0
"GET /admin/modules/modules/add/ HTTP/1.1" 200 29356
"GET /admin/jsi18n/ HTTP/1.1" 200 3343
"POST /admin/modules/modules/add/ HTTP/1.1" 302 0
"GET /admin/modules/modules/add/ HTTP/1.1" 200 29360
"GET /admin/jsi18n/ HTTP/1.1" 200 3343
"GET /admin/modules/modules/ HTTP/1.1" 200 29681
"GET /admin/jsi18n/ HTTP/1.1" 200 3343
"GET /admin/modules/modules/add/ HTTP/1.1" 200 29120
"GET /admin/jsi18n/ HTTP/1.1" 200 3343
"POST /admin/modules/modules/add/ HTTP/1.1" 302 0
"GET /admin/modules/modules/add/ HTTP/1.1" 200 29353
"GET /admin/jsi18n/ HTTP/1.1" 200 3343
"POST /admin/modules/modules/add/ HTTP/1.1" 302 0
"GET /admin/modules/modules/add/ HTTP/1.1" 200 29364
"GET /admin/jsi18n/ HTTP/1.1" 200 3343
"GET /admin/modules/modules/ HTTP/1.1" 200 30103
"GET /admin/jsi18n/ HTTP/1.1" 200 3343
"GET /api/v1/users/1/3/ HTTP/1.1" 200 562
"GET /admin/modules/modules/7/change/ HTTP/1.1" 200 29382
"GET /admin/jsi18n/ HTTP/1.1" 200 3343
"GET /api/v1/users/1/3/ HTTP/1.1" 200 562
"GET /api/v1/users/1/3/ HTTP/1.1" 200 562
"POST /admin/modules/modules/7/change/ HTTP/1.1" 302 0
"GET /admin/modules/modules/add/ HTTP/1.1" 200 29365
"GET /admin/jsi18n/ HTTP/1.1" 200 3343
"GET /admin/modules/modules/ HTTP/1.1" 200 30103
"GET /admin/jsi18n/ HTTP/1.1" 200 3343
"GET /admin/modules/modules/6/change/ HTTP/1.1" 200 29342
"GET /admin/jsi18n/ HTTP/1.1" 200 3343
"POST /admin/modules/modules/6/change/ HTTP/1.1" 302 0
"GET /admin/modules/modules/ HTTP/1.1" 200 30304
"GET /admin/jsi18n/ HTTP/1.1" 200 3343
"GET /admin/modules/modules/5/change/ HTTP/1.1" 200 29365
"GET /admin/jsi18n/ HTTP/1.1" 200 3343
"POST /admin/modules/modules/5/change/ HTTP/1.1" 302 0
"GET /admin/modules/modules/ HTTP/1.1" 200 30310
"GET /admin/jsi18n/ HTTP/1.1" 200 3343
"GET /admin/modules/modules/4/change/ HTTP/1.1" 200 29350
"GET /admin/jsi18n/ HTTP/1.1" 200 3343
"POST /admin/modules/modules/4/change/ HTTP/1.1" 302 0
"GET /admin/modules/modules/ HTTP/1.1" 200 30306
"GET /admin/jsi18n/ HTTP/1.1" 200 3343
"GET /admin/modules/modules/3/change/ HTTP/1.1" 200 29370
"GET /admin/jsi18n/ HTTP/1.1" 200 3343
"POST /admin/modules/modules/3/change/ HTTP/1.1" 302 0
"GET /admin/modules/modules/ HTTP/1.1" 200 30311
"GET /admin/jsi18n/ HTTP/1.1" 200 3343
"GET /admin/modules/modules/1/change/ HTTP/1.1" 200 29366
"GET /admin/jsi18n/ HTTP/1.1" 200 3343
"POST /admin/modules/modules/1/change/ HTTP/1.1" 302 0
"GET /admin/modules/modules/ HTTP/1.1" 200 30310
"GET /admin/jsi18n/ HTTP/1.1" 200 3343
"GET /admin/modules/modules/2/change/ HTTP/1.1" 200 29382
"GET /admin/jsi18n/ HTTP/1.1" 200 3343
"POST /admin/modules/modules/2/change/ HTTP/1.1" 302 0
"GET /admin/modules/modules/ HTTP/1.1" 200 30314
"GET /admin/jsi18n/ HTTP/1.1" 200 3343
"GET /admin/modules/clinicmodules/ HTTP/1.1" 200 27730
"GET /admin/jsi18n/ HTTP/1.1" 200 3343
"GET /admin/modules/clinicmodules/add/ HTTP/1.1" 200 31952
"GET /admin/jsi18n/ HTTP/1.1" 200 3343
"GET /api/v1/users/1/3/ HTTP/1.1" 200 562
"POST /admin/modules/clinicmodules/add/ HTTP/1.1" 302 0
"GET /admin/modules/clinicmodules/add/ HTTP/1.1" 200 32220
"GET /admin/jsi18n/ HTTP/1.1" 200 3343
"POST /admin/modules/clinicmodules/add/ HTTP/1.1" 302 0
"GET /admin/modules/clinicmodules/add/ HTTP/1.1" 200 32224
"GET /admin/jsi18n/ HTTP/1.1" 200 3343
"POST /admin/modules/clinicmodules/add/ HTTP/1.1" 302 0
"GET /admin/modules/clinicmodules/add/ HTTP/1.1" 200 32221
"GET /admin/jsi18n/ HTTP/1.1" 200 3343
"POST /admin/modules/clinicmodules/add/ HTTP/1.1" 302 0
"GET /admin/modules/clinicmodules/add/ HTTP/1.1" 200 32216
"GET /admin/jsi18n/ HTTP/1.1" 200 3343
"GET /api/v1/users/1/3/ HTTP/1.1" 200 562
"GET /api/v1/users/1/3/ HTTP/1.1" 200 562
"POST /admin/modules/clinicmodules/add/ HTTP/1.1" 302 0
"GET /admin/modules/clinicmodules/ HTTP/1.1" 200 30045
"GET /admin/jsi18n/ HTTP/1.1" 200 3343
"GET /api/v1/users/1/3/ HTTP/1.1" 200 562
"GET /admin/modules/patientmodules/ HTTP/1.1" 200 27738
"GET /admin/jsi18n/ HTTP/1.1" 200 3343
"GET /admin/modules/patientmodules/add/ HTTP/1.1" 200 33753
"GET /admin/jsi18n/ HTTP/1.1" 200 3343
"POST /admin/modules/patientmodules/add/ HTTP/1.1" 302 0
"GET /admin/modules/patientmodules/add/ HTTP/1.1" 200 34037
"GET /admin/jsi18n/ HTTP/1.1" 200 3343
"POST /admin/modules/patientmodules/add/ HTTP/1.1" 302 0
"GET /admin/modules/patientmodules/add/ HTTP/1.1" 200 34038
"GET /admin/jsi18n/ HTTP/1.1" 200 3343
"POST /admin/modules/patientmodules/add/ HTTP/1.1" 302 0
"GET /admin/modules/patientmodules/ HTTP/1.1" 200 29668
"GET /admin/jsi18n/ HTTP/1.1" 200 3343
"GET /api/v1/users/1/user/5/ HTTP/1.1" 200 579
C:\Users\User\OneDrive\Desktop\computer_science\work\GenericWeb\backend\generic3\users\views.py changed, reloading.
Watching for file changes with StatReloader
"GET /api/v1/users/1/user/5/ HTTP/1.1" 200 558
"GET /api/v1/users/1/user/3/ HTTP/1.1" 200 120
"GET /api/v1/users/1/3/ HTTP/1.1" 200 562
"GET /api/v1/users/1/user/3/ HTTP/1.1" 200 120
"GET /api/v1/users/1/3/ HTTP/1.1" 200 562
"GET /api/v1/users/1/3/ HTTP/1.1" 200 562
"GET /api/v1/users/1/user/5/ HTTP/1.1" 200 558
"GET /api/v1/users/1/3/ HTTP/1.1" 200 562
"GET /api/v1/users/1/3/ HTTP/1.1" 200 562
"GET /api/v1/users/1/3/ HTTP/1.1" 200 562
"OPTIONS /api/v1/users/1/user/1/ HTTP/1.1" 200 0
"GET /api/v1/users/1/user/1/ HTTP/1.1" 200 98
"GET /api/v1/users/1/user/1/ HTTP/1.1" 200 98
"GET /api/v1/users/1/user/1/ HTTP/1.1" 200 98
"OPTIONS /api/v1/users/5/user/5/ HTTP/1.1" 200 0
"GET /api/v1/users/1/user/1/ HTTP/1.1" 200 98
"GET /api/v1/users/5/user/5/ HTTP/1.1" 200 153
"GET /api/v1/users/5/user/5/ HTTP/1.1" 200 153
"OPTIONS /api/v1/users/1/user/5/ HTTP/1.1" 200 0
"GET /api/v1/users/5/user/5/ HTTP/1.1" 200 153
"GET /api/v1/users/1/user/5/ HTTP/1.1" 200 558
"GET /api/v1/users/1/user/5/ HTTP/1.1" 200 558
"GET /api/v1/users/1/user/5/ HTTP/1.1" 200 558
"GET /api/v1/users/1/user/5/ HTTP/1.1" 200 558
"GET /api/v1/users/1/user/5/ HTTP/1.1" 200 558
"GET /api/v1/users/1/user/5/ HTTP/1.1" 200 558
"GET /api/v1/users/1/user/5/ HTTP/1.1" 200 558
"GET /api/v1/users/1/user/5/ HTTP/1.1" 200 558
"GET /api/v1/users/1/user/5/ HTTP/1.1" 200 558
"GET /api/v1/users/1/user/5/ HTTP/1.1" 200 558
C:\Users\User\OneDrive\Desktop\computer_science\work\GenericWeb\backend\generic3\users\views.py changed, reloading.
Watching for file changes with StatReloader
"GET /api/v1/users/1/user/5/ HTTP/1.1" 200 459
"GET /admin/modules/patientmodules/3/change/ HTTP/1.1" 200 34054
"GET /admin/jsi18n/ HTTP/1.1" 200 3343
"POST /admin/modules/patientmodules/3/change/ HTTP/1.1" 302 0
"GET /admin/modules/patientmodules/ HTTP/1.1" 200 29670
"GET /admin/jsi18n/ HTTP/1.1" 200 3343
"GET /api/v1/users/1/user/5/ HTTP/1.1" 200 460
"GET /api/v1/users/1/user/5/ HTTP/1.1" 200 460
"GET /api/v1/users/1/user/5/ HTTP/1.1" 200 460
"GET /api/v1/users/1/user/5/ HTTP/1.1" 200 460
"GET /api/v1/users/1/user/5/ HTTP/1.1" 200 460
C:\Users\User\OneDrive\Desktop\computer_science\work\GenericWeb\backend\generic3\users\views.py changed, reloading.
Watching for file changes with StatReloader
"GET /api/v1/users/1/user/5/ HTTP/1.1" 200 481
C:\Users\User\OneDrive\Desktop\computer_science\work\GenericWeb\backend\generic3\users\views.py changed, reloading.
Watching for file changes with StatReloader
"GET /api/v1/users/1/user/5/ HTTP/1.1" 200 481
C:\Users\User\OneDrive\Desktop\computer_science\work\GenericWeb\backend\generic3\modules\views.py changed, reloading.
Watching for file changes with StatReloader
C:\Users\User\OneDrive\Desktop\computer_science\work\GenericWeb\backend\generic3\modules\views.py changed, reloading.
Watching for file changes with StatReloader
Unauthorized: /api/v1/modules/
"GET /api/v1/modules/ HTTP/1.1" 401 58
"POST /api/v1/auth/login/ HTTP/1.1" 200 606
C:\Users\User\OneDrive\Desktop\computer_science\work\GenericWeb\backend\generic3\modules\views.py changed, reloading.
Watching for file changes with StatReloader
"GET /api/v1/modules/ HTTP/1.1" 200 630
"POST /api/v1/modules/add/ HTTP/1.1" 201 55
"GET /api/v1/modules/ HTTP/1.1" 200 708
"PUT /api/v1/modules/8/update/ HTTP/1.1" 200 61
"GET /api/v1/modules/ HTTP/1.1" 200 720
"DELETE /api/v1/modules/8/delete/ HTTP/1.1" 204 61
"GET /api/v1/modules/ HTTP/1.1" 200 630
"GET /admin/modules/clinicmodules/ HTTP/1.1" 200 29819
"GET /admin/jsi18n/ HTTP/1.1" 200 3343
"GET /admin/modules/clinicmodules/4/change/ HTTP/1.1" 200 32191
"GET /admin/jsi18n/ HTTP/1.1" 200 3343
"GET /admin/modules/clinicmodules/ HTTP/1.1" 200 29820
Forbidden: /api/v1/clinics/1/modules/4/delete/
"DELETE /api/v1/clinics/1/modules/4/delete/ HTTP/1.1" 403 66
"POST /api/v1/auth/login/ HTTP/1.1" 200 770
Forbidden: /api/v1/clinics/1/modules/4/add/
"POST /api/v1/clinics/1/modules/4/add/ HTTP/1.1" 403 63
C:\Users\User\OneDrive\Desktop\computer_science\work\GenericWeb\backend\generic3\modules\views.py changed, reloading.
Watching for file changes with StatReloader
Forbidden: /api/v1/clinics/1/modules/4/add/
"POST /api/v1/clinics/1/modules/4/add/ HTTP/1.1" 403 63
C:\Users\User\OneDrive\Desktop\computer_science\work\GenericWeb\backend\generic3\modules\views.py changed, reloading.
Watching for file changes with StatReloader
"POST /api/v1/clinics/1/modules/4/add/ HTTP/1.1" 201 47
C:\Users\User\OneDrive\Desktop\computer_science\work\GenericWeb\backend\generic3\modules\views.py changed, reloading.
Watching for file changes with StatReloader
"GET /admin/modules/clinicmodules/ HTTP/1.1" 200 30042
"GET /admin/jsi18n/ HTTP/1.1" 200 3343
Forbidden: /api/v1/clinics/1/modules/4/delete/
"DELETE /api/v1/clinics/1/modules/4/delete/ HTTP/1.1" 403 66
C:\Users\User\OneDrive\Desktop\computer_science\work\GenericWeb\backend\generic3\modules\views.py changed, reloading.
Watching for file changes with StatReloader
"GET /admin/modules/clinicmodules/ HTTP/1.1" 200 30042
"GET /admin/jsi18n/ HTTP/1.1" 200 3343
Internal Server Error: /api/v1/clinics/1/modules/4/delete/
"DELETE /api/v1/clinics/1/modules/4/delete/ HTTP/1.1" 500 65
"POST /admin/modules/clinicmodules/ HTTP/1.1" 200 27810
"GET /static/admin/js/cancel.js HTTP/1.1" 200 884
"POST /admin/modules/clinicmodules/ HTTP/1.1" 302 0
"GET /admin/modules/clinicmodules/ HTTP/1.1" 200 29963
"GET /admin/jsi18n/ HTTP/1.1" 200 3343
"DELETE /api/v1/clinics/1/modules/4/delete/ HTTP/1.1" 204 49
"GET /admin/modules/clinicmodules/ HTTP/1.1" 200 29596
"GET /admin/jsi18n/ HTTP/1.1" 200 3343
"POST /api/v1/clinics/1/modules/4/add/ HTTP/1.1" 201 47
"GET /admin/modules/clinicmodules/ HTTP/1.1" 200 29819
"GET /admin/jsi18n/ HTTP/1.1" 200 3343
"GET /admin/modules/clinicmodules/7/change/ HTTP/1.1" 200 32190
"GET /admin/jsi18n/ HTTP/1.1" 200 3343
"GET /admin/modules/clinicmodules/ HTTP/1.1" 200 29819
Not Found: /api/v1/patients/5/modules/4/add/
"POST /api/v1/patients/5/modules/4/add/ HTTP/1.1" 404 25149
"GET /admin/modules/clinicmodules/7/change/ HTTP/1.1" 200 32189
"GET /admin/jsi18n/ HTTP/1.1" 200 3343
"GET /admin/modules/clinicmodules/ HTTP/1.1" 200 29819
"GET /admin/modules/patientmodules/ HTTP/1.1" 200 29423
"GET /admin/jsi18n/ HTTP/1.1" 200 3343
"GET /admin/modules/modules/ HTTP/1.1" 200 30103
"GET /admin/jsi18n/ HTTP/1.1" 200 3343
"GET /admin/modules/modules/4/change/ HTTP/1.1" 200 29379
"GET /admin/jsi18n/ HTTP/1.1" 200 3343
"GET /admin/modules/modules/ HTTP/1.1" 200 30103
"POST /api/v1/auth/login/ HTTP/1.1" 200 759
Not Found: /api/v1/patients/5/modules/4/add/
"POST /api/v1/patients/5/modules/4/add/ HTTP/1.1" 404 25149
Forbidden: /api/v1/clinics/1/patients/5/modules/4/add/
"POST /api/v1/clinics/1/patients/5/modules/4/add/ HTTP/1.1" 403 64
C:\Users\User\OneDrive\Desktop\computer_science\work\GenericWeb\backend\generic3\modules\views.py changed, reloading.
Watching for file changes with StatReloader
C:\Users\User\OneDrive\Desktop\computer_science\work\GenericWeb\backend\generic3\modules\views.py changed, reloading.
Watching for file changes with StatReloader
Internal Server Error: /api/v1/clinics/1/patients/5/modules/4/add/
"POST /api/v1/clinics/1/patients/5/modules/4/add/ HTTP/1.1" 500 64
Internal Server Error: /api/v1/clinics/1/patients/5/modules/4/add/
"POST /api/v1/clinics/1/patients/5/modules/4/add/ HTTP/1.1" 500 64
Internal Server Error: /api/v1/clinics/1/patients/5/modules/4/add/
"POST /api/v1/clinics/1/patients/5/modules/4/add/ HTTP/1.1" 500 64
C:\Users\User\OneDrive\Desktop\computer_science\work\GenericWeb\backend\generic3\modules\views.py changed, reloading.
Watching for file changes with StatReloader
C:\Users\User\OneDrive\Desktop\computer_science\work\GenericWeb\backend\generic3\modules\views.py changed, reloading.
Watching for file changes with StatReloader
"POST /api/v1/clinics/1/patients/5/modules/4/add/ HTTP/1.1" 201 48
"GET /admin/modules/patientmodules/ HTTP/1.1" 200 29659
"GET /admin/jsi18n/ HTTP/1.1" 200 3343
"DELETE /api/v1/clinics/1/patients/5/modules/4/delete/ HTTP/1.1" 204 50
"GET /admin/modules/patientmodules/ HTTP/1.1" 200 29423
"GET /admin/jsi18n/ HTTP/1.1" 200 3343
Forbidden: /api/v1/clinics/1/modules/4/toggle/
"POST /api/v1/clinics/1/modules/4/toggle/ HTTP/1.1" 403 66
Not Found: /api/v1/patients/5/modules/3/toggle/
"POST /api/v1/patients/5/modules/3/toggle/ HTTP/1.1" 404 25161
"POST /api/v1/clinics/1/patients/5/modules/3/toggle/ HTTP/1.1" 200 64
"GET /admin/modules/patientmodules/3/change/ HTTP/1.1" 200 34046
"GET /admin/jsi18n/ HTTP/1.1" 200 3343
"POST /api/v1/clinics/1/patients/5/modules/3/toggle/ HTTP/1.1" 200 64
"GET /admin/modules/patientmodules/3/change/ HTTP/1.1" 200 34046
"GET /admin/jsi18n/ HTTP/1.1" 200 3343
"GET /admin/modules/patientmodules/3/change/ HTTP/1.1" 200 34046
"GET /admin/jsi18n/ HTTP/1.1" 200 3343
"POST /admin/modules/patientmodules/3/change/ HTTP/1.1" 302 0
"GET /admin/modules/patientmodules/ HTTP/1.1" 200 29670
"GET /admin/jsi18n/ HTTP/1.1" 200 3343
"GET /admin/modules/patientmodules/3/change/ HTTP/1.1" 200 34054
"GET /admin/jsi18n/ HTTP/1.1" 200 3343
"POST /api/v1/clinics/1/patients/5/modules/3/toggle/ HTTP/1.1" 200 64
"GET /admin/modules/patientmodules/3/change/ HTTP/1.1" 200 34054
"GET /admin/jsi18n/ HTTP/1.1" 200 3343
C:\Users\User\OneDrive\Desktop\computer_science\work\GenericWeb\backend\generic3\modules\views.py changed, reloading.
Watching for file changes with StatReloader
"POST /api/v1/clinics/1/patients/5/modules/3/toggle/ HTTP/1.1" 200 64
"GET /admin/modules/patientmodules/3/change/ HTTP/1.1" 200 34054
"GET /admin/jsi18n/ HTTP/1.1" 200 3343
"POST /api/v1/clinics/1/patients/5/modules/3/toggle/ HTTP/1.1" 200 64
"GET /admin/modules/patientmodules/3/change/ HTTP/1.1" 200 34054
"GET /admin/jsi18n/ HTTP/1.1" 200 3343
Unauthorized: /api/v1/users/1/user/5/
"GET /api/v1/users/1/user/5/ HTTP/1.1" 401 58
C:\Users\User\OneDrive\Desktop\computer_science\work\GenericWeb\backend\generic3\modules\views.py changed, reloading.
Watching for file changes with StatReloader
C:\Users\User\OneDrive\Desktop\computer_science\work\GenericWeb\backend\generic3\modules\views.py changed, reloading.
Watching for file changes with StatReloader
Internal Server Error: /api/v1/clinics/1/patients/5/modules/3/toggle/
"POST /api/v1/clinics/1/patients/5/modules/3/toggle/ HTTP/1.1" 500 80
Internal Server Error: /api/v1/clinics/1/patients/5/modules/3/toggle/
"POST /api/v1/clinics/1/patients/5/modules/3/toggle/ HTTP/1.1" 500 80
"POST /api/v1/auth/login/ HTTP/1.1" 200 759
Not Found: /api/v1/users/0/0/
"GET /api/v1/users/0/0/ HTTP/1.1" 404 27
"GET /api/v1/users/1/3/ HTTP/1.1" 200 562
"OPTIONS /api/v1/medications/patient/3/1/ HTTP/1.1" 200 0
Internal Server Error: /api/v1/clinics/1/patients/5/modules/3/toggle/
"POST /api/v1/clinics/1/patients/5/modules/3/toggle/ HTTP/1.1" 500 80
Forbidden: /api/v1/medications/patient/3/1/
"GET /api/v1/medications/patient/3/1/ HTTP/1.1" 403 35
"GET /api/v1/users/1/user/5/ HTTP/1.1" 200 480
C:\Users\User\OneDrive\Desktop\computer_science\work\GenericWeb\backend\generic3\modules\views.py changed, reloading.
Watching for file changes with StatReloader
Internal Server Error: /api/v1/clinics/1/patients/5/modules/3/toggle/
"POST /api/v1/clinics/1/patients/5/modules/3/toggle/ HTTP/1.1" 500 80
"GET /api/v1/users/1/user/5/ HTTP/1.1" 200 481
C:\Users\User\OneDrive\Desktop\computer_science\work\GenericWeb\backend\generic3\modules\views.py changed, reloading.
Watching for file changes with StatReloader
"POST /api/v1/clinics/1/patients/5/modules/3/toggle/ HTTP/1.1" 200 64
"GET /admin/modules/patientmodules/3/change/ HTTP/1.1" 200 34054
"GET /admin/jsi18n/ HTTP/1.1" 200 3343
"GET /api/v1/users/1/user/5/ HTTP/1.1" 200 480
"POST /api/v1/clinics/1/patients/5/modules/3/toggle/ HTTP/1.1" 200 64
"GET /admin/modules/patientmodules/3/change/ HTTP/1.1" 200 34054
"GET /admin/jsi18n/ HTTP/1.1" 200 3343
"GET /api/v1/users/1/user/5/ HTTP/1.1" 200 481
"GET /admin/modules/patientmodules/ HTTP/1.1" 200 29423
"GET /admin/modules/patientmodules/2/change/ HTTP/1.1" 200 34037
"GET /admin/jsi18n/ HTTP/1.1" 200 3343
"GET /api/v1/users/1/user/5/ HTTP/1.1" 200 481
"POST /api/v1/clinics/1/patients/5/modules/2/toggle/ HTTP/1.1" 200 64
"GET /admin/modules/patientmodules/2/change/ HTTP/1.1" 200 34037
"GET /admin/jsi18n/ HTTP/1.1" 200 3343
"GET /api/v1/users/1/user/5/ HTTP/1.1" 200 482
"POST /api/v1/clinics/1/patients/5/modules/3/toggle/ HTTP/1.1" 200 64
"GET /admin/modules/patientmodules/2/change/ HTTP/1.1" 200 34045
"GET /admin/jsi18n/ HTTP/1.1" 200 3343
Forbidden: /api/v1/clinics/1/modules/4/toggle/
"POST /api/v1/clinics/1/modules/4/toggle/ HTTP/1.1" 403 66
"POST /api/v1/auth/login/ HTTP/1.1" 200 770
"POST /api/v1/clinics/1/modules/4/toggle/ HTTP/1.1" 200 63
"GET /api/v1/users/1/user/5/ HTTP/1.1" 200 481
"GET /api/v1/users/1/3/ HTTP/1.1" 200 562
Forbidden: /api/v1/medications/patient/3/1/
"GET /api/v1/medications/patient/3/1/ HTTP/1.1" 403 35
"GET /api/v1/users/1/user/5/ HTTP/1.1" 200 481
"GET /api/v1/users/1/user/5/ HTTP/1.1" 200 481
"GET /api/v1/users/1/user/5/ HTTP/1.1" 200 481
"GET /api/v1/users/1/user/5/ HTTP/1.1" 200 481
"GET /api/v1/users/1/user/5/ HTTP/1.1" 200 481
"GET /api/v1/users/1/user/5/ HTTP/1.1" 200 481
"GET /api/v1/users/1/user/5/ HTTP/1.1" 200 481
"GET /api/v1/users/1/user/5/ HTTP/1.1" 200 481
"GET /api/v1/users/1/user/5/ HTTP/1.1" 200 481
"GET /api/v1/users/1/user/5/ HTTP/1.1" 200 481
"GET /api/v1/users/1/user/5/ HTTP/1.1" 200 481
"GET /api/v1/users/1/user/5/ HTTP/1.1" 200 481
"GET /api/v1/users/1/user/5/ HTTP/1.1" 200 481
"GET /api/v1/users/1/user/5/ HTTP/1.1" 200 481
"GET /api/v1/users/1/user/5/ HTTP/1.1" 200 481
"GET /api/v1/users/1/user/5/ HTTP/1.1" 200 481
"GET /api/v1/users/1/user/5/ HTTP/1.1" 200 481
"GET /api/v1/users/1/user/5/ HTTP/1.1" 200 481
Forbidden: /api/v1/medications/patient/3/1/
"GET /api/v1/medications/patient/3/1/ HTTP/1.1" 403 35
"GET /api/v1/users/1/3/ HTTP/1.1" 200 562
Forbidden: /api/v1/medications/patient/3/1/
"GET /api/v1/users/1/3/ HTTP/1.1" 200 562
"GET /api/v1/medications/patient/3/1/ HTTP/1.1" 403 35
Forbidden: /api/v1/medications/patient/3/1/
"GET /api/v1/medications/patient/3/1/ HTTP/1.1" 403 35
"GET /api/v1/users/1/3/ HTTP/1.1" 200 562
Forbidden: /api/v1/medications/patient/3/1/
"GET /api/v1/users/1/3/ HTTP/1.1" 200 562
"GET /api/v1/medications/patient/3/1/ HTTP/1.1" 403 35
"GET /api/v1/users/1/3/ HTTP/1.1" 200 562
Forbidden: /api/v1/medications/patient/3/1/
"GET /api/v1/medications/patient/3/1/ HTTP/1.1" 403 35
"GET /api/v1/users/1/3/ HTTP/1.1" 200 562
Forbidden: /api/v1/medications/patient/3/1/
"GET /api/v1/medications/patient/3/1/ HTTP/1.1" 403 35
Forbidden: /api/v1/medications/patient/3/1/
"GET /api/v1/users/1/3/ HTTP/1.1" 200 562
"GET /api/v1/medications/patient/3/1/ HTTP/1.1" 403 35
Forbidden: /api/v1/medications/patient/3/1/
"GET /api/v1/medications/patient/3/1/ HTTP/1.1" 403 35
"GET /api/v1/users/1/3/ HTTP/1.1" 200 562
"GET /api/v1/users/1/3/ HTTP/1.1" 200 562
Forbidden: /api/v1/medications/patient/3/1/
"GET /api/v1/medications/patient/3/1/ HTTP/1.1" 403 35
"GET /api/v1/users/1/user/5/ HTTP/1.1" 200 481
"GET /api/v1/users/1/user/5/ HTTP/1.1" 200 481
"GET /api/v1/users/1/user/5/ HTTP/1.1" 200 481
"GET /api/v1/users/1/user/5/ HTTP/1.1" 200 481
"GET /api/v1/users/1/user/5/ HTTP/1.1" 200 481
"OPTIONS /api/v1/users/1/user/null/ HTTP/1.1" 200 0
Not Found: /api/v1/users/1/user/null/
"GET /api/v1/users/1/user/null/ HTTP/1.1" 404 25120
Not Found: /api/v1/users/1/user/null/
"GET /api/v1/users/1/user/null/ HTTP/1.1" 404 25120
"GET /api/v1/users/1/user/1/ HTTP/1.1" 200 98
"OPTIONS /api/v1/users/1/user// HTTP/1.1" 200 0
"GET /api/v1/users/1/user/1/ HTTP/1.1" 200 98
Not Found: /api/v1/users/1/user//
"GET /api/v1/users/1/user// HTTP/1.1" 404 25104
Not Found: /api/v1/users/1/user//
"GET /api/v1/users/1/user// HTTP/1.1" 404 25104
Not Found: /api/v1/users/1/user//
"GET /api/v1/users/1/user// HTTP/1.1" 404 25104
Not Found: /api/v1/users/1/user//
"GET /api/v1/users/1/user// HTTP/1.1" 404 25104
"GET /api/v1/users/1/user/5/ HTTP/1.1" 200 481
"GET /api/v1/users/1/user/5/ HTTP/1.1" 200 481
"GET /api/v1/users/1/3/ HTTP/1.1" 200 562
Forbidden: /api/v1/medications/patient/3/1/
"GET /api/v1/medications/patient/3/1/ HTTP/1.1" 403 35
"OPTIONS /api/v1/users/1/user/6/ HTTP/1.1" 200 0
"GET /api/v1/users/1/user/6/ HTTP/1.1" 200 153
Forbidden: /api/v1/medications/patient/3/1/
"GET /api/v1/users/1/3/ HTTP/1.1" 200 562
"GET /api/v1/medications/patient/3/1/ HTTP/1.1" 403 35
"OPTIONS /api/v1/users/1/user/7/ HTTP/1.1" 200 0
"GET /api/v1/users/1/user/7/ HTTP/1.1" 200 153
Forbidden: /api/v1/medications/patient/3/1/
"GET /api/v1/medications/patient/3/1/ HTTP/1.1" 403 35
"GET /api/v1/users/1/3/ HTTP/1.1" 200 562
"GET /api/v1/users/1/user/5/ HTTP/1.1" 200 481
"GET /api/v1/users/1/user/5/ HTTP/1.1" 200 481
"GET /api/v1/users/1/user/5/ HTTP/1.1" 200 481
"GET /api/v1/users/1/user/5/ HTTP/1.1" 200 481
"GET /api/v1/users/1/user/5/ HTTP/1.1" 200 481
"GET /api/v1/users/1/user/5/ HTTP/1.1" 200 481
Forbidden: /api/v1/medications/patient/3/1/
"GET /api/v1/medications/patient/3/1/ HTTP/1.1" 403 35
"OPTIONS /api/v1/users/1/3/ HTTP/1.1" 200 0
"GET /api/v1/users/1/3/ HTTP/1.1" 200 562
"GET /api/v1/users/1/3/ HTTP/1.1" 200 562
Forbidden: /api/v1/medications/patient/3/1/
"GET /api/v1/medications/patient/3/1/ HTTP/1.1" 403 35
Forbidden: /api/v1/medications/patient/3/1/
"GET /api/v1/medications/patient/3/1/ HTTP/1.1" 403 35
"GET /api/v1/users/1/3/ HTTP/1.1" 200 562
"GET /api/v1/users/1/3/ HTTP/1.1" 200 562
Forbidden: /api/v1/medications/patient/3/1/
"GET /api/v1/medications/patient/3/1/ HTTP/1.1" 403 35
"GET /api/v1/users/1/3/ HTTP/1.1" 200 562
Forbidden: /api/v1/medications/patient/3/1/
"GET /api/v1/medications/patient/3/1/ HTTP/1.1" 403 35
Forbidden: /api/v1/medications/patient/3/1/
"GET /api/v1/users/1/3/ HTTP/1.1" 200 562
"GET /api/v1/medications/patient/3/1/ HTTP/1.1" 403 35
"OPTIONS /api/v1/medications/patient/1/5/ HTTP/1.1" 200 0
"GET /api/v1/medications/patient/1/5/ HTTP/1.1" 200 1010
Forbidden: /api/v1/medications/patient/3/1/
"GET /api/v1/users/1/3/ HTTP/1.1" 200 562
"GET /api/v1/medications/patient/3/1/ HTTP/1.1" 403 35
Forbidden: /api/v1/medications/patient/3/1/
"GET /api/v1/users/1/3/ HTTP/1.1" 200 562
"GET /api/v1/medications/patient/3/1/ HTTP/1.1" 403 35
"GET /api/v1/users/1/user/5/ HTTP/1.1" 200 481
"GET /api/v1/users/1/user/5/ HTTP/1.1" 200 481
"GET /api/v1/users/1/user/5/ HTTP/1.1" 200 481
"GET /api/v1/users/1/user/5/ HTTP/1.1" 200 481
"GET /api/v1/users/1/3/ HTTP/1.1" 200 562
Forbidden: /api/v1/medications/patient/3/1/
"GET /api/v1/medications/patient/3/1/ HTTP/1.1" 403 35
"GET /api/v1/users/1/3/ HTTP/1.1" 200 562
"GET /api/v1/users/1/3/ HTTP/1.1" 200 562
"GET /api/v1/users/1/3/ HTTP/1.1" 200 562
"GET /api/v1/users/1/3/ HTTP/1.1" 200 562
"GET /api/v1/users/1/user/5/ HTTP/1.1" 200 481
"GET /api/v1/users/1/3/ HTTP/1.1" 200 562
"GET /api/v1/users/1/3/ HTTP/1.1" 200 562
Forbidden: /api/v1/medications/patient/3/1/
"GET /api/v1/medications/patient/3/1/ HTTP/1.1" 403 35
Forbidden: /api/v1/medications/patient/3/1/
"GET /api/v1/users/1/3/ HTTP/1.1" 200 562
"GET /api/v1/medications/patient/3/1/ HTTP/1.1" 403 35
Forbidden: /api/v1/medications/patient/3/1/
"GET /api/v1/users/1/3/ HTTP/1.1" 200 562
"GET /api/v1/medications/patient/3/1/ HTTP/1.1" 403 35
Unauthorized: /api/v1/medications/patient/3/1/
Unauthorized: /api/v1/users/1/3/
"GET /api/v1/medications/patient/3/1/ HTTP/1.1" 401 58
"GET /api/v1/users/1/3/ HTTP/1.1" 401 58
Unauthorized: /api/v1/users/1/3/
Unauthorized: /api/v1/medications/patient/3/1/
"GET /api/v1/users/1/3/ HTTP/1.1" 401 58
"GET /api/v1/medications/patient/3/1/ HTTP/1.1" 401 58
"OPTIONS /api/v1/auth/login/ HTTP/1.1" 200 0
"POST /api/v1/auth/login/ HTTP/1.1" 200 759
"OPTIONS /api/v1/users/0/0/ HTTP/1.1" 200 0
Not Found: /api/v1/users/0/0/
"GET /api/v1/users/0/0/ HTTP/1.1" 404 27
Forbidden: /api/v1/medications/patient/3/1/
"GET /api/v1/users/1/3/ HTTP/1.1" 200 562
"GET /api/v1/medications/patient/3/1/ HTTP/1.1" 403 35
"OPTIONS /api/v1/users/1/user/5/ HTTP/1.1" 200 0
"GET /api/v1/users/1/user/5/ HTTP/1.1" 200 481
"GET /api/v1/users/1/user/5/ HTTP/1.1" 200 481
"GET /api/v1/users/1/user/5/ HTTP/1.1" 200 481
"GET /api/v1/users/1/3/ HTTP/1.1" 200 562
Forbidden: /api/v1/medications/patient/3/1/
"GET /api/v1/medications/patient/3/1/ HTTP/1.1" 403 35
"GET /api/v1/users/1/user/5/ HTTP/1.1" 200 481
"GET /api/v1/users/1/user/5/ HTTP/1.1" 200 481
"GET /api/v1/users/1/user/5/ HTTP/1.1" 200 481
"GET /api/v1/users/1/user/5/ HTTP/1.1" 200 481
"GET /api/v1/users/1/user/5/ HTTP/1.1" 200 481
"GET /api/v1/users/1/user/5/ HTTP/1.1" 200 481
"GET /api/v1/users/1/user/5/ HTTP/1.1" 200 481
"GET /api/v1/users/1/user/5/ HTTP/1.1" 200 481
"GET /api/v1/users/1/user/5/ HTTP/1.1" 200 481
"GET /api/v1/users/1/user/5/ HTTP/1.1" 200 481
"GET /api/v1/users/1/user/5/ HTTP/1.1" 200 481
"GET /api/v1/users/1/user/5/ HTTP/1.1" 200 481
"GET /api/v1/users/1/user/5/ HTTP/1.1" 200 481
"GET /api/v1/users/1/user/5/ HTTP/1.1" 200 481
"GET /api/v1/users/1/user/5/ HTTP/1.1" 200 481
Watching for file changes with StatReloader
"GET /admin/ HTTP/1.1" 200 33363
Not Found: /favicon.ico
"GET /favicon.ico HTTP/1.1" 404 25050
"GET /admin/modules/modules/ HTTP/1.1" 200 30103
"GET /admin/jsi18n/ HTTP/1.1" 200 3343
"GET /admin/modules/modules/7/change/ HTTP/1.1" 200 29420
"GET /admin/jsi18n/ HTTP/1.1" 200 3343
"GET /admin/modules/modules/ HTTP/1.1" 200 30102
"GET /admin/modules/modules/6/change/ HTTP/1.1" 200 29365
"GET /admin/jsi18n/ HTTP/1.1" 200 3343
"GET /admin/modules/modules/ HTTP/1.1" 200 30102
"GET /admin/modules/modules/5/change/ HTTP/1.1" 200 29398
"GET /admin/jsi18n/ HTTP/1.1" 200 3343
"GET /admin/modules/modules/ HTTP/1.1" 200 30102
"GET /admin/modules/modules/4/change/ HTTP/1.1" 200 29378
"GET /admin/jsi18n/ HTTP/1.1" 200 3343
"GET /admin/modules/modules/ HTTP/1.1" 200 30102
"GET /admin/modules/modules/3/change/ HTTP/1.1" 200 29416
"GET /admin/jsi18n/ HTTP/1.1" 200 3343
"GET /admin/modules/modules/ HTTP/1.1" 200 30102
"GET /admin/modules/modules/2/change/ HTTP/1.1" 200 29431
"GET /admin/jsi18n/ HTTP/1.1" 200 3343
"GET /admin/modules/modules/ HTTP/1.1" 200 30102
"GET /admin/modules/modules/1/change/ HTTP/1.1" 200 29411
"GET /admin/jsi18n/ HTTP/1.1" 200 3343
"GET /admin/modules/patientmodules/ HTTP/1.1" 200 29423
"GET /admin/jsi18n/ HTTP/1.1" 200 3343
"GET /admin/modules/clinicmodules/ HTTP/1.1" 200 29818
"GET /admin/jsi18n/ HTTP/1.1" 200 3343
"GET /admin/modules/patientmodules/ HTTP/1.1" 200 29422
"GET /admin/jsi18n/ HTTP/1.1" 200 3343
Watching for file changes with StatReloader
Watching for file changes with StatReloader
Watching for file changes with StatReloader
"OPTIONS /api/v1/auth/login/ HTTP/1.1" 200 0
Invalid HTTP_HOST header: '969ba16864db.ngrok-free.app'. You may need to add '969ba16864db.ngrok-free.app' to ALLOWED_HOSTS.
Traceback (most recent call last):
  File "C:\Users\User\OneDrive\Desktop\computer_science\work\GenericWeb\backend\venv\Lib\site-packages\django\core\handlers\exception.py", line 55, in inner
    response = get_response(request)
               ^^^^^^^^^^^^^^^^^^^^^
  File "C:\Users\User\OneDrive\Desktop\computer_science\work\GenericWeb\backend\venv\Lib\site-packages\django\utils\deprecation.py", line 133, in __call__
    response = self.process_request(request)
               ^^^^^^^^^^^^^^^^^^^^^^^^^^^^^
  File "C:\Users\User\OneDrive\Desktop\computer_science\work\GenericWeb\backend\venv\Lib\site-packages\django\middleware\common.py", line 48, in process_request
    host = request.get_host()
           ^^^^^^^^^^^^^^^^^^
  File "C:\Users\User\OneDrive\Desktop\computer_science\work\GenericWeb\backend\venv\Lib\site-packages\django\http\request.py", line 167, in get_host
    raise DisallowedHost(msg)
django.core.exceptions.DisallowedHost: Invalid HTTP_HOST header: '969ba16864db.ngrok-free.app'. You may need to add '969ba16864db.ngrok-free.app' to ALLOWED_HOSTS.
Bad Request: /api/v1/auth/login/
"POST /api/v1/auth/login/ HTTP/1.1" 400 83385
Invalid HTTP_HOST header: '969ba16864db.ngrok-free.app'. You may need to add '969ba16864db.ngrok-free.app' to ALLOWED_HOSTS.
Traceback (most recent call last):
  File "C:\Users\User\OneDrive\Desktop\computer_science\work\GenericWeb\backend\venv\Lib\site-packages\django\core\handlers\exception.py", line 55, in inner
    response = get_response(request)
               ^^^^^^^^^^^^^^^^^^^^^
  File "C:\Users\User\OneDrive\Desktop\computer_science\work\GenericWeb\backend\venv\Lib\site-packages\django\utils\deprecation.py", line 133, in __call__
    response = self.process_request(request)
               ^^^^^^^^^^^^^^^^^^^^^^^^^^^^^
  File "C:\Users\User\OneDrive\Desktop\computer_science\work\GenericWeb\backend\venv\Lib\site-packages\django\middleware\common.py", line 48, in process_request
    host = request.get_host()
           ^^^^^^^^^^^^^^^^^^
  File "C:\Users\User\OneDrive\Desktop\computer_science\work\GenericWeb\backend\venv\Lib\site-packages\django\http\request.py", line 167, in get_host
    raise DisallowedHost(msg)
django.core.exceptions.DisallowedHost: Invalid HTTP_HOST header: '969ba16864db.ngrok-free.app'. You may need to add '969ba16864db.ngrok-free.app' to ALLOWED_HOSTS.
Bad Request: /api/v1/auth/login/
"POST /api/v1/auth/login/ HTTP/1.1" 400 83385
Watching for file changes with StatReloader
"POST /api/v1/auth/login/ HTTP/1.1" 200 759
"OPTIONS /api/v1/users/0/0/ HTTP/1.1" 200 0
Not Found: /api/v1/users/0/0/
"GET /api/v1/users/0/0/ HTTP/1.1" 404 27
"OPTIONS /api/v1/medications/patient/3/1/ HTTP/1.1" 200 0
"OPTIONS /api/v1/users/1/3/ HTTP/1.1" 200 0
Forbidden: /api/v1/medications/patient/3/1/
"GET /api/v1/medications/patient/3/1/ HTTP/1.1" 403 35
"GET /api/v1/users/1/3/ HTTP/1.1" 200 562
"OPTIONS /api/v1/users/1/user/5/ HTTP/1.1" 200 0
"GET /api/v1/users/1/user/5/ HTTP/1.1" 200 481
Forbidden: /api/v1/medications/patient/3/1/
"GET /api/v1/medications/patient/3/1/ HTTP/1.1" 403 35
"GET /api/v1/users/1/3/ HTTP/1.1" 200 562
"OPTIONS /api/v1/users/1/user/6/ HTTP/1.1" 200 0
"GET /api/v1/users/1/user/6/ HTTP/1.1" 200 153
"GET /api/v1/users/1/user/6/ HTTP/1.1" 200 153
Forbidden: /api/v1/medications/patient/3/1/
"GET /api/v1/medications/patient/3/1/ HTTP/1.1" 403 35
"GET /api/v1/users/1/3/ HTTP/1.1" 200 562
Forbidden: /api/v1/medications/patient/3/1/
"GET /api/v1/medications/patient/3/1/ HTTP/1.1" 403 35
"GET /api/v1/users/1/3/ HTTP/1.1" 200 562
"GET /api/v1/users/1/user/5/ HTTP/1.1" 200 481
Forbidden: /api/v1/medications/patient/3/1/
"GET /api/v1/medications/patient/3/1/ HTTP/1.1" 403 35
"GET /api/v1/users/1/3/ HTTP/1.1" 200 562
"OPTIONS /api/v1/users/1/user/11/ HTTP/1.1" 200 0
"GET /api/v1/users/1/user/11/ HTTP/1.1" 200 153
Forbidden: /api/v1/medications/patient/3/1/
"GET /api/v1/users/1/3/ HTTP/1.1" 200 562
"GET /api/v1/medications/patient/3/1/ HTTP/1.1" 403 35
"GET /api/v1/users/1/user/6/ HTTP/1.1" 200 153
Forbidden: /api/v1/medications/patient/3/1/
"GET /api/v1/users/1/3/ HTTP/1.1" 200 562
"GET /api/v1/medications/patient/3/1/ HTTP/1.1" 403 35
"GET /api/v1/users/1/user/5/ HTTP/1.1" 200 481
Forbidden: /api/v1/medications/patient/3/1/
"GET /api/v1/medications/patient/3/1/ HTTP/1.1" 403 35
"GET /api/v1/users/1/3/ HTTP/1.1" 200 562
"OPTIONS /api/v1/medications/patient/1/5/ HTTP/1.1" 200 0
"GET /api/v1/medications/patient/1/5/ HTTP/1.1" 200 1010
Forbidden: /api/v1/medications/patient/3/1/
"GET /api/v1/medications/patient/3/1/ HTTP/1.1" 403 35
"GET /api/v1/users/1/3/ HTTP/1.1" 200 562
"GET /api/v1/medications/patient/1/5/ HTTP/1.1" 200 1010
Forbidden: /api/v1/medications/patient/3/1/
"GET /api/v1/users/1/3/ HTTP/1.1" 200 562
"GET /api/v1/medications/patient/3/1/ HTTP/1.1" 403 35
C:\Users\User\OneDrive\Desktop\computer_science\work\GenericWeb\backend\generic3\api\urls.py changed, reloading.
Watching for file changes with StatReloader
C:\Users\User\OneDrive\Desktop\computer_science\work\GenericWeb\backend\generic3\api\views.py changed, reloading.
Watching for file changes with StatReloader
C:\Users\User\OneDrive\Desktop\computer_science\work\GenericWeb\backend\generic3\api\views.py changed, reloading.
Watching for file changes with StatReloader
C:\Users\User\OneDrive\Desktop\computer_science\work\GenericWeb\backend\generic3\api\views.py changed, reloading.
Watching for file changes with StatReloader
C:\Users\User\OneDrive\Desktop\computer_science\work\GenericWeb\backend\generic3\api\views.py changed, reloading.
Watching for file changes with StatReloader
C:\Users\User\OneDrive\Desktop\computer_science\work\GenericWeb\backend\generic3\api\views.py changed, reloading.
Watching for file changes with StatReloader
C:\Users\User\OneDrive\Desktop\computer_science\work\GenericWeb\backend\generic3\api\urls.py changed, reloading.
Watching for file changes with StatReloader
C:\Users\User\OneDrive\Desktop\computer_science\work\GenericWeb\backend\generic3\api\views.py changed, reloading.
Watching for file changes with StatReloader
C:\Users\User\OneDrive\Desktop\computer_science\work\GenericWeb\backend\generic3\api\urls.py changed, reloading.
Watching for file changes with StatReloader
C:\Users\User\OneDrive\Desktop\computer_science\work\GenericWeb\backend\generic3\api\views.py changed, reloading.
Watching for file changes with StatReloader
C:\Users\User\OneDrive\Desktop\computer_science\work\GenericWeb\backend\generic3\api\views.py changed, reloading.
Watching for file changes with StatReloader
C:\Users\User\OneDrive\Desktop\computer_science\work\GenericWeb\backend\generic3\api\views.py changed, reloading.
Watching for file changes with StatReloader
C:\Users\User\OneDrive\Desktop\computer_science\work\GenericWeb\backend\generic3\api\urls.py changed, reloading.
Watching for file changes with StatReloader
C:\Users\User\OneDrive\Desktop\computer_science\work\GenericWeb\backend\generic3\api\views.py changed, reloading.
Watching for file changes with StatReloader
C:\Users\User\OneDrive\Desktop\computer_science\work\GenericWeb\backend\generic3\api\urls.py changed, reloading.
Watching for file changes with StatReloader
"GET /admin/ HTTP/1.1" 200 33363
"GET /static/admin/css/base.css HTTP/1.1" 304 0
"GET /static/admin/css/dark_mode.css HTTP/1.1" 304 0
"GET /static/admin/css/nav_sidebar.css HTTP/1.1" 304 0
"GET /static/admin/css/responsive.css HTTP/1.1" 304 0
"GET /static/admin/css/dashboard.css HTTP/1.1" 304 0
"GET /static/debug_toolbar/css/toolbar.css HTTP/1.1" 304 0
"GET /static/debug_toolbar/js/toolbar.js HTTP/1.1" 304 0
"GET /static/admin/js/theme.js HTTP/1.1" 304 0
"GET /static/admin/js/nav_sidebar.js HTTP/1.1" 304 0
"GET /static/debug_toolbar/css/print.css HTTP/1.1" 304 0
"GET /static/admin/img/icon-changelink.svg HTTP/1.1" 304 0
"GET /static/admin/img/icon-addlink.svg HTTP/1.1" 304 0
"GET /static/admin/img/icon-deletelink.svg HTTP/1.1" 304 0
"GET /static/debug_toolbar/js/utils.js HTTP/1.1" 304 0
Not Found: /favicon.ico
"GET /favicon.ico HTTP/1.1" 404 25440
C:\Users\User\OneDrive\Desktop\computer_science\work\GenericWeb\backend\generic3\generic3\utils.py changed, reloading.
Watching for file changes with StatReloader
C:\Users\User\OneDrive\Desktop\computer_science\work\GenericWeb\backend\generic3\generic3\utils.py changed, reloading.
Watching for file changes with StatReloader
C:\Users\User\OneDrive\Desktop\computer_science\work\GenericWeb\backend\generic3\api\views.py changed, reloading.
Watching for file changes with StatReloader
C:\Users\User\OneDrive\Desktop\computer_science\work\GenericWeb\backend\generic3\api\views.py changed, reloading.
Watching for file changes with StatReloader
C:\Users\User\OneDrive\Desktop\computer_science\work\GenericWeb\backend\generic3\api\views.py changed, reloading.
Watching for file changes with StatReloader
C:\Users\User\OneDrive\Desktop\computer_science\work\GenericWeb\backend\generic3\api\views.py changed, reloading.
Watching for file changes with StatReloader
C:\Users\User\OneDrive\Desktop\computer_science\work\GenericWeb\backend\generic3\api\views.py changed, reloading.
Watching for file changes with StatReloader
C:\Users\User\OneDrive\Desktop\computer_science\work\GenericWeb\backend\generic3\api\views.py changed, reloading.
Watching for file changes with StatReloader
C:\Users\User\OneDrive\Desktop\computer_science\work\GenericWeb\backend\generic3\api\views.py changed, reloading.
Watching for file changes with StatReloader
C:\Users\User\OneDrive\Desktop\computer_science\work\GenericWeb\backend\generic3\api\views.py changed, reloading.
Watching for file changes with StatReloader
C:\Users\User\OneDrive\Desktop\computer_science\work\GenericWeb\backend\generic3\api\views.py changed, reloading.
Watching for file changes with StatReloader
C:\Users\User\OneDrive\Desktop\computer_science\work\GenericWeb\backend\generic3\api\views.py changed, reloading.
Watching for file changes with StatReloader
C:\Users\User\OneDrive\Desktop\computer_science\work\GenericWeb\backend\generic3\api\views.py changed, reloading.
Watching for file changes with StatReloader
C:\Users\User\OneDrive\Desktop\computer_science\work\GenericWeb\backend\generic3\api\views.py changed, reloading.
Watching for file changes with StatReloader
C:\Users\User\OneDrive\Desktop\computer_science\work\GenericWeb\backend\generic3\generic3\utils.py changed, reloading.
Watching for file changes with StatReloader
C:\Users\User\OneDrive\Desktop\computer_science\work\GenericWeb\backend\generic3\generic3\utils.py changed, reloading.
Watching for file changes with StatReloader
C:\Users\User\OneDrive\Desktop\computer_science\work\GenericWeb\backend\generic3\generic3\utils.py changed, reloading.
Watching for file changes with StatReloader
C:\Users\User\OneDrive\Desktop\computer_science\work\GenericWeb\backend\generic3\api\views.py changed, reloading.
Watching for file changes with StatReloader
C:\Users\User\OneDrive\Desktop\computer_science\work\GenericWeb\backend\generic3\generic3\utils.py changed, reloading.
Watching for file changes with StatReloader
C:\Users\User\OneDrive\Desktop\computer_science\work\GenericWeb\backend\generic3\generic3\utils.py changed, reloading.
Watching for file changes with StatReloader
C:\Users\User\OneDrive\Desktop\computer_science\work\GenericWeb\backend\generic3\generic3\utils.py changed, reloading.
Watching for file changes with StatReloader
C:\Users\User\OneDrive\Desktop\computer_science\work\GenericWeb\backend\generic3\api\views.py changed, reloading.
Watching for file changes with StatReloader
C:\Users\User\OneDrive\Desktop\computer_science\work\GenericWeb\backend\generic3\api\views.py changed, reloading.
Watching for file changes with StatReloader
C:\Users\User\OneDrive\Desktop\computer_science\work\GenericWeb\backend\generic3\api\views.py changed, reloading.
Watching for file changes with StatReloader
C:\Users\User\OneDrive\Desktop\computer_science\work\GenericWeb\backend\generic3\api\views.py changed, reloading.
Watching for file changes with StatReloader
C:\Users\User\OneDrive\Desktop\computer_science\work\GenericWeb\backend\generic3\api\views.py changed, reloading.
Watching for file changes with StatReloader
C:\Users\User\OneDrive\Desktop\computer_science\work\GenericWeb\backend\generic3\api\views.py changed, reloading.
Watching for file changes with StatReloader
C:\Users\User\OneDrive\Desktop\computer_science\work\GenericWeb\backend\generic3\generic3\utils.py changed, reloading.
Watching for file changes with StatReloader
C:\Users\User\OneDrive\Desktop\computer_science\work\GenericWeb\backend\generic3\generic3\utils.py changed, reloading.
Watching for file changes with StatReloader
C:\Users\User\OneDrive\Desktop\computer_science\work\GenericWeb\backend\generic3\generic3\utils.py changed, reloading.
Watching for file changes with StatReloader
C:\Users\User\OneDrive\Desktop\computer_science\work\GenericWeb\backend\generic3\api\views.py changed, reloading.
Watching for file changes with StatReloader
C:\Users\User\OneDrive\Desktop\computer_science\work\GenericWeb\backend\generic3\api\views.py changed, reloading.
Watching for file changes with StatReloader
C:\Users\User\OneDrive\Desktop\computer_science\work\GenericWeb\backend\generic3\api\views.py changed, reloading.
Watching for file changes with StatReloader
C:\Users\User\OneDrive\Desktop\computer_science\work\GenericWeb\backend\generic3\api\views.py changed, reloading.
Watching for file changes with StatReloader
C:\Users\User\OneDrive\Desktop\computer_science\work\GenericWeb\backend\generic3\api\views.py changed, reloading.
Watching for file changes with StatReloader
C:\Users\User\OneDrive\Desktop\computer_science\work\GenericWeb\backend\generic3\api\views.py changed, reloading.
Watching for file changes with StatReloader
C:\Users\User\OneDrive\Desktop\computer_science\work\GenericWeb\backend\generic3\api\urls.py changed, reloading.
Watching for file changes with StatReloader
C:\Users\User\OneDrive\Desktop\computer_science\work\GenericWeb\backend\generic3\api\views.py changed, reloading.
Watching for file changes with StatReloader
"OPTIONS /api/v1/auth/login/ HTTP/1.1" 200 0
Unauthorized: /api/v1/auth/login/
"POST /api/v1/auth/login/ HTTP/1.1" 401 32
"POST /api/v1/auth/login/ HTTP/1.1" 200 759
"OPTIONS /api/v1/users/0/0/ HTTP/1.1" 200 0
Not Found: /api/v1/users/0/0/
"GET /api/v1/users/0/0/ HTTP/1.1" 404 27
"OPTIONS /api/v1/users/1/3/ HTTP/1.1" 200 0
"OPTIONS /api/v1/medications/patient/3/1/ HTTP/1.1" 200 0
"GET /api/v1/users/1/3/ HTTP/1.1" 200 562
Forbidden: /api/v1/medications/patient/3/1/
"GET /api/v1/medications/patient/3/1/ HTTP/1.1" 403 35
"GET /api/v1/users/1/3/ HTTP/1.1" 200 562
Forbidden: /api/v1/medications/patient/3/1/
"GET /api/v1/medications/patient/3/1/ HTTP/1.1" 403 35
"GET /api/v1/users/1/3/ HTTP/1.1" 200 562
"OPTIONS /api/v1/users/1/user/5/ HTTP/1.1" 200 0
"GET /api/v1/users/1/user/5/ HTTP/1.1" 200 481
"GET /api/v1/users/1/3/ HTTP/1.1" 200 562
Forbidden: /api/v1/medications/patient/3/1/
"GET /api/v1/medications/patient/3/1/ HTTP/1.1" 403 35
"GET /api/v1/users/1/3/ HTTP/1.1" 200 562
"GET /api/v1/users/1/3/ HTTP/1.1" 200 562
"GET /api/v1/users/1/user/5/ HTTP/1.1" 200 481
Forbidden: /api/v1/medications/patient/3/1/
"GET /api/v1/medications/patient/3/1/ HTTP/1.1" 403 35
"GET /api/v1/users/1/3/ HTTP/1.1" 200 562
"GET /api/v1/users/1/user/5/ HTTP/1.1" 200 481
"GET /api/v1/users/1/3/ HTTP/1.1" 200 562
Forbidden: /api/v1/medications/patient/3/1/
"GET /api/v1/medications/patient/3/1/ HTTP/1.1" 403 35
"GET /api/v1/users/1/3/ HTTP/1.1" 200 562
"OPTIONS /api/v1/api/v1/users/1/add/ HTTP/1.1" 200 0
Not Found: /api/v1/api/v1/users/1/add/
"POST /api/v1/api/v1/users/1/add/ HTTP/1.1" 404 25709
"GET /api/v1/users/1/3/ HTTP/1.1" 200 562
Forbidden: /api/v1/medications/patient/3/1/
"GET /api/v1/medications/patient/3/1/ HTTP/1.1" 403 35
"GET /api/v1/users/1/3/ HTTP/1.1" 200 562
Forbidden: /api/v1/medications/patient/3/1/
"GET /api/v1/medications/patient/3/1/ HTTP/1.1" 403 35
"GET /api/v1/users/1/3/ HTTP/1.1" 200 562
C:\Users\User\OneDrive\Desktop\computer_science\work\GenericWeb\backend\generic3\generic3\auth.py changed, reloading.
Watching for file changes with StatReloader
"OPTIONS /api/v1/users/1/add/ HTTP/1.1" 200 0
Internal Server Error: /api/v1/users/1/add/
Traceback (most recent call last):
  File "C:\Users\User\OneDrive\Desktop\computer_science\work\GenericWeb\backend\venv\Lib\site-packages\django\core\handlers\exception.py", line 55, in inner
    response = get_response(request)
               ^^^^^^^^^^^^^^^^^^^^^
  File "C:\Users\User\OneDrive\Desktop\computer_science\work\GenericWeb\backend\venv\Lib\site-packages\django\core\handlers\base.py", line 197, in _get_response
    response = wrapped_callback(request, *callback_args, **callback_kwargs)
               ^^^^^^^^^^^^^^^^^^^^^^^^^^^^^^^^^^^^^^^^^^^^^^^^^^^^^^^^^^^^
  File "C:\Users\User\OneDrive\Desktop\computer_science\work\GenericWeb\backend\venv\Lib\site-packages\django\views\decorators\csrf.py", line 56, in wrapper_view
    return view_func(*args, **kwargs)
           ^^^^^^^^^^^^^^^^^^^^^^^^^^
  File "C:\Users\User\OneDrive\Desktop\computer_science\work\GenericWeb\backend\venv\Lib\site-packages\django\views\generic\base.py", line 104, in view
    return self.dispatch(request, *args, **kwargs)
           ^^^^^^^^^^^^^^^^^^^^^^^^^^^^^^^^^^^^^^^
  File "C:\Users\User\OneDrive\Desktop\computer_science\work\GenericWeb\backend\venv\Lib\site-packages\rest_framework\views.py", line 509, in dispatch
    response = self.handle_exception(exc)
               ^^^^^^^^^^^^^^^^^^^^^^^^^^
  File "C:\Users\User\OneDrive\Desktop\computer_science\work\GenericWeb\backend\venv\Lib\site-packages\rest_framework\views.py", line 469, in handle_exception
    self.raise_uncaught_exception(exc)
  File "C:\Users\User\OneDrive\Desktop\computer_science\work\GenericWeb\backend\venv\Lib\site-packages\rest_framework\views.py", line 480, in raise_uncaught_exception
    raise exc
  File "C:\Users\User\OneDrive\Desktop\computer_science\work\GenericWeb\backend\venv\Lib\site-packages\rest_framework\views.py", line 506, in dispatch
    response = handler(request, *args, **kwargs)
               ^^^^^^^^^^^^^^^^^^^^^^^^^^^^^^^^^
  File "C:\Users\User\OneDrive\Desktop\computer_science\work\GenericWeb\backend\venv\Lib\site-packages\rest_framework\decorators.py", line 50, in handler
    return func(*args, **kwargs)
           ^^^^^^^^^^^^^^^^^^^^^
  File "C:\Users\User\OneDrive\Desktop\computer_science\work\GenericWeb\backend\generic3\users\views.py", line 185, in add_user
    PatientModules.objects.get_or_create(patient=patient, clinic=clinic, module=module)
  File "C:\Users\User\OneDrive\Desktop\computer_science\work\GenericWeb\backend\venv\Lib\site-packages\django\db\models\manager.py", line 87, in manager_method
    return getattr(self.get_queryset(), name)(*args, **kwargs)
           ^^^^^^^^^^^^^^^^^^^^^^^^^^^^^^^^^^^^^^^^^^^^^^^^^^^
  File "C:\Users\User\OneDrive\Desktop\computer_science\work\GenericWeb\backend\venv\Lib\site-packages\django\db\models\query.py", line 916, in get_or_create
    return self.get(**kwargs), False
           ^^^^^^^^^^^^^^^^^^
  File "C:\Users\User\OneDrive\Desktop\computer_science\work\GenericWeb\backend\venv\Lib\site-packages\django\db\models\query.py", line 623, in get
    clone = self._chain() if self.query.combinator else self.filter(*args, **kwargs)
                                                        ^^^^^^^^^^^^^^^^^^^^^^^^^^^^
  File "C:\Users\User\OneDrive\Desktop\computer_science\work\GenericWeb\backend\venv\Lib\site-packages\django\db\models\query.py", line 1436, in filter
    return self._filter_or_exclude(False, args, kwargs)
           ^^^^^^^^^^^^^^^^^^^^^^^^^^^^^^^^^^^^^^^^^^^^
  File "C:\Users\User\OneDrive\Desktop\computer_science\work\GenericWeb\backend\venv\Lib\site-packages\django\db\models\query.py", line 1454, in _filter_or_exclude
    clone._filter_or_exclude_inplace(negate, args, kwargs)
  File "C:\Users\User\OneDrive\Desktop\computer_science\work\GenericWeb\backend\venv\Lib\site-packages\django\db\models\query.py", line 1461, in _filter_or_exclude_inplace
    self._query.add_q(Q(*args, **kwargs))
  File "C:\Users\User\OneDrive\Desktop\computer_science\work\GenericWeb\backend\venv\Lib\site-packages\django\db\models\sql\query.py", line 1498, in add_q
    clause, _ = self._add_q(q_object, self.used_aliases)
                ^^^^^^^^^^^^^^^^^^^^^^^^^^^^^^^^^^^^^^^^
  File "C:\Users\User\OneDrive\Desktop\computer_science\work\GenericWeb\backend\venv\Lib\site-packages\django\db\models\sql\query.py", line 1529, in _add_q
    child_clause, needed_inner = self.build_filter(
                                 ^^^^^^^^^^^^^^^^^^
  File "C:\Users\User\OneDrive\Desktop\computer_science\work\GenericWeb\backend\venv\Lib\site-packages\django\db\models\sql\query.py", line 1417, in build_filter
    self.check_related_objects(join_info.final_field, value, join_info.opts)
  File "C:\Users\User\OneDrive\Desktop\computer_science\work\GenericWeb\backend\venv\Lib\site-packages\django\db\models\sql\query.py", line 1228, in check_related_objects
    self.check_query_object_type(value, opts, field)
  File "C:\Users\User\OneDrive\Desktop\computer_science\work\GenericWeb\backend\venv\Lib\site-packages\django\db\models\sql\query.py", line 1205, in check_query_object_type
    raise ValueError(
ValueError: Cannot query "clinic1-Activities": Must be "Modules" instance.
"POST /api/v1/users/1/add/ HTTP/1.1" 500 180724
C:\Users\User\OneDrive\Desktop\computer_science\work\GenericWeb\backend\generic3\users\views.py changed, reloading.
Watching for file changes with StatReloader
Internal Server Error: /api/v1/users/1/add/
Traceback (most recent call last):
  File "C:\Users\User\OneDrive\Desktop\computer_science\work\GenericWeb\backend\venv\Lib\site-packages\django\db\models\query.py", line 916, in get_or_create
    return self.get(**kwargs), False
           ^^^^^^^^^^^^^^^^^^
  File "C:\Users\User\OneDrive\Desktop\computer_science\work\GenericWeb\backend\venv\Lib\site-packages\django\db\models\query.py", line 637, in get
    raise self.model.DoesNotExist(
modules.models.PatientModules.DoesNotExist: PatientModules matching query does not exist.

During handling of the above exception, another exception occurred:

Traceback (most recent call last):
  File "C:\Users\User\OneDrive\Desktop\computer_science\work\GenericWeb\backend\venv\Lib\site-packages\django\core\handlers\exception.py", line 55, in inner
    response = get_response(request)
               ^^^^^^^^^^^^^^^^^^^^^
  File "C:\Users\User\OneDrive\Desktop\computer_science\work\GenericWeb\backend\venv\Lib\site-packages\django\core\handlers\base.py", line 197, in _get_response
    response = wrapped_callback(request, *callback_args, **callback_kwargs)
               ^^^^^^^^^^^^^^^^^^^^^^^^^^^^^^^^^^^^^^^^^^^^^^^^^^^^^^^^^^^^
  File "C:\Users\User\OneDrive\Desktop\computer_science\work\GenericWeb\backend\venv\Lib\site-packages\django\views\decorators\csrf.py", line 56, in wrapper_view
    return view_func(*args, **kwargs)
           ^^^^^^^^^^^^^^^^^^^^^^^^^^
  File "C:\Users\User\OneDrive\Desktop\computer_science\work\GenericWeb\backend\venv\Lib\site-packages\django\views\generic\base.py", line 104, in view
    return self.dispatch(request, *args, **kwargs)
           ^^^^^^^^^^^^^^^^^^^^^^^^^^^^^^^^^^^^^^^
  File "C:\Users\User\OneDrive\Desktop\computer_science\work\GenericWeb\backend\venv\Lib\site-packages\rest_framework\views.py", line 509, in dispatch
    response = self.handle_exception(exc)
               ^^^^^^^^^^^^^^^^^^^^^^^^^^
  File "C:\Users\User\OneDrive\Desktop\computer_science\work\GenericWeb\backend\venv\Lib\site-packages\rest_framework\views.py", line 469, in handle_exception
    self.raise_uncaught_exception(exc)
  File "C:\Users\User\OneDrive\Desktop\computer_science\work\GenericWeb\backend\venv\Lib\site-packages\rest_framework\views.py", line 480, in raise_uncaught_exception
    raise exc
  File "C:\Users\User\OneDrive\Desktop\computer_science\work\GenericWeb\backend\venv\Lib\site-packages\rest_framework\views.py", line 506, in dispatch
    response = handler(request, *args, **kwargs)
               ^^^^^^^^^^^^^^^^^^^^^^^^^^^^^^^^^
  File "C:\Users\User\OneDrive\Desktop\computer_science\work\GenericWeb\backend\venv\Lib\site-packages\rest_framework\decorators.py", line 50, in handler
    return func(*args, **kwargs)
           ^^^^^^^^^^^^^^^^^^^^^
  File "C:\Users\User\OneDrive\Desktop\computer_science\work\GenericWeb\backend\generic3\users\views.py", line 185, in add_user
    PatientModules.objects.get_or_create(patient=patient, clinic=clinic, module=module)
  File "C:\Users\User\OneDrive\Desktop\computer_science\work\GenericWeb\backend\venv\Lib\site-packages\django\db\models\manager.py", line 87, in manager_method
    return getattr(self.get_queryset(), name)(*args, **kwargs)
           ^^^^^^^^^^^^^^^^^^^^^^^^^^^^^^^^^^^^^^^^^^^^^^^^^^^
  File "C:\Users\User\OneDrive\Desktop\computer_science\work\GenericWeb\backend\venv\Lib\site-packages\django\db\models\query.py", line 923, in get_or_create
    return self.create(**params), True
           ^^^^^^^^^^^^^^^^^^^^^
  File "C:\Users\User\OneDrive\Desktop\computer_science\work\GenericWeb\backend\venv\Lib\site-packages\django\db\models\query.py", line 656, in create
    obj = self.model(**kwargs)
          ^^^^^^^^^^^^^^^^^^^^
  File "C:\Users\User\OneDrive\Desktop\computer_science\work\GenericWeb\backend\venv\Lib\site-packages\django\db\models\base.py", line 543, in __init__
    _setattr(self, field.name, rel_obj)
  File "C:\Users\User\OneDrive\Desktop\computer_science\work\GenericWeb\backend\venv\Lib\site-packages\django\db\models\fields\related_descriptors.py", line 266, in __set__
    raise ValueError(
ValueError: Cannot assign "1": "PatientModules.module" must be a "Modules" instance.
"POST /api/v1/users/1/add/ HTTP/1.1" 500 157017
C:\Users\User\OneDrive\Desktop\computer_science\work\GenericWeb\backend\generic3\users\views.py changed, reloading.
Watching for file changes with StatReloader
"POST /api/v1/users/1/add/ HTTP/1.1" 201 46
"GET /api/v1/users/1/3/ HTTP/1.1" 200 696
Forbidden: /api/v1/medications/patient/3/1/
"GET /api/v1/medications/patient/3/1/ HTTP/1.1" 403 35
"POST /api/v1/auth/login/ HTTP/1.1" 200 759
Not Found: /api/v1/users/0/0/
"GET /api/v1/users/0/0/ HTTP/1.1" 404 27
Forbidden: /api/v1/medications/patient/3/1/
"GET /api/v1/users/1/3/ HTTP/1.1" 200 696
"GET /api/v1/medications/patient/3/1/ HTTP/1.1" 403 35
"OPTIONS /api/v1/users/1/user/12/ HTTP/1.1" 200 0
"GET /api/v1/users/1/user/12/ HTTP/1.1" 200 651
"GET /admin/ HTTP/1.1" 200 33363
Not Found: /favicon.ico
"GET /favicon.ico HTTP/1.1" 404 25634
"GET /admin/clinics/clinic/ HTTP/1.1" 200 29234
"GET /static/admin/css/changelists.css HTTP/1.1" 304 0
"GET /static/admin/js/vendor/jquery/jquery.js HTTP/1.1" 304 0
"GET /static/admin/js/jquery.init.js HTTP/1.1" 304 0
"GET /static/admin/js/admin/RelatedObjectLookups.js HTTP/1.1" 304 0
"GET /static/admin/js/core.js HTTP/1.1" 304 0
"GET /static/admin/js/actions.js HTTP/1.1" 304 0
"GET /static/admin/js/urlify.js HTTP/1.1" 304 0
"GET /static/admin/js/prepopulate.js HTTP/1.1" 304 0
"GET /static/admin/js/vendor/xregexp/xregexp.js HTTP/1.1" 304 0
"GET /static/admin/js/filters.js HTTP/1.1" 304 0
"GET /admin/jsi18n/ HTTP/1.1" 200 3343
"GET /static/admin/img/tooltag-add.svg HTTP/1.1" 304 0
"GET /admin/clinics/clinic/2/change/ HTTP/1.1" 200 30689
"GET /static/admin/css/forms.css HTTP/1.1" 304 0
"GET /static/admin/js/prepopulate_init.js HTTP/1.1" 304 0
"GET /static/admin/css/widgets.css HTTP/1.1" 304 0
"GET /static/admin/js/change_form.js HTTP/1.1" 304 0
"GET /admin/jsi18n/ HTTP/1.1" 200 3343
Forbidden: /api/v1/medications/patient/3/1/
"GET /api/v1/users/1/3/ HTTP/1.1" 200 696
"GET /api/v1/medications/patient/3/1/ HTTP/1.1" 403 35
"POST /admin/clinics/clinic/2/change/ HTTP/1.1" 302 0
"GET /admin/clinics/clinic/ HTTP/1.1" 200 29436
"GET /admin/jsi18n/ HTTP/1.1" 200 3343
"GET /static/admin/img/icon-yes.svg HTTP/1.1" 304 0
"GET /admin/clinics/clinic/2/change/ HTTP/1.1" 200 30680
"GET /admin/jsi18n/ HTTP/1.1" 200 3343
"GET /admin/clinics/clinic/ HTTP/1.1" 200 29234
"GET /admin/clinics/managerclinic/ HTTP/1.1" 200 29420
"GET /admin/jsi18n/ HTTP/1.1" 200 3343
"GET /admin/clinics/managerclinic/2/change/ HTTP/1.1" 200 31671
"GET /static/admin/img/icon-viewlink.svg HTTP/1.1" 304 0
"GET /admin/jsi18n/ HTTP/1.1" 200 3343
Unauthorized: /api/v1/auth/login/
"POST /api/v1/auth/login/ HTTP/1.1" 401 32
Unauthorized: /api/v1/auth/login/
"POST /api/v1/auth/login/ HTTP/1.1" 401 32
Unauthorized: /api/v1/auth/login/
"POST /api/v1/auth/login/ HTTP/1.1" 401 32
"POST /admin/clinics/managerclinic/2/change/ HTTP/1.1" 302 0
"GET /admin/clinics/managerclinic/ HTTP/1.1" 200 29667
"GET /admin/jsi18n/ HTTP/1.1" 200 3343
Unauthorized: /api/v1/auth/login/
"POST /api/v1/auth/login/ HTTP/1.1" 401 32
"GET /admin/modules/clinicmodules/ HTTP/1.1" 200 29819
"GET /admin/jsi18n/ HTTP/1.1" 200 3343
"GET /admin/users/clinicmanager/ HTTP/1.1" 200 29375
"GET /admin/jsi18n/ HTTP/1.1" 200 3343
"GET /admin/users/clinicmanager/8/change/ HTTP/1.1" 200 30255
"GET /admin/jsi18n/ HTTP/1.1" 200 3343
Unauthorized: /api/v1/auth/login/
"POST /api/v1/auth/login/ HTTP/1.1" 401 32
Unauthorized: /api/v1/auth/login/
"POST /api/v1/auth/login/ HTTP/1.1" 401 32
Unauthorized: /api/v1/auth/login/
"POST /api/v1/auth/login/ HTTP/1.1" 401 32
"GET /admin/clinics/clinic/ HTTP/1.1" 200 29234
"GET /admin/jsi18n/ HTTP/1.1" 200 3343
"GET /admin/clinics/clinic/add/ HTTP/1.1" 200 30322
"GET /admin/jsi18n/ HTTP/1.1" 200 3343
"POST /admin/clinics/clinic/add/ HTTP/1.1" 302 0
"GET /admin/clinics/clinic/ HTTP/1.1" 200 29642
"GET /admin/jsi18n/ HTTP/1.1" 200 3343
"GET /admin/users/clinicmanager/ HTTP/1.1" 200 29375
"GET /admin/jsi18n/ HTTP/1.1" 200 3343
"GET /admin/users/clinicmanager/add/ HTTP/1.1" 200 29985
"GET /admin/jsi18n/ HTTP/1.1" 200 3343
"GET /admin/users/user/ HTTP/1.1" 200 35575
"GET /static/admin/img/icon-no.svg HTTP/1.1" 200 560
"GET /static/admin/img/search.svg HTTP/1.1" 200 458
"GET /admin/jsi18n/ HTTP/1.1" 200 3343
"GET /static/admin/img/sorting-icons.svg HTTP/1.1" 200 1097
"GET /admin/users/user/9/change/ HTTP/1.1" 200 36920
"GET /static/admin/js/admin/DateTimeShortcuts.js HTTP/1.1" 304 0
"GET /static/admin/js/calendar.js HTTP/1.1" 304 0
"GET /admin/jsi18n/ HTTP/1.1" 200 3343
"GET /static/admin/img/icon-calendar.svg HTTP/1.1" 304 0
"GET /static/admin/img/icon-clock.svg HTTP/1.1" 304 0
"POST /admin/users/user/9/change/ HTTP/1.1" 302 0
"GET /admin/users/user/ HTTP/1.1" 200 35790
"GET /admin/jsi18n/ HTTP/1.1" 200 3343
"GET /admin/users/clinicmanager/ HTTP/1.1" 200 29375
"GET /admin/jsi18n/ HTTP/1.1" 200 3343
"GET /admin/users/clinicmanager/add/ HTTP/1.1" 200 29985
"GET /admin/jsi18n/ HTTP/1.1" 200 3343
"POST /admin/users/clinicmanager/add/ HTTP/1.1" 302 0
"GET /admin/users/clinicmanager/ HTTP/1.1" 200 29840
"GET /admin/jsi18n/ HTTP/1.1" 200 3343
"GET /admin/clinics/managerclinic/ HTTP/1.1" 200 29421
"GET /admin/jsi18n/ HTTP/1.1" 200 3343
"GET /admin/clinics/managerclinic/add/ HTTP/1.1" 200 31462
"GET /admin/jsi18n/ HTTP/1.1" 200 3343
"POST /admin/clinics/managerclinic/add/ HTTP/1.1" 302 0
"GET /admin/clinics/managerclinic/ HTTP/1.1" 200 29908
"GET /admin/jsi18n/ HTTP/1.1" 200 3343
Unauthorized: /api/v1/auth/login/
"POST /api/v1/auth/login/ HTTP/1.1" 401 32
Unauthorized: /api/v1/auth/logout/
"POST /api/v1/auth/logout/ HTTP/1.1" 401 58
Unauthorized: /api/v1/auth/login/
"POST /api/v1/auth/login/ HTTP/1.1" 401 32
Unauthorized: /api/v1/auth/login/
"POST /api/v1/auth/login/ HTTP/1.1" 401 32
"POST /api/v1/auth/login/ HTTP/1.1" 200 759
C:\Users\User\OneDrive\Desktop\computer_science\work\GenericWeb\backend\generic3\api\views.py changed, reloading.
Watching for file changes with StatReloader
Unauthorized: /api/v1/auth/login/
"POST /api/v1/auth/login/ HTTP/1.1" 401 32
C:\Users\User\OneDrive\Desktop\computer_science\work\GenericWeb\backend\generic3\api\views.py changed, reloading.
Watching for file changes with StatReloader
Unauthorized: /api/v1/auth/login/
"POST /api/v1/auth/login/ HTTP/1.1" 401 32
C:\Users\User\OneDrive\Desktop\computer_science\work\GenericWeb\backend\generic3\api\views.py changed, reloading.
Watching for file changes with StatReloader
"GET /admin/users/clinicmanager/ HTTP/1.1" 200 29609
"GET /admin/jsi18n/ HTTP/1.1" 200 3343
"GET /admin/users/clinicmanager/9/change/ HTTP/1.1" 200 30255
"GET /admin/jsi18n/ HTTP/1.1" 200 3343
"GET /admin/users/user/ HTTP/1.1" 200 35575
"GET /admin/jsi18n/ HTTP/1.1" 200 3343
"GET /admin/users/user/9/change/ HTTP/1.1" 200 36920
"GET /admin/jsi18n/ HTTP/1.1" 200 3343
"GET /admin/users/user/9/password/ HTTP/1.1" 200 27967
"POST /admin/users/user/9/password/ HTTP/1.1" 302 0
"GET /admin/users/user/9/change/ HTTP/1.1" 200 37056
"GET /admin/jsi18n/ HTTP/1.1" 200 3343
"POST /api/v1/auth/login/ HTTP/1.1" 200 636
"POST /api/v1/auth/login/ HTTP/1.1" 200 636
Not Found: /api/v1/users/0/0/
"GET /api/v1/users/0/0/ HTTP/1.1" 404 27
"OPTIONS /api/v1/users/8/9/ HTTP/1.1" 200 0
Not Found: /api/v1/users/8/9/
"GET /api/v1/users/8/9/ HTTP/1.1" 404 56
Not Found: /api/v1/users/8/9/
"GET /api/v1/users/8/9/ HTTP/1.1" 404 56
"OPTIONS /api/v1/users/8/add/ HTTP/1.1" 200 0
Bad Request: /api/v1/users/8/add/
"POST /api/v1/users/8/add/ HTTP/1.1" 400 70
Bad Request: /api/v1/users/8/add/
"POST /api/v1/users/8/add/ HTTP/1.1" 400 70
"GET /admin/clinics/clinic/ HTTP/1.1" 200 29442
"GET /admin/jsi18n/ HTTP/1.1" 200 3343
"GET /admin/clinics/clinic/8/change/ HTTP/1.1" 200 30713
"GET /admin/jsi18n/ HTTP/1.1" 200 3343
"POST /admin/clinics/clinic/8/change/ HTTP/1.1" 302 0
"GET /admin/clinics/clinic/ HTTP/1.1" 200 29644
"GET /admin/jsi18n/ HTTP/1.1" 200 3343
Bad Request: /api/v1/users/8/add/
"POST /api/v1/users/8/add/ HTTP/1.1" 400 70
Internal Server Error: /api/v1/users/8/add/
Traceback (most recent call last):
  File "C:\Users\User\OneDrive\Desktop\computer_science\work\GenericWeb\backend\venv\Lib\site-packages\django\core\handlers\exception.py", line 55, in inner
    response = get_response(request)
               ^^^^^^^^^^^^^^^^^^^^^
  File "C:\Users\User\OneDrive\Desktop\computer_science\work\GenericWeb\backend\venv\Lib\site-packages\django\core\handlers\base.py", line 197, in _get_response
    response = wrapped_callback(request, *callback_args, **callback_kwargs)
               ^^^^^^^^^^^^^^^^^^^^^^^^^^^^^^^^^^^^^^^^^^^^^^^^^^^^^^^^^^^^
  File "C:\Users\User\OneDrive\Desktop\computer_science\work\GenericWeb\backend\venv\Lib\site-packages\django\views\decorators\csrf.py", line 56, in wrapper_view
    return view_func(*args, **kwargs)
           ^^^^^^^^^^^^^^^^^^^^^^^^^^
  File "C:\Users\User\OneDrive\Desktop\computer_science\work\GenericWeb\backend\venv\Lib\site-packages\django\views\generic\base.py", line 104, in view
    return self.dispatch(request, *args, **kwargs)
           ^^^^^^^^^^^^^^^^^^^^^^^^^^^^^^^^^^^^^^^
  File "C:\Users\User\OneDrive\Desktop\computer_science\work\GenericWeb\backend\venv\Lib\site-packages\rest_framework\views.py", line 509, in dispatch
    response = self.handle_exception(exc)
               ^^^^^^^^^^^^^^^^^^^^^^^^^^
  File "C:\Users\User\OneDrive\Desktop\computer_science\work\GenericWeb\backend\venv\Lib\site-packages\rest_framework\views.py", line 469, in handle_exception
    self.raise_uncaught_exception(exc)
  File "C:\Users\User\OneDrive\Desktop\computer_science\work\GenericWeb\backend\venv\Lib\site-packages\rest_framework\views.py", line 480, in raise_uncaught_exception
    raise exc
  File "C:\Users\User\OneDrive\Desktop\computer_science\work\GenericWeb\backend\venv\Lib\site-packages\rest_framework\views.py", line 506, in dispatch
    response = handler(request, *args, **kwargs)
               ^^^^^^^^^^^^^^^^^^^^^^^^^^^^^^^^^
  File "C:\Users\User\OneDrive\Desktop\computer_science\work\GenericWeb\backend\venv\Lib\site-packages\rest_framework\decorators.py", line 50, in handler
    return func(*args, **kwargs)
           ^^^^^^^^^^^^^^^^^^^^^
  File "C:\Users\User\OneDrive\Desktop\computer_science\work\GenericWeb\backend\generic3\users\views.py", line 154, in add_user
    if response.status != 200:
       ^^^^^^^^^^^^^^^
AttributeError: 'JsonResponse' object has no attribute 'status'
"POST /api/v1/users/8/add/ HTTP/1.1" 500 122167
C:\Users\User\OneDrive\Desktop\computer_science\work\GenericWeb\backend\generic3\users\views.py changed, reloading.
Watching for file changes with StatReloader
C:\Users\User\OneDrive\Desktop\computer_science\work\GenericWeb\backend\generic3\users\views.py changed, reloading.
Watching for file changes with StatReloader
Watching for file changes with StatReloader
Watching for file changes with StatReloader
C:\Users\User\OneDrive\Desktop\computer_science\work\GenericWeb\backend\generic3\activities\models.py changed, reloading.
Watching for file changes with StatReloader
C:\Users\User\OneDrive\Desktop\computer_science\work\GenericWeb\backend\generic3\activities\models.py changed, reloading.
Watching for file changes with StatReloader
C:\Users\User\OneDrive\Desktop\computer_science\work\GenericWeb\backend\generic3\activities\models.py changed, reloading.
Watching for file changes with StatReloader
C:\Users\User\OneDrive\Desktop\computer_science\work\GenericWeb\backend\generic3\medications\models.py changed, reloading.
Watching for file changes with StatReloader
Watching for file changes with StatReloader
C:\Users\User\OneDrive\Desktop\computer_science\work\GenericWeb\backend\generic3\medications\views.py changed, reloading.
Watching for file changes with StatReloader
C:\Users\User\OneDrive\Desktop\computer_science\work\GenericWeb\backend\generic3\activities\views.py changed, reloading.
Watching for file changes with StatReloader
C:\Users\User\OneDrive\Desktop\computer_science\work\GenericWeb\backend\generic3\activities\views.py changed, reloading.
Watching for file changes with StatReloader
C:\Users\User\OneDrive\Desktop\computer_science\work\GenericWeb\backend\generic3\medications\views.py changed, reloading.
Watching for file changes with StatReloader
C:\Users\User\OneDrive\Desktop\computer_science\work\GenericWeb\backend\generic3\medications\views.py changed, reloading.
Watching for file changes with StatReloader
C:\Users\User\OneDrive\Desktop\computer_science\work\GenericWeb\backend\generic3\activities\views.py changed, reloading.
Watching for file changes with StatReloader
C:\Users\User\OneDrive\Desktop\computer_science\work\GenericWeb\backend\generic3\activities\views.py changed, reloading.
Watching for file changes with StatReloader
C:\Users\User\OneDrive\Desktop\computer_science\work\GenericWeb\backend\generic3\medications\views.py changed, reloading.
Watching for file changes with StatReloader
C:\Users\User\OneDrive\Desktop\computer_science\work\GenericWeb\backend\generic3\activities\urls.py changed, reloading.
Watching for file changes with StatReloader
C:\Users\User\OneDrive\Desktop\computer_science\work\GenericWeb\backend\generic3\activities\views.py changed, reloading.
Watching for file changes with StatReloader
C:\Users\User\OneDrive\Desktop\computer_science\work\GenericWeb\backend\generic3\medications\views.py changed, reloading.
Watching for file changes with StatReloader
C:\Users\User\OneDrive\Desktop\computer_science\work\GenericWeb\backend\generic3\activities\views.py changed, reloading.
Watching for file changes with StatReloader
C:\Users\User\OneDrive\Desktop\computer_science\work\GenericWeb\backend\generic3\medications\urls.py changed, reloading.
Watching for file changes with StatReloader
C:\Users\User\OneDrive\Desktop\computer_science\work\GenericWeb\backend\generic3\medications\views.py changed, reloading.
Watching for file changes with StatReloader
C:\Users\User\OneDrive\Desktop\computer_science\work\GenericWeb\backend\generic3\medications\views.py changed, reloading.
Watching for file changes with StatReloader
C:\Users\User\OneDrive\Desktop\computer_science\work\GenericWeb\backend\generic3\medications\views.py changed, reloading.
Watching for file changes with StatReloader
C:\Users\User\OneDrive\Desktop\computer_science\work\GenericWeb\backend\generic3\medications\views.py changed, reloading.
Watching for file changes with StatReloader
C:\Users\User\OneDrive\Desktop\computer_science\work\GenericWeb\backend\generic3\medications\views.py changed, reloading.
Watching for file changes with StatReloader
C:\Users\User\OneDrive\Desktop\computer_science\work\GenericWeb\backend\generic3\activities\views.py changed, reloading.
Watching for file changes with StatReloader
C:\Users\User\OneDrive\Desktop\computer_science\work\GenericWeb\backend\generic3\activities\views.py changed, reloading.
Watching for file changes with StatReloader
Watching for file changes with StatReloader
C:\Users\User\OneDrive\Desktop\computer_science\work\GenericWeb\backend\generic3\authentication\urls.py changed, reloading.
Watching for file changes with StatReloader
C:\Users\User\OneDrive\Desktop\computer_science\work\GenericWeb\backend\generic3\authentication\urls.py changed, reloading.
Watching for file changes with StatReloader
Watching for file changes with StatReloader
"POST /api/v1/auth/login/ HTTP/1.1" 200 636
"POST /api/v1/auth/logout/ HTTP/1.1" 200 38
Watching for file changes with StatReloader
Watching for file changes with StatReloader
"POST /api/v1/auth/login/ HTTP/1.1" 200 759
Watching for file changes with StatReloader
C:\Users\User\OneDrive\Desktop\computer_science\work\GenericWeb\backend\generic3\activities\models.py changed, reloading.
Watching for file changes with StatReloader
C:\Users\User\OneDrive\Desktop\computer_science\work\GenericWeb\backend\generic3\activities\models.py changed, reloading.
Watching for file changes with StatReloader
C:\Users\User\OneDrive\Desktop\computer_science\work\GenericWeb\backend\generic3\activities\models.py changed, reloading.
Watching for file changes with StatReloader
C:\Users\User\OneDrive\Desktop\computer_science\work\GenericWeb\backend\generic3\activities\models.py changed, reloading.
Watching for file changes with StatReloader
Watching for file changes with StatReloader
C:\Users\User\OneDrive\Desktop\computer_science\work\GenericWeb\backend\generic3\activities\urls.py changed, reloading.
Watching for file changes with StatReloader
C:\Users\User\OneDrive\Desktop\computer_science\work\GenericWeb\backend\generic3\activities\views.py changed, reloading.
Watching for file changes with StatReloader
C:\Users\User\OneDrive\Desktop\computer_science\work\GenericWeb\backend\generic3\activities\urls.py changed, reloading.
Watching for file changes with StatReloader
C:\Users\User\OneDrive\Desktop\computer_science\work\GenericWeb\backend\generic3\activities\views.py changed, reloading.
Watching for file changes with StatReloader
C:\Users\User\OneDrive\Desktop\computer_science\work\GenericWeb\backend\generic3\activities\urls.py changed, reloading.
Watching for file changes with StatReloader
C:\Users\User\OneDrive\Desktop\computer_science\work\GenericWeb\backend\generic3\activities\urls.py changed, reloading.
Watching for file changes with StatReloader
C:\Users\User\OneDrive\Desktop\computer_science\work\GenericWeb\backend\generic3\activities\urls.py changed, reloading.
Watching for file changes with StatReloader
Watching for file changes with StatReloader
C:\Users\User\OneDrive\Desktop\computer_science\work\GenericWeb\backend\generic3\activities\urls.py changed, reloading.
Watching for file changes with StatReloader
C:\Users\User\OneDrive\Desktop\computer_science\work\GenericWeb\backend\generic3\activities\views.py changed, reloading.
Watching for file changes with StatReloader
C:\Users\User\OneDrive\Desktop\computer_science\work\GenericWeb\backend\generic3\activities\urls.py changed, reloading.
Watching for file changes with StatReloader
C:\Users\User\OneDrive\Desktop\computer_science\work\GenericWeb\backend\generic3\activities\views.py changed, reloading.
Watching for file changes with StatReloader
C:\Users\User\OneDrive\Desktop\computer_science\work\GenericWeb\backend\generic3\activities\views.py changed, reloading.
Watching for file changes with StatReloader
C:\Users\User\OneDrive\Desktop\computer_science\work\GenericWeb\backend\generic3\activities\views.py changed, reloading.
Watching for file changes with StatReloader
C:\Users\User\OneDrive\Desktop\computer_science\work\GenericWeb\backend\generic3\activities\views.py changed, reloading.
Watching for file changes with StatReloader
C:\Users\User\OneDrive\Desktop\computer_science\work\GenericWeb\backend\generic3\activities\views.py changed, reloading.
Watching for file changes with StatReloader
C:\Users\User\OneDrive\Desktop\computer_science\work\GenericWeb\backend\generic3\activities\views.py changed, reloading.
Watching for file changes with StatReloader
C:\Users\User\OneDrive\Desktop\computer_science\work\GenericWeb\backend\generic3\activities\views.py changed, reloading.
Watching for file changes with StatReloader
Watching for file changes with StatReloader
Watching for file changes with StatReloader
Watching for file changes with StatReloader
C:\Users\User\OneDrive\Desktop\computer_science\work\GenericWeb\backend\generic3\generic3\settings.py changed, reloading.
Watching for file changes with StatReloader
C:\Users\User\OneDrive\Desktop\computer_science\work\GenericWeb\backend\generic3\generic3\settings.py changed, reloading.
Watching for file changes with StatReloader
Watching for file changes with StatReloader
C:\Users\User\OneDrive\Desktop\computer_science\work\GenericWeb\backend\generic3\generic3\settings.py changed, reloading.
Watching for file changes with StatReloader
C:\Users\User\OneDrive\Desktop\computer_science\work\GenericWeb\backend\generic3\generic3\settings.py changed, reloading.
Watching for file changes with StatReloader
Watching for file changes with StatReloader
Bad Request: /api/v1/auth/login/
"POST /api/v1/auth/login/ HTTP/1.1" 400 107
Watching for file changes with StatReloader
"POST /api/v1/auth/login/ HTTP/1.1" 200 593
Unauthorized: /api/v1/activities/
"GET /api/v1/activities/ HTTP/1.1" 401 58
"POST /api/v1/auth/login/ HTTP/1.1" 200 593
Unauthorized: /api/v1/activities/
"GET /api/v1/activities/ HTTP/1.1" 401 58
"POST /api/v1/auth/login/ HTTP/1.1" 200 593
C:\Users\User\OneDrive\Desktop\computer_science\work\GenericWeb\backend\generic3\authentication\views.py changed, reloading.
Watching for file changes with StatReloader
C:\Users\User\OneDrive\Desktop\computer_science\work\GenericWeb\backend\generic3\authentication\views.py changed, reloading.
Watching for file changes with StatReloader
"POST /api/v1/auth/login/ HTTP/1.1" 200 1093
Unauthorized: /api/v1/activities/
"GET /api/v1/activities/ HTTP/1.1" 401 58
C:\Users\User\OneDrive\Desktop\computer_science\work\GenericWeb\backend\generic3\authentication\views.py changed, reloading.
Watching for file changes with StatReloader
C:\Users\User\OneDrive\Desktop\computer_science\work\GenericWeb\backend\generic3\authentication\views.py changed, reloading.
Watching for file changes with StatReloader
C:\Users\User\OneDrive\Desktop\computer_science\work\GenericWeb\backend\generic3\authentication\views.py changed, reloading.
Watching for file changes with StatReloader
"POST /api/v1/auth/login/ HTTP/1.1" 200 1093
"GET /api/v1/activities/ HTTP/1.1" 200 275
"GET /api/v1/activities/ HTTP/1.1" 200 275
"GET /admin HTTP/1.1" 301 0
"GET /admin/ HTTP/1.1" 302 0
"GET /admin/login/?next=/admin/ HTTP/1.1" 302 0
"GET /account/login/?next=/admin/ HTTP/1.1" 200 10927
"GET /static/debug_toolbar/css/toolbar.css HTTP/1.1" 200 12621
"GET /static/debug_toolbar/css/print.css HTTP/1.1" 200 43
"GET /static/debug_toolbar/js/toolbar.js HTTP/1.1" 200 13578
"GET /static/debug_toolbar/js/utils.js HTTP/1.1" 200 4527
Not Found: /favicon.ico
"GET /favicon.ico HTTP/1.1" 404 26285
"POST /account/login/?next=/admin/ HTTP/1.1" 200 11149
"POST /account/login/?next=/admin/ HTTP/1.1" 200 10805
"POST /account/login/?next=/admin/ HTTP/1.1" 200 10988
"POST /account/login/?next=/admin/ HTTP/1.1" 200 10987
"POST /account/login/?next=/admin/ HTTP/1.1" 200 10987
"POST /account/login/?next=/admin/ HTTP/1.1" 200 10922
"POST /account/login/?next=/admin/ HTTP/1.1" 200 10804
"POST /account/login/?next=/admin/ HTTP/1.1" 200 10987
"GET /api/v1/clinics/ HTTP/1.1" 200 1137
Unsupported Media Type: /api/v1/activities/
"POST /api/v1/activities/ HTTP/1.1" 415 62
Bad Request: /api/v1/activities/
"POST /api/v1/activities/ HTTP/1.1" 400 47
Bad Request: /api/v1/activities/
"POST /api/v1/activities/ HTTP/1.1" 400 47
C:\Users\User\OneDrive\Desktop\computer_science\work\GenericWeb\backend\generic3\activities\views.py changed, reloading.
Watching for file changes with StatReloader
Bad Request: /api/v1/activities/
"POST /api/v1/activities/ HTTP/1.1" 400 47
C:\Users\User\OneDrive\Desktop\computer_science\work\GenericWeb\backend\generic3\activities\views.py changed, reloading.
Watching for file changes with StatReloader
C:\Users\User\OneDrive\Desktop\computer_science\work\GenericWeb\backend\generic3\activities\views.py changed, reloading.
Watching for file changes with StatReloader
Bad Request: /api/v1/activities/
"POST /api/v1/activities/ HTTP/1.1" 400 47
"GET /api/v1/activities/ HTTP/1.1" 200 275
Bad Request: /api/v1/activities/
"POST /api/v1/activities/ HTTP/1.1" 400 108
Bad Request: /api/v1/activities/
"POST /api/v1/activities/ HTTP/1.1" 400 47
"GET /api/v1/activities/ HTTP/1.1" 200 275
Bad Request: /api/v1/activities/
"POST /api/v1/activities/ HTTP/1.1" 400 47
Bad Request: /api/v1/activities/
"POST /api/v1/activities/ HTTP/1.1" 400 47
C:\Users\User\OneDrive\Desktop\computer_science\work\GenericWeb\backend\generic3\activities\views.py changed, reloading.
Watching for file changes with StatReloader
C:\Users\User\OneDrive\Desktop\computer_science\work\GenericWeb\backend\generic3\activities\views.py changed, reloading.
Watching for file changes with StatReloader
C:\Users\User\OneDrive\Desktop\computer_science\work\GenericWeb\backend\generic3\activities\views.py changed, reloading.
Watching for file changes with StatReloader
"POST /api/v1/activities/ HTTP/1.1" 201 85
"GET /api/v1/activities/ HTTP/1.1" 200 275
C:\Users\User\OneDrive\Desktop\computer_science\work\GenericWeb\backend\generic3\activities\views.py changed, reloading.
Watching for file changes with StatReloader
Unauthorized: /api/v1/activities/
"GET /api/v1/activities/ HTTP/1.1" 401 58
Unauthorized: /api/v1/activities/
"POST /api/v1/activities/ HTTP/1.1" 401 58
Unauthorized: /api/v1/activities/
"GET /api/v1/activities/ HTTP/1.1" 401 58
"POST /api/v1/auth/login/ HTTP/1.1" 200 1093
"GET /api/v1/activities/ HTTP/1.1" 200 539
"GET /api/v1/activities/2 HTTP/1.1" 301 0
"GET /api/v1/activities/2/ HTTP/1.1" 200 68
Not Found: /api/v1/activities/&clinic_id=1
"GET /api/v1/activities/&clinic_id=1 HTTP/1.1" 404 26381
Not Found: /api/v1/activities/&clinic_id=1/
"GET /api/v1/activities/&clinic_id=1/ HTTP/1.1" 404 26385
Not Found: /api/v1/activities/&clinic_id=1/
"GET /api/v1/activities/&clinic_id=1/ HTTP/1.1" 404 26385
Not Found: /api/v1/activities/&{clinic_id=1}/
"GET /api/v1/activities/&%7Bclinic_id=1%7D/ HTTP/1.1" 404 26401
Not Found: /api/v1/activities/&&{clinic_id=1}/
"GET /api/v1/activities/&&%7Bclinic_id=1%7D/ HTTP/1.1" 404 26421
"GET /api/v1/activities/?clinic_id=1 HTTP/1.1" 200 212
"GET /api/v1/activities/?clinic_id=2 HTTP/1.1" 200 2
"GET /api/v1/activities/?clinic_id=3 HTTP/1.1" 200 2
"GET /api/v1/activities/?clinic_id=1 HTTP/1.1" 200 212
"GET /api/v1/activities/?clinic_id=1&patient_id=1 HTTP/1.1" 200 212
"GET /api/v1/activities/?clinic_id=1&patient_id=5 HTTP/1.1" 200 212
"GET /api/v1/activities/?clinic_id=1&patient_id=5 HTTP/1.1" 200 212
"GET /api/v1/activities/?clinic_id=2&patient_id=5 HTTP/1.1" 200 2
"GET /api/v1/activities/?clinic_id=1&patient_id=5 HTTP/1.1" 200 212
"GET /api/v1/activities/?clinic_id=1&patient_id=5 HTTP/1.1" 200 212
"GET /api/v1/activities/?clinic_id=1 HTTP/1.1" 200 212
"GET /api/v1/activities/?clinic_id=1&patient_id=5 HTTP/1.1" 200 212
"GET /api/v1/activities/?clinic_id=1&patient_id=5 HTTP/1.1" 200 212
"POST /api/v1/auth/login/ HTTP/1.1" 200 1123
Bad Request: /api/v1/activities/
"POST /api/v1/activities/ HTTP/1.1" 400 52
"POST /api/v1/auth/logout/ HTTP/1.1" 200 38
"POST /api/v1/auth/login/ HTTP/1.1" 200 1123
Bad Request: /api/v1/activities/
"POST /api/v1/activities/ HTTP/1.1" 400 52
C:\Users\User\OneDrive\Desktop\computer_science\work\GenericWeb\backend\generic3\activities\views.py changed, reloading.
Watching for file changes with StatReloader
Internal Server Error: /api/v1/activities/
Traceback (most recent call last):
  File "C:\Users\User\OneDrive\Desktop\computer_science\work\GenericWeb\backend\venv\Lib\site-packages\django\core\handlers\exception.py", line 55, in inner
    response = get_response(request)
               ^^^^^^^^^^^^^^^^^^^^^
  File "C:\Users\User\OneDrive\Desktop\computer_science\work\GenericWeb\backend\venv\Lib\site-packages\django\core\handlers\base.py", line 197, in _get_response
    response = wrapped_callback(request, *callback_args, **callback_kwargs)
               ^^^^^^^^^^^^^^^^^^^^^^^^^^^^^^^^^^^^^^^^^^^^^^^^^^^^^^^^^^^^
  File "C:\Users\User\OneDrive\Desktop\computer_science\work\GenericWeb\backend\venv\Lib\site-packages\django\views\decorators\csrf.py", line 56, in wrapper_view
    return view_func(*args, **kwargs)
           ^^^^^^^^^^^^^^^^^^^^^^^^^^
  File "C:\Users\User\OneDrive\Desktop\computer_science\work\GenericWeb\backend\venv\Lib\site-packages\django\views\generic\base.py", line 104, in view
    return self.dispatch(request, *args, **kwargs)
           ^^^^^^^^^^^^^^^^^^^^^^^^^^^^^^^^^^^^^^^
  File "C:\Users\User\OneDrive\Desktop\computer_science\work\GenericWeb\backend\venv\Lib\site-packages\rest_framework\views.py", line 509, in dispatch
    response = self.handle_exception(exc)
               ^^^^^^^^^^^^^^^^^^^^^^^^^^
  File "C:\Users\User\OneDrive\Desktop\computer_science\work\GenericWeb\backend\venv\Lib\site-packages\rest_framework\views.py", line 469, in handle_exception
    self.raise_uncaught_exception(exc)
  File "C:\Users\User\OneDrive\Desktop\computer_science\work\GenericWeb\backend\venv\Lib\site-packages\rest_framework\views.py", line 480, in raise_uncaught_exception
    raise exc
  File "C:\Users\User\OneDrive\Desktop\computer_science\work\GenericWeb\backend\venv\Lib\site-packages\rest_framework\views.py", line 506, in dispatch
    response = handler(request, *args, **kwargs)
               ^^^^^^^^^^^^^^^^^^^^^^^^^^^^^^^^^
  File "C:\Users\User\OneDrive\Desktop\computer_science\work\GenericWeb\backend\venv\Lib\site-packages\rest_framework\decorators.py", line 50, in handler
    return func(*args, **kwargs)
           ^^^^^^^^^^^^^^^^^^^^^
  File "C:\Users\User\OneDrive\Desktop\computer_science\work\GenericWeb\backend\generic3\activities\views.py", line 86, in activities_list
    clinic = Clinic.objects.filter(clinic=clinic_id).first()
             ^^^^^^^^^^^^^^^^^^^^^^^^^^^^^^^^^^^^^^^
  File "C:\Users\User\OneDrive\Desktop\computer_science\work\GenericWeb\backend\venv\Lib\site-packages\django\db\models\manager.py", line 87, in manager_method
    return getattr(self.get_queryset(), name)(*args, **kwargs)
           ^^^^^^^^^^^^^^^^^^^^^^^^^^^^^^^^^^^^^^^^^^^^^^^^^^^
  File "C:\Users\User\OneDrive\Desktop\computer_science\work\GenericWeb\backend\venv\Lib\site-packages\django\db\models\query.py", line 1436, in filter
    return self._filter_or_exclude(False, args, kwargs)
           ^^^^^^^^^^^^^^^^^^^^^^^^^^^^^^^^^^^^^^^^^^^^
  File "C:\Users\User\OneDrive\Desktop\computer_science\work\GenericWeb\backend\venv\Lib\site-packages\django\db\models\query.py", line 1454, in _filter_or_exclude
    clone._filter_or_exclude_inplace(negate, args, kwargs)
  File "C:\Users\User\OneDrive\Desktop\computer_science\work\GenericWeb\backend\venv\Lib\site-packages\django\db\models\query.py", line 1461, in _filter_or_exclude_inplace
    self._query.add_q(Q(*args, **kwargs))
  File "C:\Users\User\OneDrive\Desktop\computer_science\work\GenericWeb\backend\venv\Lib\site-packages\django\db\models\sql\query.py", line 1498, in add_q
    clause, _ = self._add_q(q_object, self.used_aliases)
                ^^^^^^^^^^^^^^^^^^^^^^^^^^^^^^^^^^^^^^^^
  File "C:\Users\User\OneDrive\Desktop\computer_science\work\GenericWeb\backend\venv\Lib\site-packages\django\db\models\sql\query.py", line 1529, in _add_q
    child_clause, needed_inner = self.build_filter(
                                 ^^^^^^^^^^^^^^^^^^
  File "C:\Users\User\OneDrive\Desktop\computer_science\work\GenericWeb\backend\venv\Lib\site-packages\django\db\models\sql\query.py", line 1379, in build_filter
    lookups, parts, reffed_expression = self.solve_lookup_type(arg, summarize)
                                        ^^^^^^^^^^^^^^^^^^^^^^^^^^^^^^^^^^^^^^
  File "C:\Users\User\OneDrive\Desktop\computer_science\work\GenericWeb\backend\venv\Lib\site-packages\django\db\models\sql\query.py", line 1189, in solve_lookup_type
    _, field, _, lookup_parts = self.names_to_path(lookup_splitted, self.get_meta())
                                ^^^^^^^^^^^^^^^^^^^^^^^^^^^^^^^^^^^^^^^^^^^^^^^^^^^^
  File "C:\Users\User\OneDrive\Desktop\computer_science\work\GenericWeb\backend\venv\Lib\site-packages\django\db\models\sql\query.py", line 1677, in names_to_path
    raise FieldError(
django.core.exceptions.FieldError: Cannot resolve keyword 'clinic' into field. Choices are: activitiesbundle, activityreport, clinic_id, clinic_image_url, clinic_name, clinic_url, clinicactivity, clinicmodules, doctorclinic, eventnotificationsettings, id, is_research_clinic, managerclinic, medicationreport, patientactivity, patientclinic, patientdoctor, patientmedicine, patientmodules, questionnaires, sharedfiles
"POST /api/v1/activities/ HTTP/1.1" 500 168066
C:\Users\User\OneDrive\Desktop\computer_science\work\GenericWeb\backend\generic3\activities\views.py changed, reloading.
Watching for file changes with StatReloader
Not Found: /api/v1/activities/
"POST /api/v1/activities/ HTTP/1.1" 404 30
C:\Users\User\OneDrive\Desktop\computer_science\work\GenericWeb\backend\generic3\activities\views.py changed, reloading.
Watching for file changes with StatReloader
Not Found: /api/v1/activities/
"POST /api/v1/activities/ HTTP/1.1" 404 30
C:\Users\User\OneDrive\Desktop\computer_science\work\GenericWeb\backend\generic3\activities\views.py changed, reloading.
Watching for file changes with StatReloader
Not Found: /api/v1/activities/
"POST /api/v1/activities/ HTTP/1.1" 404 30
C:\Users\User\OneDrive\Desktop\computer_science\work\GenericWeb\backend\generic3\activities\views.py changed, reloading.
Watching for file changes with StatReloader
C:\Users\User\OneDrive\Desktop\computer_science\work\GenericWeb\backend\generic3\activities\views.py changed, reloading.
Watching for file changes with StatReloader
Internal Server Error: /api/v1/activities/
Traceback (most recent call last):
  File "C:\Users\User\OneDrive\Desktop\computer_science\work\GenericWeb\backend\venv\Lib\site-packages\django\core\handlers\exception.py", line 55, in inner
    response = get_response(request)
               ^^^^^^^^^^^^^^^^^^^^^
  File "C:\Users\User\OneDrive\Desktop\computer_science\work\GenericWeb\backend\venv\Lib\site-packages\django\core\handlers\base.py", line 197, in _get_response
    response = wrapped_callback(request, *callback_args, **callback_kwargs)
               ^^^^^^^^^^^^^^^^^^^^^^^^^^^^^^^^^^^^^^^^^^^^^^^^^^^^^^^^^^^^
  File "C:\Users\User\OneDrive\Desktop\computer_science\work\GenericWeb\backend\venv\Lib\site-packages\django\views\decorators\csrf.py", line 56, in wrapper_view
    return view_func(*args, **kwargs)
           ^^^^^^^^^^^^^^^^^^^^^^^^^^
  File "C:\Users\User\OneDrive\Desktop\computer_science\work\GenericWeb\backend\venv\Lib\site-packages\django\views\generic\base.py", line 104, in view
    return self.dispatch(request, *args, **kwargs)
           ^^^^^^^^^^^^^^^^^^^^^^^^^^^^^^^^^^^^^^^
  File "C:\Users\User\OneDrive\Desktop\computer_science\work\GenericWeb\backend\venv\Lib\site-packages\rest_framework\views.py", line 509, in dispatch
    response = self.handle_exception(exc)
               ^^^^^^^^^^^^^^^^^^^^^^^^^^
  File "C:\Users\User\OneDrive\Desktop\computer_science\work\GenericWeb\backend\venv\Lib\site-packages\rest_framework\views.py", line 469, in handle_exception
    self.raise_uncaught_exception(exc)
  File "C:\Users\User\OneDrive\Desktop\computer_science\work\GenericWeb\backend\venv\Lib\site-packages\rest_framework\views.py", line 480, in raise_uncaught_exception
    raise exc
  File "C:\Users\User\OneDrive\Desktop\computer_science\work\GenericWeb\backend\venv\Lib\site-packages\rest_framework\views.py", line 506, in dispatch
    response = handler(request, *args, **kwargs)
               ^^^^^^^^^^^^^^^^^^^^^^^^^^^^^^^^^
  File "C:\Users\User\OneDrive\Desktop\computer_science\work\GenericWeb\backend\venv\Lib\site-packages\rest_framework\decorators.py", line 50, in handler
    return func(*args, **kwargs)
           ^^^^^^^^^^^^^^^^^^^^^
  File "C:\Users\User\OneDrive\Desktop\computer_science\work\GenericWeb\backend\generic3\activities\views.py", line 94, in activities_list
    ClinicActivity.objects.create(
  File "C:\Users\User\OneDrive\Desktop\computer_science\work\GenericWeb\backend\venv\Lib\site-packages\django\db\models\manager.py", line 87, in manager_method
    return getattr(self.get_queryset(), name)(*args, **kwargs)
           ^^^^^^^^^^^^^^^^^^^^^^^^^^^^^^^^^^^^^^^^^^^^^^^^^^^
  File "C:\Users\User\OneDrive\Desktop\computer_science\work\GenericWeb\backend\venv\Lib\site-packages\django\db\models\query.py", line 656, in create
    obj = self.model(**kwargs)
          ^^^^^^^^^^^^^^^^^^^^
  File "C:\Users\User\OneDrive\Desktop\computer_science\work\GenericWeb\backend\venv\Lib\site-packages\django\db\models\base.py", line 543, in __init__
    _setattr(self, field.name, rel_obj)
  File "C:\Users\User\OneDrive\Desktop\computer_science\work\GenericWeb\backend\venv\Lib\site-packages\django\db\models\fields\related_descriptors.py", line 266, in __set__
    raise ValueError(
ValueError: Cannot assign "<QuerySet [<Activity: Morning Walk>]>": "ClinicActivity.activity" must be a "Activity" instance.
"POST /api/v1/activities/ HTTP/1.1" 500 141079
C:\Users\User\OneDrive\Desktop\computer_science\work\GenericWeb\backend\generic3\activities\views.py changed, reloading.
Watching for file changes with StatReloader
"POST /api/v1/activities/ HTTP/1.1" 201 85
"GET /api/v1/activities/?clinic_id=1 HTTP/1.1" 200 299
"POST /api/v1/auth/logout/ HTTP/1.1" 200 38
"POST /api/v1/auth/login/ HTTP/1.1" 200 1246
Internal Server Error: /api/v1/activities/
Traceback (most recent call last):
  File "C:\Users\User\OneDrive\Desktop\computer_science\work\GenericWeb\backend\venv\Lib\site-packages\django\core\handlers\exception.py", line 55, in inner
    response = get_response(request)
               ^^^^^^^^^^^^^^^^^^^^^
  File "C:\Users\User\OneDrive\Desktop\computer_science\work\GenericWeb\backend\venv\Lib\site-packages\django\core\handlers\base.py", line 197, in _get_response
    response = wrapped_callback(request, *callback_args, **callback_kwargs)
               ^^^^^^^^^^^^^^^^^^^^^^^^^^^^^^^^^^^^^^^^^^^^^^^^^^^^^^^^^^^^
  File "C:\Users\User\OneDrive\Desktop\computer_science\work\GenericWeb\backend\venv\Lib\site-packages\django\views\decorators\csrf.py", line 56, in wrapper_view
    return view_func(*args, **kwargs)
           ^^^^^^^^^^^^^^^^^^^^^^^^^^
  File "C:\Users\User\OneDrive\Desktop\computer_science\work\GenericWeb\backend\venv\Lib\site-packages\django\views\generic\base.py", line 104, in view
    return self.dispatch(request, *args, **kwargs)
           ^^^^^^^^^^^^^^^^^^^^^^^^^^^^^^^^^^^^^^^
  File "C:\Users\User\OneDrive\Desktop\computer_science\work\GenericWeb\backend\venv\Lib\site-packages\rest_framework\views.py", line 509, in dispatch
    response = self.handle_exception(exc)
               ^^^^^^^^^^^^^^^^^^^^^^^^^^
  File "C:\Users\User\OneDrive\Desktop\computer_science\work\GenericWeb\backend\venv\Lib\site-packages\rest_framework\views.py", line 469, in handle_exception
    self.raise_uncaught_exception(exc)
  File "C:\Users\User\OneDrive\Desktop\computer_science\work\GenericWeb\backend\venv\Lib\site-packages\rest_framework\views.py", line 480, in raise_uncaught_exception
    raise exc
  File "C:\Users\User\OneDrive\Desktop\computer_science\work\GenericWeb\backend\venv\Lib\site-packages\rest_framework\views.py", line 506, in dispatch
    response = handler(request, *args, **kwargs)
               ^^^^^^^^^^^^^^^^^^^^^^^^^^^^^^^^^
  File "C:\Users\User\OneDrive\Desktop\computer_science\work\GenericWeb\backend\venv\Lib\site-packages\rest_framework\decorators.py", line 50, in handler
    return func(*args, **kwargs)
           ^^^^^^^^^^^^^^^^^^^^^
  File "C:\Users\User\OneDrive\Desktop\computer_science\work\GenericWeb\backend\generic3\activities\views.py", line 109, in activities_list
    activity=activity,
             ^^^^^^^^
UnboundLocalError: cannot access local variable 'activity' where it is not associated with a value
"POST /api/v1/activities/ HTTP/1.1" 500 121983
C:\Users\User\OneDrive\Desktop\computer_science\work\GenericWeb\backend\generic3\activities\views.py changed, reloading.
Watching for file changes with StatReloader
C:\Users\User\OneDrive\Desktop\computer_science\work\GenericWeb\backend\generic3\activities\views.py changed, reloading.
Watching for file changes with StatReloader
"POST /api/v1/activities/ HTTP/1.1" 201 85
"GET /api/v1/activities/?clinic_id=1 HTTP/1.1" 200 299
"GET /api/v1/activities/?clinic_id=1&patient_id=5 HTTP/1.1" 200 229
C:\Users\User\OneDrive\Desktop\computer_science\work\GenericWeb\backend\generic3\activities\views.py changed, reloading.
Watching for file changes with StatReloader
C:\Users\User\OneDrive\Desktop\computer_science\work\GenericWeb\backend\generic3\activities\views.py changed, reloading.
Watching for file changes with StatReloader
C:\Users\User\OneDrive\Desktop\computer_science\work\GenericWeb\backend\generic3\activities\views.py changed, reloading.
Watching for file changes with StatReloader
C:\Users\User\OneDrive\Desktop\computer_science\work\GenericWeb\backend\generic3\activities\views.py changed, reloading.
Watching for file changes with StatReloader
C:\Users\User\OneDrive\Desktop\computer_science\work\GenericWeb\backend\generic3\activities\views.py changed, reloading.
Watching for file changes with StatReloader
C:\Users\User\OneDrive\Desktop\computer_science\work\GenericWeb\backend\generic3\activities\views.py changed, reloading.
Watching for file changes with StatReloader
C:\Users\User\OneDrive\Desktop\computer_science\work\GenericWeb\backend\generic3\activities\views.py changed, reloading.
Watching for file changes with StatReloader
C:\Users\User\OneDrive\Desktop\computer_science\work\GenericWeb\backend\generic3\activities\views.py changed, reloading.
Watching for file changes with StatReloader
C:\Users\User\OneDrive\Desktop\computer_science\work\GenericWeb\backend\generic3\activities\views.py changed, reloading.
Watching for file changes with StatReloader
"POST /api/v1/auth/login/ HTTP/1.1" 200 1246
"POST /api/v1/auth/login/ HTTP/1.1" 200 1246
Forbidden (CSRF cookie not set.): /api/v1/activities/8/
"DELETE /api/v1/activities/8/ HTTP/1.1" 403 11870
"POST /api/v1/auth/login/ HTTP/1.1" 200 1246
Forbidden (CSRF cookie not set.): /api/v1/activities/8/
"DELETE /api/v1/activities/8/ HTTP/1.1" 403 11870
Unauthorized: /api/v1/activities/8/
"GET /api/v1/activities/8/ HTTP/1.1" 401 59
Not Found: /favicon.ico
"GET /favicon.ico HTTP/1.1" 404 26286
C:\Users\User\OneDrive\Desktop\computer_science\work\GenericWeb\backend\generic3\activities\views.py changed, reloading.
Watching for file changes with StatReloader
Internal Server Error: /api/v1/activities/8/
Traceback (most recent call last):
  File "C:\Users\User\OneDrive\Desktop\computer_science\work\GenericWeb\backend\venv\Lib\site-packages\django\core\handlers\exception.py", line 55, in inner
    response = get_response(request)
               ^^^^^^^^^^^^^^^^^^^^^
  File "C:\Users\User\OneDrive\Desktop\computer_science\work\GenericWeb\backend\venv\Lib\site-packages\django\core\handlers\base.py", line 197, in _get_response
    response = wrapped_callback(request, *callback_args, **callback_kwargs)
               ^^^^^^^^^^^^^^^^^^^^^^^^^^^^^^^^^^^^^^^^^^^^^^^^^^^^^^^^^^^^
  File "C:\Users\User\OneDrive\Desktop\computer_science\work\GenericWeb\backend\venv\Lib\site-packages\django\views\decorators\csrf.py", line 56, in wrapper_view
    return view_func(*args, **kwargs)
           ^^^^^^^^^^^^^^^^^^^^^^^^^^
  File "C:\Users\User\OneDrive\Desktop\computer_science\work\GenericWeb\backend\venv\Lib\site-packages\django\views\generic\base.py", line 104, in view
    return self.dispatch(request, *args, **kwargs)
           ^^^^^^^^^^^^^^^^^^^^^^^^^^^^^^^^^^^^^^^
  File "C:\Users\User\OneDrive\Desktop\computer_science\work\GenericWeb\backend\venv\Lib\site-packages\rest_framework\views.py", line 509, in dispatch
    response = self.handle_exception(exc)
               ^^^^^^^^^^^^^^^^^^^^^^^^^^
  File "C:\Users\User\OneDrive\Desktop\computer_science\work\GenericWeb\backend\venv\Lib\site-packages\rest_framework\views.py", line 469, in handle_exception
    self.raise_uncaught_exception(exc)
  File "C:\Users\User\OneDrive\Desktop\computer_science\work\GenericWeb\backend\venv\Lib\site-packages\rest_framework\views.py", line 480, in raise_uncaught_exception
    raise exc
  File "C:\Users\User\OneDrive\Desktop\computer_science\work\GenericWeb\backend\venv\Lib\site-packages\rest_framework\views.py", line 506, in dispatch
    response = handler(request, *args, **kwargs)
               ^^^^^^^^^^^^^^^^^^^^^^^^^^^^^^^^^
  File "C:\Users\User\OneDrive\Desktop\computer_science\work\GenericWeb\backend\venv\Lib\site-packages\rest_framework\decorators.py", line 50, in handler
    return func(*args, **kwargs)
           ^^^^^^^^^^^^^^^^^^^^^
  File "C:\Users\User\OneDrive\Desktop\computer_science\work\GenericWeb\backend\generic3\activities\views.py", line 221, in activity_detail
    patient_activity = PatientActivity.objects.get(activity=activity,clinic=clinic, patient=patient)
                                                                            ^^^^^^
UnboundLocalError: cannot access local variable 'clinic' where it is not associated with a value
"DELETE /api/v1/activities/8/ HTTP/1.1" 500 121600
C:\Users\User\OneDrive\Desktop\computer_science\work\GenericWeb\backend\generic3\activities\views.py changed, reloading.
Watching for file changes with StatReloader
Not Found: /api/v1/activities/8/
"DELETE /api/v1/activities/8/ HTTP/1.1" 404 31
C:\Users\User\OneDrive\Desktop\computer_science\work\GenericWeb\backend\generic3\activities\views.py changed, reloading.
Watching for file changes with StatReloader
C:\Users\User\OneDrive\Desktop\computer_science\work\GenericWeb\backend\generic3\activities\views.py changed, reloading.
Watching for file changes with StatReloader
Not Found: /api/v1/activities/8/
"DELETE /api/v1/activities/8/ HTTP/1.1" 404 31
C:\Users\User\OneDrive\Desktop\computer_science\work\GenericWeb\backend\generic3\activities\views.py changed, reloading.
Watching for file changes with StatReloader
Not Found: /api/v1/activities/8/
"DELETE /api/v1/activities/8/ HTTP/1.1" 404 31
C:\Users\User\OneDrive\Desktop\computer_science\work\GenericWeb\backend\generic3\activities\views.py changed, reloading.
Watching for file changes with StatReloader
Not Found: /api/v1/activities/8/
"DELETE /api/v1/activities/8/ HTTP/1.1" 404 31
C:\Users\User\OneDrive\Desktop\computer_science\work\GenericWeb\backend\generic3\activities\views.py changed, reloading.
Watching for file changes with StatReloader
C:\Users\User\OneDrive\Desktop\computer_science\work\GenericWeb\backend\generic3\activities\views.py changed, reloading.
Watching for file changes with StatReloader
"GET /api/v1/activities/8/?clinic_id=1&patient_id=5 HTTP/1.1" 200 219
"DELETE /api/v1/activities/8/?clinic_id=1&patient_id=5 HTTP/1.1" 204 56
Bad Request: /api/v1/activities/8/
"GET /api/v1/activities/8/?clinic_id=1 HTTP/1.1" 400 51
"POST /api/v1/auth/logout/ HTTP/1.1" 200 38
"POST /api/v1/auth/login/ HTTP/1.1" 200 1123
"GET /api/v1/activities/8/?clinic_id=1 HTTP/1.1" 200 85
"GET /api/v1/activities/8/?clinic_id=1&patient_id=5 HTTP/1.1" 200 85
"DELETE /api/v1/activities/8/?clinic_id=1 HTTP/1.1" 204 55
Bad Request: /api/v1/activities/8/
"GET /api/v1/activities/8/ HTTP/1.1" 400 35
"POST /api/v1/auth/login/ HTTP/1.1" 200 1093
"GET /api/v1/activities/8/ HTTP/1.1" 200 85
"PUT /api/v1/activities/8/ HTTP/1.1" 200 80
"GET /api/v1/activities/8/ HTTP/1.1" 200 80
"DELETE /api/v1/activities/8/ HTTP/1.1" 204 43
Not Found: /api/v1/activities/8/
"DELETE /api/v1/activities/8/ HTTP/1.1" 404 32
"POST /api/v1/activities/ HTTP/1.1" 201 85
Not Found: /api/v1/activities/8/
"GET /api/v1/activities/8/ HTTP/1.1" 404 32
"GET /api/v1/activities/9/ HTTP/1.1" 200 85
"DELETE /api/v1/activities/9/ HTTP/1.1" 204 43
C:\Users\User\OneDrive\Desktop\computer_science\work\GenericWeb\backend\generic3\activities\views.py changed, reloading.
Watching for file changes with StatReloader
C:\Users\User\OneDrive\Desktop\computer_science\work\GenericWeb\backend\generic3\activities\views.py changed, reloading.
Watching for file changes with StatReloader
C:\Users\User\OneDrive\Desktop\computer_science\work\GenericWeb\backend\generic3\activities\views.py changed, reloading.
Watching for file changes with StatReloader
"POST /api/v1/activities/ HTTP/1.1" 201 86
Bad Request: /api/v1/activities/
"POST /api/v1/activities/ HTTP/1.1" 400 52
"POST /api/v1/auth/login/ HTTP/1.1" 200 1123
"POST /api/v1/activities/ HTTP/1.1" 201 86
"GET /api/v1/activities/10/?clinic_id=1 HTTP/1.1" 200 86
"POST /api/v1/auth/login/ HTTP/1.1" 200 1246
"POST /api/v1/activities/ HTTP/1.1" 201 86
Not Found: /api/v1/activities/8/
"GET /api/v1/activities/8/?clinic_id=1&patient_id=5 HTTP/1.1" 404 32
"GET /api/v1/activities/10/?clinic_id=1&patient_id=5 HTTP/1.1" 200 220
"PUT /api/v1/activities/10/?clinic_id=1&patient_id=5 HTTP/1.1" 200 291
"DELETE /api/v1/activities/10/?clinic_id=1&patient_id=5 HTTP/1.1" 204 56
C:\Users\User\OneDrive\Desktop\computer_science\work\GenericWeb\backend\generic3\activities\views.py changed, reloading.
Watching for file changes with StatReloader
C:\Users\User\OneDrive\Desktop\computer_science\work\GenericWeb\backend\generic3\activities\urls.py changed, reloading.
Watching for file changes with StatReloader
C:\Users\User\OneDrive\Desktop\computer_science\work\GenericWeb\backend\generic3\activities\urls.py changed, reloading.
Watching for file changes with StatReloader
C:\Users\User\OneDrive\Desktop\computer_science\work\GenericWeb\backend\generic3\activities\urls.py changed, reloading.
Watching for file changes with StatReloader
C:\Users\User\OneDrive\Desktop\computer_science\work\GenericWeb\backend\generic3\activities\views.py changed, reloading.
Watching for file changes with StatReloader
C:\Users\User\OneDrive\Desktop\computer_science\work\GenericWeb\backend\generic3\activities\views.py changed, reloading.
Watching for file changes with StatReloader
C:\Users\User\OneDrive\Desktop\computer_science\work\GenericWeb\backend\generic3\users\models.py changed, reloading.
Watching for file changes with StatReloader
C:\Users\User\OneDrive\Desktop\computer_science\work\GenericWeb\backend\generic3\activities\views.py changed, reloading.
Watching for file changes with StatReloader
C:\Users\User\OneDrive\Desktop\computer_science\work\GenericWeb\backend\generic3\activities\views.py changed, reloading.
Watching for file changes with StatReloader
C:\Users\User\OneDrive\Desktop\computer_science\work\GenericWeb\backend\generic3\activities\views.py changed, reloading.
Watching for file changes with StatReloader
C:\Users\User\OneDrive\Desktop\computer_science\work\GenericWeb\backend\generic3\activities\views.py changed, reloading.
Watching for file changes with StatReloader
C:\Users\User\OneDrive\Desktop\computer_science\work\GenericWeb\backend\generic3\activities\views.py changed, reloading.
Watching for file changes with StatReloader
C:\Users\User\OneDrive\Desktop\computer_science\work\GenericWeb\backend\generic3\activities\urls.py changed, reloading.
Watching for file changes with StatReloader
Unauthorized: /api/v1/activity-reports/
"GET /api/v1/activity-reports/ HTTP/1.1" 401 58
"POST /api/v1/auth/login/ HTTP/1.1" 200 1093
Internal Server Error: /api/v1/activity-reports/
Traceback (most recent call last):
  File "C:\Users\User\OneDrive\Desktop\computer_science\work\GenericWeb\backend\venv\Lib\site-packages\django\core\handlers\exception.py", line 55, in inner
    response = get_response(request)
               ^^^^^^^^^^^^^^^^^^^^^
  File "C:\Users\User\OneDrive\Desktop\computer_science\work\GenericWeb\backend\venv\Lib\site-packages\django\core\handlers\base.py", line 197, in _get_response
    response = wrapped_callback(request, *callback_args, **callback_kwargs)
               ^^^^^^^^^^^^^^^^^^^^^^^^^^^^^^^^^^^^^^^^^^^^^^^^^^^^^^^^^^^^
  File "C:\Users\User\OneDrive\Desktop\computer_science\work\GenericWeb\backend\venv\Lib\site-packages\django\views\decorators\csrf.py", line 56, in wrapper_view
    return view_func(*args, **kwargs)
           ^^^^^^^^^^^^^^^^^^^^^^^^^^
  File "C:\Users\User\OneDrive\Desktop\computer_science\work\GenericWeb\backend\venv\Lib\site-packages\django\views\generic\base.py", line 104, in view
    return self.dispatch(request, *args, **kwargs)
           ^^^^^^^^^^^^^^^^^^^^^^^^^^^^^^^^^^^^^^^
  File "C:\Users\User\OneDrive\Desktop\computer_science\work\GenericWeb\backend\venv\Lib\site-packages\rest_framework\views.py", line 509, in dispatch
    response = self.handle_exception(exc)
               ^^^^^^^^^^^^^^^^^^^^^^^^^^
  File "C:\Users\User\OneDrive\Desktop\computer_science\work\GenericWeb\backend\venv\Lib\site-packages\rest_framework\views.py", line 469, in handle_exception
    self.raise_uncaught_exception(exc)
  File "C:\Users\User\OneDrive\Desktop\computer_science\work\GenericWeb\backend\venv\Lib\site-packages\rest_framework\views.py", line 480, in raise_uncaught_exception
    raise exc
  File "C:\Users\User\OneDrive\Desktop\computer_science\work\GenericWeb\backend\venv\Lib\site-packages\rest_framework\views.py", line 506, in dispatch
    response = handler(request, *args, **kwargs)
               ^^^^^^^^^^^^^^^^^^^^^^^^^^^^^^^^^
  File "C:\Users\User\OneDrive\Desktop\computer_science\work\GenericWeb\backend\venv\Lib\site-packages\rest_framework\decorators.py", line 50, in handler
    return func(*args, **kwargs)
           ^^^^^^^^^^^^^^^^^^^^^
  File "C:\Users\User\OneDrive\Desktop\computer_science\work\GenericWeb\backend\generic3\activities\views.py", line 338, in activity_reports
    report_list = [
                  ^
  File "C:\Users\User\OneDrive\Desktop\computer_science\work\GenericWeb\backend\generic3\activities\views.py", line 347, in <listcomp>
    "id": report.patient.id,
          ^^^^^^^^^^^^^^^^^
AttributeError: 'Patient' object has no attribute 'id'
"GET /api/v1/activity-reports/ HTTP/1.1" 500 125347
C:\Users\User\OneDrive\Desktop\computer_science\work\GenericWeb\backend\generic3\activities\views.py changed, reloading.
Watching for file changes with StatReloader
"GET /api/v1/activity-reports/ HTTP/1.1" 200 226
"GET /api/v1/activity-reports/?clinic_id=1 HTTP/1.1" 200 226
"GET /api/v1/activity-reports/?clinic_id=1&patient_id=5 HTTP/1.1" 200 226
"GET /api/v1/activity-reports/?clinic_id=1&patient_id=5 HTTP/1.1" 200 226
"POST /api/v1/activity-reports/?clinic_id=1&patient_id=5 HTTP/1.1" 201 50
"GET /api/v1/activity-reports/?clinic_id=1&patient_id=5 HTTP/1.1" 200 452
Internal Server Error: /api/v1/activity-reports/
Traceback (most recent call last):
  File "C:\Users\User\OneDrive\Desktop\computer_science\work\GenericWeb\backend\venv\Lib\site-packages\django\core\handlers\exception.py", line 55, in inner
    response = get_response(request)
               ^^^^^^^^^^^^^^^^^^^^^
  File "C:\Users\User\OneDrive\Desktop\computer_science\work\GenericWeb\backend\venv\Lib\site-packages\django\core\handlers\base.py", line 197, in _get_response
    response = wrapped_callback(request, *callback_args, **callback_kwargs)
               ^^^^^^^^^^^^^^^^^^^^^^^^^^^^^^^^^^^^^^^^^^^^^^^^^^^^^^^^^^^^
  File "C:\Users\User\OneDrive\Desktop\computer_science\work\GenericWeb\backend\venv\Lib\site-packages\django\views\decorators\csrf.py", line 56, in wrapper_view
    return view_func(*args, **kwargs)
           ^^^^^^^^^^^^^^^^^^^^^^^^^^
  File "C:\Users\User\OneDrive\Desktop\computer_science\work\GenericWeb\backend\venv\Lib\site-packages\django\views\generic\base.py", line 104, in view
    return self.dispatch(request, *args, **kwargs)
           ^^^^^^^^^^^^^^^^^^^^^^^^^^^^^^^^^^^^^^^
  File "C:\Users\User\OneDrive\Desktop\computer_science\work\GenericWeb\backend\venv\Lib\site-packages\rest_framework\views.py", line 509, in dispatch
    response = self.handle_exception(exc)
               ^^^^^^^^^^^^^^^^^^^^^^^^^^
  File "C:\Users\User\OneDrive\Desktop\computer_science\work\GenericWeb\backend\venv\Lib\site-packages\rest_framework\views.py", line 469, in handle_exception
    self.raise_uncaught_exception(exc)
  File "C:\Users\User\OneDrive\Desktop\computer_science\work\GenericWeb\backend\venv\Lib\site-packages\rest_framework\views.py", line 480, in raise_uncaught_exception
    raise exc
  File "C:\Users\User\OneDrive\Desktop\computer_science\work\GenericWeb\backend\venv\Lib\site-packages\rest_framework\views.py", line 506, in dispatch
    response = handler(request, *args, **kwargs)
               ^^^^^^^^^^^^^^^^^^^^^^^^^^^^^^^^^
  File "C:\Users\User\OneDrive\Desktop\computer_science\work\GenericWeb\backend\venv\Lib\site-packages\rest_framework\decorators.py", line 50, in handler
    return func(*args, **kwargs)
           ^^^^^^^^^^^^^^^^^^^^^
  File "C:\Users\User\OneDrive\Desktop\computer_science\work\GenericWeb\backend\generic3\activities\views.py", line 469, in activity_reports
    timestamp = timezone.now()
                ^^^^^^^^
NameError: name 'timezone' is not defined
"POST /api/v1/activity-reports/?clinic_id=1&patient_id=5 HTTP/1.1" 500 122409
C:\Users\User\OneDrive\Desktop\computer_science\work\GenericWeb\backend\generic3\activities\views.py changed, reloading.
Watching for file changes with StatReloader
"POST /api/v1/activity-reports/?clinic_id=1&patient_id=5 HTTP/1.1" 201 50
"GET /api/v1/activity-reports/?clinic_id=1&patient_id=5 HTTP/1.1" 200 678
C:\Users\User\OneDrive\Desktop\computer_science\work\GenericWeb\backend\generic3\activities\urls.py changed, reloading.
Watching for file changes with StatReloader
C:\Users\User\OneDrive\Desktop\computer_science\work\GenericWeb\backend\generic3\activities\views.py changed, reloading.
Watching for file changes with StatReloader
C:\Users\User\OneDrive\Desktop\computer_science\work\GenericWeb\backend\generic3\activities\views.py changed, reloading.
Watching for file changes with StatReloader
C:\Users\User\OneDrive\Desktop\computer_science\work\GenericWeb\backend\generic3\activities\views.py changed, reloading.
Watching for file changes with StatReloader
C:\Users\User\OneDrive\Desktop\computer_science\work\GenericWeb\backend\generic3\activities\views.py changed, reloading.
Watching for file changes with StatReloader
C:\Users\User\OneDrive\Desktop\computer_science\work\GenericWeb\backend\generic3\activities\views.py changed, reloading.
Watching for file changes with StatReloader
C:\Users\User\OneDrive\Desktop\computer_science\work\GenericWeb\backend\generic3\activities\views.py changed, reloading.
Watching for file changes with StatReloader
C:\Users\User\OneDrive\Desktop\computer_science\work\GenericWeb\backend\generic3\activities\views.py changed, reloading.
Watching for file changes with StatReloader
"POST /api/v1/bundles/?clinic_id=1 HTTP/1.1" 201 149
"GET /api/v1/bundles/1/ HTTP/1.1" 200 313
"GET /api/v1/bundles/ HTTP/1.1" 200 315
Not Found: /api/v1/bundles/
"POST /api/v1/bundles/?clinic_id=2 HTTP/1.1" 404 61
Not Found: /api/v1/bundles/
"POST /api/v1/bundles/?clinic_id=2 HTTP/1.1" 404 61
Not Found: /api/v1/bundles/
"POST /api/v1/bundles/?clinic_id=2 HTTP/1.1" 404 61
"GET /api/v1/bundles/1/ HTTP/1.1" 200 313
Not Found: /api/v1/bundles/1/
"PUT /api/v1/bundles/1/?clinic_id=1 HTTP/1.1" 404 61
"PUT /api/v1/bundles/1/?clinic_id=1 HTTP/1.1" 200 367
"PUT /api/v1/bundles/1/?clinic_id=1&patient_id=5 HTTP/1.1" 200 367
"PUT /api/v1/bundles/1/?clinic_id=1&patient_id=5 HTTP/1.1" 200 367
"PUT /api/v1/bundles/1/?clinic_id=1&patient_id=5 HTTP/1.1" 200 367
"POST /api/v1/auth/login/ HTTP/1.1" 200 1246
"PUT /api/v1/bundles/1/?clinic_id=1&patient_id=5 HTTP/1.1" 201 98
"DELETE /api/v1/bundles/1/?clinic_id=1&patient_id=5 HTTP/1.1" 204 54
Forbidden: /api/v1/bundles/1/
"DELETE /api/v1/bundles/1/?clinic_id=1 HTTP/1.1" 403 31
"POST /api/v1/auth/login/ HTTP/1.1" 200 1123
"DELETE /api/v1/bundles/1/?clinic_id=1 HTTP/1.1" 204 41
Not Found: /api/v1/bundles/1/
"DELETE /api/v1/bundles/1/ HTTP/1.1" 404 30
C:\Users\User\OneDrive\Desktop\computer_science\work\GenericWeb\backend\generic3\activities\urls.py changed, reloading.
Watching for file changes with StatReloader
Watching for file changes with StatReloader
C:\Users\User\OneDrive\Desktop\computer_science\work\GenericWeb\backend\generic3\activities\admin.py changed, reloading.
Watching for file changes with StatReloader
C:\Users\User\OneDrive\Desktop\computer_science\work\GenericWeb\backend\generic3\activities\admin.py changed, reloading.
Watching for file changes with StatReloader
C:\Users\User\OneDrive\Desktop\computer_science\work\GenericWeb\backend\generic3\medications\models.py changed, reloading.
Watching for file changes with StatReloader
C:\Users\User\OneDrive\Desktop\computer_science\work\GenericWeb\backend\generic3\medications\admin.py changed, reloading.
Watching for file changes with StatReloader
Watching for file changes with StatReloader
Watching for file changes with StatReloader
C:\Users\User\OneDrive\Desktop\computer_science\work\GenericWeb\backend\generic3\medications\urls.py changed, reloading.
Watching for file changes with StatReloader
C:\Users\User\OneDrive\Desktop\computer_science\work\GenericWeb\backend\generic3\medications\views.py changed, reloading.
Watching for file changes with StatReloader
C:\Users\User\OneDrive\Desktop\computer_science\work\GenericWeb\backend\generic3\medications\views.py changed, reloading.
Watching for file changes with StatReloader
C:\Users\User\OneDrive\Desktop\computer_science\work\GenericWeb\backend\generic3\medications\views.py changed, reloading.
Watching for file changes with StatReloader
C:\Users\User\OneDrive\Desktop\computer_science\work\GenericWeb\backend\generic3\medications\views.py changed, reloading.
Watching for file changes with StatReloader
C:\Users\User\OneDrive\Desktop\computer_science\work\GenericWeb\backend\generic3\medications\views.py changed, reloading.
Watching for file changes with StatReloader
C:\Users\User\OneDrive\Desktop\computer_science\work\GenericWeb\backend\generic3\medications\views.py changed, reloading.
Watching for file changes with StatReloader
C:\Users\User\OneDrive\Desktop\computer_science\work\GenericWeb\backend\generic3\medications\views.py changed, reloading.
Watching for file changes with StatReloader
C:\Users\User\OneDrive\Desktop\computer_science\work\GenericWeb\backend\generic3\medications\views.py changed, reloading.
Watching for file changes with StatReloader
C:\Users\User\OneDrive\Desktop\computer_science\work\GenericWeb\backend\generic3\medications\views.py changed, reloading.
Watching for file changes with StatReloader
C:\Users\User\OneDrive\Desktop\computer_science\work\GenericWeb\backend\generic3\medications\models.py changed, reloading.
Watching for file changes with StatReloader
C:\Users\User\OneDrive\Desktop\computer_science\work\GenericWeb\backend\generic3\medications\models.py changed, reloading.
Watching for file changes with StatReloader
C:\Users\User\OneDrive\Desktop\computer_science\work\GenericWeb\backend\generic3\medications\models.py changed, reloading.
Watching for file changes with StatReloader
C:\Users\User\OneDrive\Desktop\computer_science\work\GenericWeb\backend\generic3\medications\views.py changed, reloading.
Watching for file changes with StatReloader
C:\Users\User\OneDrive\Desktop\computer_science\work\GenericWeb\backend\generic3\medications\views.py changed, reloading.
Watching for file changes with StatReloader
C:\Users\User\OneDrive\Desktop\computer_science\work\GenericWeb\backend\generic3\medications\views.py changed, reloading.
Watching for file changes with StatReloader
C:\Users\User\OneDrive\Desktop\computer_science\work\GenericWeb\backend\generic3\medications\views.py changed, reloading.
Watching for file changes with StatReloader
C:\Users\User\OneDrive\Desktop\computer_science\work\GenericWeb\backend\generic3\medications\views.py changed, reloading.
Watching for file changes with StatReloader
C:\Users\User\OneDrive\Desktop\computer_science\work\GenericWeb\backend\generic3\medications\views.py changed, reloading.
Watching for file changes with StatReloader
C:\Users\User\OneDrive\Desktop\computer_science\work\GenericWeb\backend\generic3\medications\views.py changed, reloading.
Watching for file changes with StatReloader
C:\Users\User\OneDrive\Desktop\computer_science\work\GenericWeb\backend\generic3\medications\views.py changed, reloading.
Watching for file changes with StatReloader
C:\Users\User\OneDrive\Desktop\computer_science\work\GenericWeb\backend\generic3\medications\views.py changed, reloading.
Watching for file changes with StatReloader
C:\Users\User\OneDrive\Desktop\computer_science\work\GenericWeb\backend\generic3\medications\views.py changed, reloading.
Watching for file changes with StatReloader
C:\Users\User\OneDrive\Desktop\computer_science\work\GenericWeb\backend\generic3\medications\views.py changed, reloading.
Watching for file changes with StatReloader
C:\Users\User\OneDrive\Desktop\computer_science\work\GenericWeb\backend\generic3\medications\urls.py changed, reloading.
Watching for file changes with StatReloader
C:\Users\User\OneDrive\Desktop\computer_science\work\GenericWeb\backend\generic3\medications\views.py changed, reloading.
Watching for file changes with StatReloader
C:\Users\User\OneDrive\Desktop\computer_science\work\GenericWeb\backend\generic3\medications\views.py changed, reloading.
Watching for file changes with StatReloader
C:\Users\User\OneDrive\Desktop\computer_science\work\GenericWeb\backend\generic3\medications\views.py changed, reloading.
Watching for file changes with StatReloader
C:\Users\User\OneDrive\Desktop\computer_science\work\GenericWeb\backend\generic3\medications\views.py changed, reloading.
Watching for file changes with StatReloader
C:\Users\User\OneDrive\Desktop\computer_science\work\GenericWeb\backend\generic3\medications\views.py changed, reloading.
Watching for file changes with StatReloader
C:\Users\User\OneDrive\Desktop\computer_science\work\GenericWeb\backend\generic3\medications\views.py changed, reloading.
Watching for file changes with StatReloader
C:\Users\User\OneDrive\Desktop\computer_science\work\GenericWeb\backend\generic3\medications\views.py changed, reloading.
Watching for file changes with StatReloader
C:\Users\User\OneDrive\Desktop\computer_science\work\GenericWeb\backend\generic3\medications\views.py changed, reloading.
Watching for file changes with StatReloader
C:\Users\User\OneDrive\Desktop\computer_science\work\GenericWeb\backend\generic3\medications\views.py changed, reloading.
Watching for file changes with StatReloader
C:\Users\User\OneDrive\Desktop\computer_science\work\GenericWeb\backend\generic3\medications\urls.py changed, reloading.
Watching for file changes with StatReloader
Unauthorized: /api/v1/medications/
"GET /api/v1/medications/ HTTP/1.1" 401 58
"POST /api/v1/auth/login/ HTTP/1.1" 200 1093
"GET /api/v1/medications/ HTTP/1.1" 200 573960
"GET /api/v1/medications/?clinic_id=1 HTTP/1.1" 200 720
"GET /api/v1/medications/?clinic_id=1&patient_id=5 HTTP/1.1" 200 720
"POST /api/v1/medications/ HTTP/1.1" 201 69
Bad Request: /api/v1/medications/
"POST /api/v1/medications/ HTTP/1.1" 400 56
"POST /api/v1/medications/ HTTP/1.1" 201 66
Bad Request: /api/v1/medications/
"POST /api/v1/medications/ HTTP/1.1" 400 56
"POST /api/v1/auth/login/ HTTP/1.1" 200 1123
"POST /api/v1/medications/ HTTP/1.1" 201 68
"POST /api/v1/medications/ HTTP/1.1" 201 68
"POST /api/v1/auth/login/ HTTP/1.1" 200 1246
"POST /api/v1/medications/ HTTP/1.1" 201 68
Bad Request: /api/v1/medications/1000007960/
"GET /api/v1/medications/1000007960/ HTTP/1.1" 400 51
Not Found: /api/v1/medications/1000007960/
"GET /api/v1/medications/1000007960/?clinic_id=1&patient_id=5 HTTP/1.1" 404 66
"POST /api/v1/medications/ HTTP/1.1" 201 68
Internal Server Error: /api/v1/medications/1999022183/
Traceback (most recent call last):
  File "C:\Users\User\OneDrive\Desktop\computer_science\work\GenericWeb\backend\venv\Lib\site-packages\django\core\handlers\exception.py", line 55, in inner
    response = get_response(request)
               ^^^^^^^^^^^^^^^^^^^^^
  File "C:\Users\User\OneDrive\Desktop\computer_science\work\GenericWeb\backend\venv\Lib\site-packages\django\core\handlers\base.py", line 197, in _get_response
    response = wrapped_callback(request, *callback_args, **callback_kwargs)
               ^^^^^^^^^^^^^^^^^^^^^^^^^^^^^^^^^^^^^^^^^^^^^^^^^^^^^^^^^^^^
  File "C:\Users\User\OneDrive\Desktop\computer_science\work\GenericWeb\backend\venv\Lib\site-packages\django\views\decorators\csrf.py", line 56, in wrapper_view
    return view_func(*args, **kwargs)
           ^^^^^^^^^^^^^^^^^^^^^^^^^^
  File "C:\Users\User\OneDrive\Desktop\computer_science\work\GenericWeb\backend\venv\Lib\site-packages\django\views\generic\base.py", line 104, in view
    return self.dispatch(request, *args, **kwargs)
           ^^^^^^^^^^^^^^^^^^^^^^^^^^^^^^^^^^^^^^^
  File "C:\Users\User\OneDrive\Desktop\computer_science\work\GenericWeb\backend\venv\Lib\site-packages\rest_framework\views.py", line 509, in dispatch
    response = self.handle_exception(exc)
               ^^^^^^^^^^^^^^^^^^^^^^^^^^
  File "C:\Users\User\OneDrive\Desktop\computer_science\work\GenericWeb\backend\venv\Lib\site-packages\rest_framework\views.py", line 469, in handle_exception
    self.raise_uncaught_exception(exc)
  File "C:\Users\User\OneDrive\Desktop\computer_science\work\GenericWeb\backend\venv\Lib\site-packages\rest_framework\views.py", line 480, in raise_uncaught_exception
    raise exc
  File "C:\Users\User\OneDrive\Desktop\computer_science\work\GenericWeb\backend\venv\Lib\site-packages\rest_framework\views.py", line 506, in dispatch
    response = handler(request, *args, **kwargs)
               ^^^^^^^^^^^^^^^^^^^^^^^^^^^^^^^^^
  File "C:\Users\User\OneDrive\Desktop\computer_science\work\GenericWeb\backend\venv\Lib\site-packages\rest_framework\decorators.py", line 50, in handler
    return func(*args, **kwargs)
           ^^^^^^^^^^^^^^^^^^^^^
  File "C:\Users\User\OneDrive\Desktop\computer_science\work\GenericWeb\backend\generic3\medications\views.py", line 208, in medication_detail
    patient_medication = PatientMedicine.objects.get(medicine=medication, clinic=clinic, patient=patient)
                         ^^^^^^^^^^^^^^^^^^^^^^^^^^^^^^^^^^^^^^^^^^^^^^^^^^^^^^^^^^^^^^^^^^^^^^^^^^^^^^^^
  File "C:\Users\User\OneDrive\Desktop\computer_science\work\GenericWeb\backend\venv\Lib\site-packages\django\db\models\manager.py", line 87, in manager_method
    return getattr(self.get_queryset(), name)(*args, **kwargs)
           ^^^^^^^^^^^^^^^^^^^^^^^^^^^^^^^^^^^^^^^^^^^^^^^^^^^
  File "C:\Users\User\OneDrive\Desktop\computer_science\work\GenericWeb\backend\venv\Lib\site-packages\django\db\models\query.py", line 640, in get
    raise self.model.MultipleObjectsReturned(
medications.models.PatientMedicine.MultipleObjectsReturned: get() returned more than one PatientMedicine -- it returned 2!
"GET /api/v1/medications/1999022183/?clinic_id=1&patient_id=5 HTTP/1.1" 500 132646
"GET /api/v1/medications/1999022183/?clinic_id=1&patient_id=5 HTTP/1.1" 200 218
"POST /api/v1/auth/login/ HTTP/1.1" 200 1123
"GET /api/v1/medications/1999022183/?clinic_id=1 HTTP/1.1" 200 68
Bad Request: /api/v1/medications/1999022183/
"GET /api/v1/medications/1999022183/ HTTP/1.1" 400 35
"POST /api/v1/auth/login/ HTTP/1.1" 200 1093
"PUT /api/v1/medications/1999022183/ HTTP/1.1" 200 68
"PUT /api/v1/medications/1999022183/ HTTP/1.1" 200 68
"PUT /api/v1/medications/1999022183/ HTTP/1.1" 200 80
"POST /api/v1/auth/login/ HTTP/1.1" 200 1246
"PUT /api/v1/medications/1999022183/?clinic_id=1&patient_id=5 HTTP/1.1" 200 294
"PUT /api/v1/medications/1999022183/?clinic_id=1&patient_id=5 HTTP/1.1" 200 326
"DELETE /api/v1/medications/1999022183/?clinic_id=1&patient_id=5 HTTP/1.1" 204 58
"POST /api/v1/auth/login/ HTTP/1.1" 200 1123
"DELETE /api/v1/medications/1999022183/?clinic_id=1 HTTP/1.1" 204 57
Bad Request: /api/v1/medications/1999022183/
"DELETE /api/v1/medications/1999022183/ HTTP/1.1" 400 35
"POST /api/v1/auth/login/ HTTP/1.1" 200 1093
"DELETE /api/v1/medications/1999022183/ HTTP/1.1" 204 45
"GET /api/v1/medications/bundles/ HTTP/1.1" 200 2
Watching for file changes with StatReloader
C:\Users\User\OneDrive\Desktop\computer_science\work\GenericWeb\backend\generic3\modules\urls.py changed, reloading.
Watching for file changes with StatReloader
C:\Users\User\OneDrive\Desktop\computer_science\work\GenericWeb\backend\generic3\modules\views.py changed, reloading.
Watching for file changes with StatReloader
Watching for file changes with StatReloader
Bad Request: /api/v1/auth/login/
"POST /api/v1/auth/login/ HTTP/1.1" 400 70
Unauthorized: /api/v1/modules/
"GET /api/v1/modules/ HTTP/1.1" 401 58
Bad Request: /api/v1/auth/login/
"POST /api/v1/auth/login/ HTTP/1.1" 400 70
Bad Request: /api/v1/auth/login/
"POST /api/v1/auth/login/ HTTP/1.1" 400 70
"POST /api/v1/auth/login/ HTTP/1.1" 200 1093
"GET /api/v1/modules/ HTTP/1.1" 200 589
"POST /api/v1/modules/ HTTP/1.1" 201 71
"GET /api/v1/modules/ HTTP/1.1" 200 661
"GET /api/v1/modules/1/ HTTP/1.1" 200 91
"GET /api/v1/modules/9/ HTTP/1.1" 200 71
"PUT /api/v1/modules/9/ HTTP/1.1" 200 88
"PATCH /api/v1/modules/9/ HTTP/1.1" 200 79
"DELETE /api/v1/modules/9/ HTTP/1.1" 204 0
"GET /api/v1/modules/ HTTP/1.1" 200 589
"POST /api/v1/auth/login/ HTTP/1.1" 200 1123
"GET /api/v1/clinics/1/modules/ HTTP/1.1" 200 523
"POST /api/v1/clinics/1/modules/ HTTP/1.1" 201 46
"GET /api/v1/clinics/1/modules/ HTTP/1.1" 200 628
"GET /api/v1/clinics/1/modules/4/ HTTP/1.1" 200 56
"PATCH /api/v1/clinics/1/modules/4/ HTTP/1.1" 200 65
"PATCH /api/v1/clinics/1/modules/4/ HTTP/1.1" 200 66
"DELETE /api/v1/clinics/1/modules/7/ HTTP/1.1" 204 0
"POST /api/v1/auth/login/ HTTP/1.1" 200 1246
"GET /api/v1/clinics/1/patients/5/modules/ HTTP/1.1" 200 339
"POST /api/v1/clinics/1/patients/5/modules/ HTTP/1.1" 201 47
"GET /api/v1/clinics/1/patients/5/modules/ HTTP/1.1" 200 427
"GET /api/v1/clinics/1/patients/5/modules/3/ HTTP/1.1" 200 60
"PATCH /api/v1/clinics/1/patients/5/modules/3/ HTTP/1.1" 200 67
"PATCH /api/v1/clinics/1/patients/5/modules/3/ HTTP/1.1" 200 66
"DELETE /api/v1/clinics/1/patients/5/modules/4/ HTTP/1.1" 204 0
Watching for file changes with StatReloader
"POST /api/v1/auth/login/ HTTP/1.1" 200 1093
"GET /api/v1/clinics/ HTTP/1.1" 200 1137
Internal Server Error: /api/v1/clinics/
"POST /api/v1/clinics/ HTTP/1.1" 500 44
C:\Users\User\OneDrive\Desktop\computer_science\work\GenericWeb\backend\generic3\generic3\utils.py changed, reloading.
Watching for file changes with StatReloader
Internal Server Error: /api/v1/clinics/
"POST /api/v1/clinics/ HTTP/1.1" 500 44
Internal Server Error: /api/v1/clinics/
"POST /api/v1/clinics/ HTTP/1.1" 500 44
C:\Users\User\OneDrive\Desktop\computer_science\work\GenericWeb\backend\generic3\generic3\utils.py changed, reloading.
Watching for file changes with StatReloader
Internal Server Error: /api/v1/clinics/
"POST /api/v1/clinics/ HTTP/1.1" 500 44
C:\Users\User\OneDrive\Desktop\computer_science\work\GenericWeb\backend\generic3\clinics\views.py changed, reloading.
Watching for file changes with StatReloader
Internal Server Error: /api/v1/clinics/
"POST /api/v1/clinics/ HTTP/1.1" 500 44
C:\Users\User\OneDrive\Desktop\computer_science\work\GenericWeb\backend\generic3\generic3\utils.py changed, reloading.
Watching for file changes with StatReloader
C:\Users\User\OneDrive\Desktop\computer_science\work\GenericWeb\backend\generic3\generic3\utils.py changed, reloading.
Watching for file changes with StatReloader
C:\Users\User\OneDrive\Desktop\computer_science\work\GenericWeb\backend\generic3\generic3\utils.py changed, reloading.
Watching for file changes with StatReloader
Internal Server Error: /api/v1/clinics/
"POST /api/v1/clinics/ HTTP/1.1" 500 44
"POST /api/v1/clinics/ HTTP/1.1" 201 42
"GET /api/v1/clinics/1/ HTTP/1.1" 200 429
Bad Request: /api/v1/clinics/
"POST /api/v1/clinics/ HTTP/1.1" 400 56
"GET /api/v1/clinics/ HTTP/1.1" 200 1560
"GET /api/v1/clinics/9/ HTTP/1.1" 200 421
"PUT /api/v1/clinics/9/ HTTP/1.1" 200 42
"GET /api/v1/clinics/9/ HTTP/1.1" 200 355
"PUT /api/v1/clinics/9/ HTTP/1.1" 200 42
"GET /api/v1/clinics/9/ HTTP/1.1" 200 432
"DELETE /api/v1/clinics/9/ HTTP/1.1" 204 42
Not Found: /api/v1/clinics/9/
"GET /api/v1/clinics/9/ HTTP/1.1" 404 29
"GET /api/v1/clinics/ HTTP/1.1" 200 1137
Watching for file changes with StatReloader
"POST /api/v1/auth/login/ HTTP/1.1" 200 800
"GET /api/v1/users/ HTTP/1.1" 200 1582
"GET /api/v1/users/?role=DOCTOR HTTP/1.1" 200 179
"GET /api/v1/users/ HTTP/1.1" 200 1582
"GET /api/v1/users/?role=CLINIC_MANAGER HTTP/1.1" 200 652
"GET /api/v1/users/?role=PATIENT&page=1&page_size=10 HTTP/1.1" 200 52
"GET /api/v1/users/ HTTP/1.1" 200 1582
"GET /api/v1/users/?role=RESEARCH_PATIENT&page=1&page_size=10 HTTP/1.1" 200 746
Internal Server Error: /api/v1/users/
Traceback (most recent call last):
  File "C:\Users\User\OneDrive\Desktop\computer_science\work\GenericWeb\backend\venv\Lib\site-packages\django\core\handlers\exception.py", line 55, in inner
    response = get_response(request)
               ^^^^^^^^^^^^^^^^^^^^^
  File "C:\Users\User\OneDrive\Desktop\computer_science\work\GenericWeb\backend\venv\Lib\site-packages\django\core\handlers\base.py", line 197, in _get_response
    response = wrapped_callback(request, *callback_args, **callback_kwargs)
               ^^^^^^^^^^^^^^^^^^^^^^^^^^^^^^^^^^^^^^^^^^^^^^^^^^^^^^^^^^^^
  File "C:\Users\User\OneDrive\Desktop\computer_science\work\GenericWeb\backend\venv\Lib\site-packages\django\views\decorators\csrf.py", line 56, in wrapper_view
    return view_func(*args, **kwargs)
           ^^^^^^^^^^^^^^^^^^^^^^^^^^
  File "C:\Users\User\OneDrive\Desktop\computer_science\work\GenericWeb\backend\venv\Lib\site-packages\django\views\generic\base.py", line 104, in view
    return self.dispatch(request, *args, **kwargs)
           ^^^^^^^^^^^^^^^^^^^^^^^^^^^^^^^^^^^^^^^
  File "C:\Users\User\OneDrive\Desktop\computer_science\work\GenericWeb\backend\venv\Lib\site-packages\rest_framework\views.py", line 509, in dispatch
    response = self.handle_exception(exc)
               ^^^^^^^^^^^^^^^^^^^^^^^^^^
  File "C:\Users\User\OneDrive\Desktop\computer_science\work\GenericWeb\backend\venv\Lib\site-packages\rest_framework\views.py", line 469, in handle_exception
    self.raise_uncaught_exception(exc)
  File "C:\Users\User\OneDrive\Desktop\computer_science\work\GenericWeb\backend\venv\Lib\site-packages\rest_framework\views.py", line 480, in raise_uncaught_exception
    raise exc
  File "C:\Users\User\OneDrive\Desktop\computer_science\work\GenericWeb\backend\venv\Lib\site-packages\rest_framework\views.py", line 506, in dispatch
    response = handler(request, *args, **kwargs)
               ^^^^^^^^^^^^^^^^^^^^^^^^^^^^^^^^^
  File "C:\Users\User\OneDrive\Desktop\computer_science\work\GenericWeb\backend\venv\Lib\site-packages\rest_framework\decorators.py", line 50, in handler
    return func(*args, **kwargs)
           ^^^^^^^^^^^^^^^^^^^^^
  File "C:\Users\User\OneDrive\Desktop\computer_science\work\GenericWeb\backend\generic3\users\views.py", line 118, in list_users
    if response["status"] != 200:
       ~~~~~~~~^^^^^^^^^^
  File "C:\Users\User\OneDrive\Desktop\computer_science\work\GenericWeb\backend\venv\Lib\site-packages\django\http\response.py", line 199, in __getitem__
    return self.headers[header]
           ~~~~~~~~~~~~^^^^^^^^
  File "C:\Users\User\OneDrive\Desktop\computer_science\work\GenericWeb\backend\venv\Lib\site-packages\django\utils\datastructures.py", line 309, in __getitem__
    return self._store[key.lower()][1]
           ~~~~~~~~~~~^^^^^^^^^^^^^
KeyError: 'status'
"POST /api/v1/users/ HTTP/1.1" 500 130511
Unauthorized: /api/v1/users/
"GET /api/v1/users/ HTTP/1.1" 401 14137
"GET /static/rest_framework/css/prettify.css HTTP/1.1" 200 817
"GET /static/rest_framework/css/default.css HTTP/1.1" 200 1152
"GET /static/rest_framework/css/bootstrap-tweaks.css HTTP/1.1" 200 3385
"GET /static/rest_framework/css/bootstrap.min.css HTTP/1.1" 200 121457
"GET /static/rest_framework/js/ajax-form.js HTTP/1.1" 200 3597
"GET /static/rest_framework/js/default.js HTTP/1.1" 200 1268
"GET /static/rest_framework/js/csrf.js HTTP/1.1" 200 1719
"GET /static/rest_framework/img/grid.png HTTP/1.1" 200 1458
"GET /static/rest_framework/js/prettify-min.js HTTP/1.1" 200 13632
"GET /static/rest_framework/js/bootstrap.min.js HTTP/1.1" 200 39680
"GET /static/rest_framework/js/jquery-3.5.1.min.js HTTP/1.1" 200 89476
Not Found: /favicon.ico
"GET /favicon.ico HTTP/1.1" 404 19403
"POST /api/v1/auth/login/ HTTP/1.1" 200 837
Internal Server Error: /api/v1/users/
Traceback (most recent call last):
  File "C:\Users\User\OneDrive\Desktop\computer_science\work\GenericWeb\backend\venv\Lib\site-packages\django\core\handlers\exception.py", line 55, in inner
    response = get_response(request)
               ^^^^^^^^^^^^^^^^^^^^^
  File "C:\Users\User\OneDrive\Desktop\computer_science\work\GenericWeb\backend\venv\Lib\site-packages\django\core\handlers\base.py", line 197, in _get_response
    response = wrapped_callback(request, *callback_args, **callback_kwargs)
               ^^^^^^^^^^^^^^^^^^^^^^^^^^^^^^^^^^^^^^^^^^^^^^^^^^^^^^^^^^^^
  File "C:\Users\User\OneDrive\Desktop\computer_science\work\GenericWeb\backend\venv\Lib\site-packages\django\views\decorators\csrf.py", line 56, in wrapper_view
    return view_func(*args, **kwargs)
           ^^^^^^^^^^^^^^^^^^^^^^^^^^
  File "C:\Users\User\OneDrive\Desktop\computer_science\work\GenericWeb\backend\venv\Lib\site-packages\django\views\generic\base.py", line 104, in view
    return self.dispatch(request, *args, **kwargs)
           ^^^^^^^^^^^^^^^^^^^^^^^^^^^^^^^^^^^^^^^
  File "C:\Users\User\OneDrive\Desktop\computer_science\work\GenericWeb\backend\venv\Lib\site-packages\rest_framework\views.py", line 509, in dispatch
    response = self.handle_exception(exc)
               ^^^^^^^^^^^^^^^^^^^^^^^^^^
  File "C:\Users\User\OneDrive\Desktop\computer_science\work\GenericWeb\backend\venv\Lib\site-packages\rest_framework\views.py", line 469, in handle_exception
    self.raise_uncaught_exception(exc)
  File "C:\Users\User\OneDrive\Desktop\computer_science\work\GenericWeb\backend\venv\Lib\site-packages\rest_framework\views.py", line 480, in raise_uncaught_exception
    raise exc
  File "C:\Users\User\OneDrive\Desktop\computer_science\work\GenericWeb\backend\venv\Lib\site-packages\rest_framework\views.py", line 506, in dispatch
    response = handler(request, *args, **kwargs)
               ^^^^^^^^^^^^^^^^^^^^^^^^^^^^^^^^^
  File "C:\Users\User\OneDrive\Desktop\computer_science\work\GenericWeb\backend\venv\Lib\site-packages\rest_framework\decorators.py", line 50, in handler
    return func(*args, **kwargs)
           ^^^^^^^^^^^^^^^^^^^^^
  File "C:\Users\User\OneDrive\Desktop\computer_science\work\GenericWeb\backend\generic3\users\views.py", line 118, in list_users
    if response["status"] != 200:
       ~~~~~~~~^^^^^^^^^^
  File "C:\Users\User\OneDrive\Desktop\computer_science\work\GenericWeb\backend\venv\Lib\site-packages\django\http\response.py", line 199, in __getitem__
    return self.headers[header]
           ~~~~~~~~~~~~^^^^^^^^
  File "C:\Users\User\OneDrive\Desktop\computer_science\work\GenericWeb\backend\venv\Lib\site-packages\django\utils\datastructures.py", line 309, in __getitem__
    return self._store[key.lower()][1]
           ~~~~~~~~~~~^^^^^^^^^^^^^
KeyError: 'status'
"POST /api/v1/users/ HTTP/1.1" 500 130523
C:\Users\User\OneDrive\Desktop\computer_science\work\GenericWeb\backend\generic3\users\views.py changed, reloading.
Watching for file changes with StatReloader
Internal Server Error: /api/v1/users/
Traceback (most recent call last):
  File "C:\Users\User\OneDrive\Desktop\computer_science\work\GenericWeb\backend\venv\Lib\site-packages\django\db\models\query.py", line 916, in get_or_create
    return self.get(**kwargs), False
           ^^^^^^^^^^^^^^^^^^
  File "C:\Users\User\OneDrive\Desktop\computer_science\work\GenericWeb\backend\venv\Lib\site-packages\django\db\models\query.py", line 637, in get
    raise self.model.DoesNotExist(
clinics.models.DoctorClinic.DoesNotExist: DoctorClinic matching query does not exist.

During handling of the above exception, another exception occurred:

Traceback (most recent call last):
  File "C:\Users\User\OneDrive\Desktop\computer_science\work\GenericWeb\backend\venv\Lib\site-packages\django\db\backends\utils.py", line 89, in _execute
    return self.cursor.execute(sql, params)
           ^^^^^^^^^^^^^^^^^^^^^^^^^^^^^^^^
  File "C:\Users\User\OneDrive\Desktop\computer_science\work\GenericWeb\backend\venv\Lib\site-packages\django\db\backends\sqlite3\base.py", line 328, in execute
    return super().execute(query, params)
           ^^^^^^^^^^^^^^^^^^^^^^^^^^^^^^
sqlite3.IntegrityError: NOT NULL constraint failed: clinics_doctorclinic.clinic_id

The above exception was the direct cause of the following exception:

Traceback (most recent call last):
  File "C:\Users\User\OneDrive\Desktop\computer_science\work\GenericWeb\backend\venv\Lib\site-packages\django\core\handlers\exception.py", line 55, in inner
    response = get_response(request)
               ^^^^^^^^^^^^^^^^^^^^^
  File "C:\Users\User\OneDrive\Desktop\computer_science\work\GenericWeb\backend\venv\Lib\site-packages\django\core\handlers\base.py", line 197, in _get_response
    response = wrapped_callback(request, *callback_args, **callback_kwargs)
               ^^^^^^^^^^^^^^^^^^^^^^^^^^^^^^^^^^^^^^^^^^^^^^^^^^^^^^^^^^^^
  File "C:\Users\User\OneDrive\Desktop\computer_science\work\GenericWeb\backend\venv\Lib\site-packages\django\views\decorators\csrf.py", line 56, in wrapper_view
    return view_func(*args, **kwargs)
           ^^^^^^^^^^^^^^^^^^^^^^^^^^
  File "C:\Users\User\OneDrive\Desktop\computer_science\work\GenericWeb\backend\venv\Lib\site-packages\django\views\generic\base.py", line 104, in view
    return self.dispatch(request, *args, **kwargs)
           ^^^^^^^^^^^^^^^^^^^^^^^^^^^^^^^^^^^^^^^
  File "C:\Users\User\OneDrive\Desktop\computer_science\work\GenericWeb\backend\venv\Lib\site-packages\rest_framework\views.py", line 509, in dispatch
    response = self.handle_exception(exc)
               ^^^^^^^^^^^^^^^^^^^^^^^^^^
  File "C:\Users\User\OneDrive\Desktop\computer_science\work\GenericWeb\backend\venv\Lib\site-packages\rest_framework\views.py", line 469, in handle_exception
    self.raise_uncaught_exception(exc)
  File "C:\Users\User\OneDrive\Desktop\computer_science\work\GenericWeb\backend\venv\Lib\site-packages\rest_framework\views.py", line 480, in raise_uncaught_exception
    raise exc
  File "C:\Users\User\OneDrive\Desktop\computer_science\work\GenericWeb\backend\venv\Lib\site-packages\rest_framework\views.py", line 506, in dispatch
    response = handler(request, *args, **kwargs)
               ^^^^^^^^^^^^^^^^^^^^^^^^^^^^^^^^^
  File "C:\Users\User\OneDrive\Desktop\computer_science\work\GenericWeb\backend\venv\Lib\site-packages\rest_framework\decorators.py", line 50, in handler
    return func(*args, **kwargs)
           ^^^^^^^^^^^^^^^^^^^^^
  File "C:\Users\User\OneDrive\Desktop\computer_science\work\GenericWeb\backend\generic3\users\views.py", line 140, in list_users
    DoctorClinic.objects.get_or_create(doctor=doctor, clinic=clinic)
  File "C:\Users\User\OneDrive\Desktop\computer_science\work\GenericWeb\backend\venv\Lib\site-packages\django\db\models\manager.py", line 87, in manager_method
    return getattr(self.get_queryset(), name)(*args, **kwargs)
           ^^^^^^^^^^^^^^^^^^^^^^^^^^^^^^^^^^^^^^^^^^^^^^^^^^^
  File "C:\Users\User\OneDrive\Desktop\computer_science\work\GenericWeb\backend\venv\Lib\site-packages\django\db\models\query.py", line 923, in get_or_create
    return self.create(**params), True
           ^^^^^^^^^^^^^^^^^^^^^
  File "C:\Users\User\OneDrive\Desktop\computer_science\work\GenericWeb\backend\venv\Lib\site-packages\django\db\models\query.py", line 658, in create
    obj.save(force_insert=True, using=self.db)
  File "C:\Users\User\OneDrive\Desktop\computer_science\work\GenericWeb\backend\venv\Lib\site-packages\django\db\models\base.py", line 814, in save
    self.save_base(
  File "C:\Users\User\OneDrive\Desktop\computer_science\work\GenericWeb\backend\venv\Lib\site-packages\django\db\models\base.py", line 877, in save_base
    updated = self._save_table(
              ^^^^^^^^^^^^^^^^^
  File "C:\Users\User\OneDrive\Desktop\computer_science\work\GenericWeb\backend\venv\Lib\site-packages\django\db\models\base.py", line 1020, in _save_table
    results = self._do_insert(
              ^^^^^^^^^^^^^^^^
  File "C:\Users\User\OneDrive\Desktop\computer_science\work\GenericWeb\backend\venv\Lib\site-packages\django\db\models\base.py", line 1061, in _do_insert
    return manager._insert(
           ^^^^^^^^^^^^^^^^
  File "C:\Users\User\OneDrive\Desktop\computer_science\work\GenericWeb\backend\venv\Lib\site-packages\django\db\models\manager.py", line 87, in manager_method
    return getattr(self.get_queryset(), name)(*args, **kwargs)
           ^^^^^^^^^^^^^^^^^^^^^^^^^^^^^^^^^^^^^^^^^^^^^^^^^^^
  File "C:\Users\User\OneDrive\Desktop\computer_science\work\GenericWeb\backend\venv\Lib\site-packages\django\db\models\query.py", line 1805, in _insert
    return query.get_compiler(using=using).execute_sql(returning_fields)
           ^^^^^^^^^^^^^^^^^^^^^^^^^^^^^^^^^^^^^^^^^^^^^^^^^^^^^^^^^^^^^
  File "C:\Users\User\OneDrive\Desktop\computer_science\work\GenericWeb\backend\venv\Lib\site-packages\django\db\models\sql\compiler.py", line 1820, in execute_sql
    cursor.execute(sql, params)
  File "C:\Users\User\OneDrive\Desktop\computer_science\work\GenericWeb\backend\venv\Lib\site-packages\debug_toolbar\panels\sql\tracking.py", line 235, in execute
    return self._record(super().execute, sql, params)
           ^^^^^^^^^^^^^^^^^^^^^^^^^^^^^^^^^^^^^^^^^^
  File "C:\Users\User\OneDrive\Desktop\computer_science\work\GenericWeb\backend\venv\Lib\site-packages\debug_toolbar\panels\sql\tracking.py", line 160, in _record
    return method(sql, params)
           ^^^^^^^^^^^^^^^^^^^
  File "C:\Users\User\OneDrive\Desktop\computer_science\work\GenericWeb\backend\venv\Lib\site-packages\django\db\backends\utils.py", line 102, in execute
    return super().execute(sql, params)
           ^^^^^^^^^^^^^^^^^^^^^^^^^^^^
  File "C:\Users\User\OneDrive\Desktop\computer_science\work\GenericWeb\backend\venv\Lib\site-packages\django\db\backends\utils.py", line 67, in execute
    return self._execute_with_wrappers(
           ^^^^^^^^^^^^^^^^^^^^^^^^^^^^
  File "C:\Users\User\OneDrive\Desktop\computer_science\work\GenericWeb\backend\venv\Lib\site-packages\django\db\backends\utils.py", line 80, in _execute_with_wrappers
    return executor(sql, params, many, context)
           ^^^^^^^^^^^^^^^^^^^^^^^^^^^^^^^^^^^^
  File "C:\Users\User\OneDrive\Desktop\computer_science\work\GenericWeb\backend\venv\Lib\site-packages\django\db\backends\utils.py", line 84, in _execute
    with self.db.wrap_database_errors:
  File "C:\Users\User\OneDrive\Desktop\computer_science\work\GenericWeb\backend\venv\Lib\site-packages\django\db\utils.py", line 91, in __exit__
    raise dj_exc_value.with_traceback(traceback) from exc_value
  File "C:\Users\User\OneDrive\Desktop\computer_science\work\GenericWeb\backend\venv\Lib\site-packages\django\db\backends\utils.py", line 89, in _execute
    return self.cursor.execute(sql, params)
           ^^^^^^^^^^^^^^^^^^^^^^^^^^^^^^^^
  File "C:\Users\User\OneDrive\Desktop\computer_science\work\GenericWeb\backend\venv\Lib\site-packages\django\db\backends\sqlite3\base.py", line 328, in execute
    return super().execute(query, params)
           ^^^^^^^^^^^^^^^^^^^^^^^^^^^^^^
django.db.utils.IntegrityError: NOT NULL constraint failed: clinics_doctorclinic.clinic_id
"POST /api/v1/users/ HTTP/1.1" 500 241406
C:\Users\User\OneDrive\Desktop\computer_science\work\GenericWeb\backend\generic3\users\views.py changed, reloading.
Watching for file changes with StatReloader
Bad Request: /api/v1/users/
"POST /api/v1/users/ HTTP/1.1" 400 50
C:\Users\User\OneDrive\Desktop\computer_science\work\GenericWeb\backend\generic3\users\views.py changed, reloading.
Watching for file changes with StatReloader
C:\Users\User\OneDrive\Desktop\computer_science\work\GenericWeb\backend\generic3\users\views.py changed, reloading.
Watching for file changes with StatReloader
C:\Users\User\OneDrive\Desktop\computer_science\work\GenericWeb\backend\generic3\users\views.py changed, reloading.
Watching for file changes with StatReloader
"POST /api/v1/auth/login/ HTTP/1.1" 200 837
"POST /api/v1/auth/login/ HTTP/1.1" 200 949
"POST /api/v1/auth/login/ HTTP/1.1" 200 800
C:\Users\User\OneDrive\Desktop\computer_science\work\GenericWeb\backend\generic3\users\views.py changed, reloading.
Watching for file changes with StatReloader
C:\Users\User\OneDrive\Desktop\computer_science\work\GenericWeb\backend\generic3\users\views.py changed, reloading.
Watching for file changes with StatReloader
Internal Server Error: /api/v1/users/
Traceback (most recent call last):
  File "C:\Users\User\OneDrive\Desktop\computer_science\work\GenericWeb\backend\venv\Lib\site-packages\django\core\handlers\exception.py", line 55, in inner
    response = get_response(request)
               ^^^^^^^^^^^^^^^^^^^^^
  File "C:\Users\User\OneDrive\Desktop\computer_science\work\GenericWeb\backend\venv\Lib\site-packages\django\core\handlers\base.py", line 197, in _get_response
    response = wrapped_callback(request, *callback_args, **callback_kwargs)
               ^^^^^^^^^^^^^^^^^^^^^^^^^^^^^^^^^^^^^^^^^^^^^^^^^^^^^^^^^^^^
  File "C:\Users\User\OneDrive\Desktop\computer_science\work\GenericWeb\backend\venv\Lib\site-packages\django\views\decorators\csrf.py", line 56, in wrapper_view
    return view_func(*args, **kwargs)
           ^^^^^^^^^^^^^^^^^^^^^^^^^^
  File "C:\Users\User\OneDrive\Desktop\computer_science\work\GenericWeb\backend\venv\Lib\site-packages\django\views\generic\base.py", line 104, in view
    return self.dispatch(request, *args, **kwargs)
           ^^^^^^^^^^^^^^^^^^^^^^^^^^^^^^^^^^^^^^^
  File "C:\Users\User\OneDrive\Desktop\computer_science\work\GenericWeb\backend\venv\Lib\site-packages\rest_framework\views.py", line 509, in dispatch
    response = self.handle_exception(exc)
               ^^^^^^^^^^^^^^^^^^^^^^^^^^
  File "C:\Users\User\OneDrive\Desktop\computer_science\work\GenericWeb\backend\venv\Lib\site-packages\rest_framework\views.py", line 469, in handle_exception
    self.raise_uncaught_exception(exc)
  File "C:\Users\User\OneDrive\Desktop\computer_science\work\GenericWeb\backend\venv\Lib\site-packages\rest_framework\views.py", line 480, in raise_uncaught_exception
    raise exc
  File "C:\Users\User\OneDrive\Desktop\computer_science\work\GenericWeb\backend\venv\Lib\site-packages\rest_framework\views.py", line 506, in dispatch
    response = handler(request, *args, **kwargs)
               ^^^^^^^^^^^^^^^^^^^^^^^^^^^^^^^^^
  File "C:\Users\User\OneDrive\Desktop\computer_science\work\GenericWeb\backend\venv\Lib\site-packages\rest_framework\decorators.py", line 50, in handler
    return func(*args, **kwargs)
           ^^^^^^^^^^^^^^^^^^^^^
  File "C:\Users\User\OneDrive\Desktop\computer_science\work\GenericWeb\backend\generic3\users\views.py", line 38, in list_users
    clinic_id = user.clinic_id
                ^^^^^^^^^^^^^^
AttributeError: 'User' object has no attribute 'clinic_id'
"POST /api/v1/users/ HTTP/1.1" 500 119962
"POST /api/v1/auth/login/ HTTP/1.1" 200 800
C:\Users\User\OneDrive\Desktop\computer_science\work\GenericWeb\backend\generic3\users\views.py changed, reloading.
Watching for file changes with StatReloader
"POST /api/v1/auth/login/ HTTP/1.1" 200 837
Internal Server Error: /api/v1/users/
Traceback (most recent call last):
  File "C:\Users\User\OneDrive\Desktop\computer_science\work\GenericWeb\backend\venv\Lib\site-packages\django\core\handlers\exception.py", line 55, in inner
    response = get_response(request)
               ^^^^^^^^^^^^^^^^^^^^^
  File "C:\Users\User\OneDrive\Desktop\computer_science\work\GenericWeb\backend\venv\Lib\site-packages\django\core\handlers\base.py", line 197, in _get_response
    response = wrapped_callback(request, *callback_args, **callback_kwargs)
               ^^^^^^^^^^^^^^^^^^^^^^^^^^^^^^^^^^^^^^^^^^^^^^^^^^^^^^^^^^^^
  File "C:\Users\User\OneDrive\Desktop\computer_science\work\GenericWeb\backend\venv\Lib\site-packages\django\views\decorators\csrf.py", line 56, in wrapper_view
    return view_func(*args, **kwargs)
           ^^^^^^^^^^^^^^^^^^^^^^^^^^
  File "C:\Users\User\OneDrive\Desktop\computer_science\work\GenericWeb\backend\venv\Lib\site-packages\django\views\generic\base.py", line 104, in view
    return self.dispatch(request, *args, **kwargs)
           ^^^^^^^^^^^^^^^^^^^^^^^^^^^^^^^^^^^^^^^
  File "C:\Users\User\OneDrive\Desktop\computer_science\work\GenericWeb\backend\venv\Lib\site-packages\rest_framework\views.py", line 509, in dispatch
    response = self.handle_exception(exc)
               ^^^^^^^^^^^^^^^^^^^^^^^^^^
  File "C:\Users\User\OneDrive\Desktop\computer_science\work\GenericWeb\backend\venv\Lib\site-packages\rest_framework\views.py", line 469, in handle_exception
    self.raise_uncaught_exception(exc)
  File "C:\Users\User\OneDrive\Desktop\computer_science\work\GenericWeb\backend\venv\Lib\site-packages\rest_framework\views.py", line 480, in raise_uncaught_exception
    raise exc
  File "C:\Users\User\OneDrive\Desktop\computer_science\work\GenericWeb\backend\venv\Lib\site-packages\rest_framework\views.py", line 506, in dispatch
    response = handler(request, *args, **kwargs)
               ^^^^^^^^^^^^^^^^^^^^^^^^^^^^^^^^^
  File "C:\Users\User\OneDrive\Desktop\computer_science\work\GenericWeb\backend\venv\Lib\site-packages\rest_framework\decorators.py", line 50, in handler
    return func(*args, **kwargs)
           ^^^^^^^^^^^^^^^^^^^^^
  File "C:\Users\User\OneDrive\Desktop\computer_science\work\GenericWeb\backend\generic3\users\views.py", line 38, in list_users
    clinic_id = user.clinicId
                ^^^^^^^^^^^^^
AttributeError: 'User' object has no attribute 'clinicId'
"POST /api/v1/users/ HTTP/1.1" 500 119964
"POST /api/v1/auth/login/ HTTP/1.1" 200 837
C:\Users\User\OneDrive\Desktop\computer_science\work\GenericWeb\backend\generic3\users\views.py changed, reloading.
Watching for file changes with StatReloader
C:\Users\User\OneDrive\Desktop\computer_science\work\GenericWeb\backend\generic3\users\views.py changed, reloading.
Watching for file changes with StatReloader
Unauthorized: /api/v1/users/
"POST /api/v1/users/ HTTP/1.1" 401 58
"POST /api/v1/auth/login/ HTTP/1.1" 200 837
Internal Server Error: /api/v1/users/
Traceback (most recent call last):
  File "C:\Users\User\OneDrive\Desktop\computer_science\work\GenericWeb\backend\venv\Lib\site-packages\django\core\handlers\exception.py", line 55, in inner
    response = get_response(request)
               ^^^^^^^^^^^^^^^^^^^^^
  File "C:\Users\User\OneDrive\Desktop\computer_science\work\GenericWeb\backend\venv\Lib\site-packages\django\core\handlers\base.py", line 197, in _get_response
    response = wrapped_callback(request, *callback_args, **callback_kwargs)
               ^^^^^^^^^^^^^^^^^^^^^^^^^^^^^^^^^^^^^^^^^^^^^^^^^^^^^^^^^^^^
  File "C:\Users\User\OneDrive\Desktop\computer_science\work\GenericWeb\backend\venv\Lib\site-packages\django\views\decorators\csrf.py", line 56, in wrapper_view
    return view_func(*args, **kwargs)
           ^^^^^^^^^^^^^^^^^^^^^^^^^^
  File "C:\Users\User\OneDrive\Desktop\computer_science\work\GenericWeb\backend\venv\Lib\site-packages\django\views\generic\base.py", line 104, in view
    return self.dispatch(request, *args, **kwargs)
           ^^^^^^^^^^^^^^^^^^^^^^^^^^^^^^^^^^^^^^^
  File "C:\Users\User\OneDrive\Desktop\computer_science\work\GenericWeb\backend\venv\Lib\site-packages\rest_framework\views.py", line 509, in dispatch
    response = self.handle_exception(exc)
               ^^^^^^^^^^^^^^^^^^^^^^^^^^
  File "C:\Users\User\OneDrive\Desktop\computer_science\work\GenericWeb\backend\venv\Lib\site-packages\rest_framework\views.py", line 469, in handle_exception
    self.raise_uncaught_exception(exc)
  File "C:\Users\User\OneDrive\Desktop\computer_science\work\GenericWeb\backend\venv\Lib\site-packages\rest_framework\views.py", line 480, in raise_uncaught_exception
    raise exc
  File "C:\Users\User\OneDrive\Desktop\computer_science\work\GenericWeb\backend\venv\Lib\site-packages\rest_framework\views.py", line 506, in dispatch
    response = handler(request, *args, **kwargs)
               ^^^^^^^^^^^^^^^^^^^^^^^^^^^^^^^^^
  File "C:\Users\User\OneDrive\Desktop\computer_science\work\GenericWeb\backend\venv\Lib\site-packages\rest_framework\decorators.py", line 50, in handler
    return func(*args, **kwargs)
           ^^^^^^^^^^^^^^^^^^^^^
  File "C:\Users\User\OneDrive\Desktop\computer_science\work\GenericWeb\backend\generic3\users\views.py", line 38, in list_users
    clinic_id = user["clinicId"]
                ~~~~^^^^^^^^^^^^
TypeError: 'User' object is not subscriptable
"POST /api/v1/users/ HTTP/1.1" 500 119854
C:\Users\User\OneDrive\Desktop\computer_science\work\GenericWeb\backend\generic3\users\views.py changed, reloading.
Watching for file changes with StatReloader
Internal Server Error: /api/v1/users/
Traceback (most recent call last):
  File "C:\Users\User\OneDrive\Desktop\computer_science\work\GenericWeb\backend\venv\Lib\site-packages\django\core\handlers\exception.py", line 55, in inner
    response = get_response(request)
               ^^^^^^^^^^^^^^^^^^^^^
  File "C:\Users\User\OneDrive\Desktop\computer_science\work\GenericWeb\backend\venv\Lib\site-packages\django\core\handlers\base.py", line 197, in _get_response
    response = wrapped_callback(request, *callback_args, **callback_kwargs)
               ^^^^^^^^^^^^^^^^^^^^^^^^^^^^^^^^^^^^^^^^^^^^^^^^^^^^^^^^^^^^
  File "C:\Users\User\OneDrive\Desktop\computer_science\work\GenericWeb\backend\venv\Lib\site-packages\django\views\decorators\csrf.py", line 56, in wrapper_view
    return view_func(*args, **kwargs)
           ^^^^^^^^^^^^^^^^^^^^^^^^^^
  File "C:\Users\User\OneDrive\Desktop\computer_science\work\GenericWeb\backend\venv\Lib\site-packages\django\views\generic\base.py", line 104, in view
    return self.dispatch(request, *args, **kwargs)
           ^^^^^^^^^^^^^^^^^^^^^^^^^^^^^^^^^^^^^^^
  File "C:\Users\User\OneDrive\Desktop\computer_science\work\GenericWeb\backend\venv\Lib\site-packages\rest_framework\views.py", line 509, in dispatch
    response = self.handle_exception(exc)
               ^^^^^^^^^^^^^^^^^^^^^^^^^^
  File "C:\Users\User\OneDrive\Desktop\computer_science\work\GenericWeb\backend\venv\Lib\site-packages\rest_framework\views.py", line 469, in handle_exception
    self.raise_uncaught_exception(exc)
  File "C:\Users\User\OneDrive\Desktop\computer_science\work\GenericWeb\backend\venv\Lib\site-packages\rest_framework\views.py", line 480, in raise_uncaught_exception
    raise exc
  File "C:\Users\User\OneDrive\Desktop\computer_science\work\GenericWeb\backend\venv\Lib\site-packages\rest_framework\views.py", line 506, in dispatch
    response = handler(request, *args, **kwargs)
               ^^^^^^^^^^^^^^^^^^^^^^^^^^^^^^^^^
  File "C:\Users\User\OneDrive\Desktop\computer_science\work\GenericWeb\backend\venv\Lib\site-packages\rest_framework\decorators.py", line 50, in handler
    return func(*args, **kwargs)
           ^^^^^^^^^^^^^^^^^^^^^
  File "C:\Users\User\OneDrive\Desktop\computer_science\work\GenericWeb\backend\generic3\users\views.py", line 38, in list_users
    clinic_id = user["clinicId"]
                ~~~~^^^^^^^^^^^^
TypeError: 'User' object is not subscriptable
"POST /api/v1/users/ HTTP/1.1" 500 119885
Watching for file changes with StatReloader
"POST /api/v1/auth/sessions/ HTTP/1.1" 201 837
"DELETE /api/v1/auth/sessions/ HTTP/1.1" 204 37
"POST /api/v1/auth/sessions/ HTTP/1.1" 201 837
Unauthorized: /api/v1/auth/tokens/refresh/
"POST /api/v1/auth/tokens/refresh/ HTTP/1.1" 401 30
Unauthorized: /api/v1/auth/2fa/
"POST /api/v1/auth/2fa/ HTTP/1.1" 401 37
Unauthorized: /api/v1/auth/2fa/
"POST /api/v1/auth/2fa/ HTTP/1.1" 401 37
"POST /api/v1/auth/sessions/ HTTP/1.1" 201 837
Unauthorized: /api/v1/auth/2fa/
"POST /api/v1/auth/2fa/ HTTP/1.1" 401 37
Unauthorized: /api/v1/auth/2fa/
"POST /api/v1/auth/2fa/ HTTP/1.1" 401 37
Bad Request: /api/v1/auth/2fa/verify/
"POST /api/v1/auth/2fa/verify/ HTTP/1.1" 400 27
Bad Request: /api/v1/auth/2fa/verify/
"POST /api/v1/auth/2fa/verify/ HTTP/1.1" 400 27
Unauthorized: /api/v1/auth/password/
"PUT /api/v1/auth/password/ HTTP/1.1" 401 25
"POST /api/v1/auth/sessions/ HTTP/1.1" 201 837
Unauthorized: /api/v1/auth/password/
"PUT /api/v1/auth/password/ HTTP/1.1" 401 25
Forbidden: /api/v1/auth/users/5/qr-code/
"GET /api/v1/auth/users/5/qr-code/ HTTP/1.1" 403 30
"POST /api/v1/auth/sessions/ HTTP/1.1" 201 800
Internal Server Error: /api/v1/users/
Traceback (most recent call last):
  File "C:\Users\User\OneDrive\Desktop\computer_science\work\GenericWeb\backend\venv\Lib\site-packages\django\core\handlers\exception.py", line 55, in inner
    response = get_response(request)
               ^^^^^^^^^^^^^^^^^^^^^
  File "C:\Users\User\OneDrive\Desktop\computer_science\work\GenericWeb\backend\venv\Lib\site-packages\django\core\handlers\base.py", line 197, in _get_response
    response = wrapped_callback(request, *callback_args, **callback_kwargs)
               ^^^^^^^^^^^^^^^^^^^^^^^^^^^^^^^^^^^^^^^^^^^^^^^^^^^^^^^^^^^^
  File "C:\Users\User\OneDrive\Desktop\computer_science\work\GenericWeb\backend\venv\Lib\site-packages\django\views\decorators\csrf.py", line 56, in wrapper_view
    return view_func(*args, **kwargs)
           ^^^^^^^^^^^^^^^^^^^^^^^^^^
  File "C:\Users\User\OneDrive\Desktop\computer_science\work\GenericWeb\backend\venv\Lib\site-packages\django\views\generic\base.py", line 104, in view
    return self.dispatch(request, *args, **kwargs)
           ^^^^^^^^^^^^^^^^^^^^^^^^^^^^^^^^^^^^^^^
  File "C:\Users\User\OneDrive\Desktop\computer_science\work\GenericWeb\backend\venv\Lib\site-packages\rest_framework\views.py", line 509, in dispatch
    response = self.handle_exception(exc)
               ^^^^^^^^^^^^^^^^^^^^^^^^^^
  File "C:\Users\User\OneDrive\Desktop\computer_science\work\GenericWeb\backend\venv\Lib\site-packages\rest_framework\views.py", line 469, in handle_exception
    self.raise_uncaught_exception(exc)
  File "C:\Users\User\OneDrive\Desktop\computer_science\work\GenericWeb\backend\venv\Lib\site-packages\rest_framework\views.py", line 480, in raise_uncaught_exception
    raise exc
  File "C:\Users\User\OneDrive\Desktop\computer_science\work\GenericWeb\backend\venv\Lib\site-packages\rest_framework\views.py", line 506, in dispatch
    response = handler(request, *args, **kwargs)
               ^^^^^^^^^^^^^^^^^^^^^^^^^^^^^^^^^
  File "C:\Users\User\OneDrive\Desktop\computer_science\work\GenericWeb\backend\venv\Lib\site-packages\rest_framework\decorators.py", line 50, in handler
    return func(*args, **kwargs)
           ^^^^^^^^^^^^^^^^^^^^^
  File "C:\Users\User\OneDrive\Desktop\computer_science\work\GenericWeb\backend\generic3\users\views.py", line 38, in list_users
    clinic_id = user["clinicId"]
                ~~~~^^^^^^^^^^^^
TypeError: 'User' object is not subscriptable
"GET /api/v1/users/ HTTP/1.1" 500 120247
Internal Server Error: /api/v1/users/
Traceback (most recent call last):
  File "C:\Users\User\OneDrive\Desktop\computer_science\work\GenericWeb\backend\venv\Lib\site-packages\django\core\handlers\exception.py", line 55, in inner
    response = get_response(request)
               ^^^^^^^^^^^^^^^^^^^^^
  File "C:\Users\User\OneDrive\Desktop\computer_science\work\GenericWeb\backend\venv\Lib\site-packages\django\core\handlers\base.py", line 197, in _get_response
    response = wrapped_callback(request, *callback_args, **callback_kwargs)
               ^^^^^^^^^^^^^^^^^^^^^^^^^^^^^^^^^^^^^^^^^^^^^^^^^^^^^^^^^^^^
  File "C:\Users\User\OneDrive\Desktop\computer_science\work\GenericWeb\backend\venv\Lib\site-packages\django\views\decorators\csrf.py", line 56, in wrapper_view
    return view_func(*args, **kwargs)
           ^^^^^^^^^^^^^^^^^^^^^^^^^^
  File "C:\Users\User\OneDrive\Desktop\computer_science\work\GenericWeb\backend\venv\Lib\site-packages\django\views\generic\base.py", line 104, in view
    return self.dispatch(request, *args, **kwargs)
           ^^^^^^^^^^^^^^^^^^^^^^^^^^^^^^^^^^^^^^^
  File "C:\Users\User\OneDrive\Desktop\computer_science\work\GenericWeb\backend\venv\Lib\site-packages\rest_framework\views.py", line 509, in dispatch
    response = self.handle_exception(exc)
               ^^^^^^^^^^^^^^^^^^^^^^^^^^
  File "C:\Users\User\OneDrive\Desktop\computer_science\work\GenericWeb\backend\venv\Lib\site-packages\rest_framework\views.py", line 469, in handle_exception
    self.raise_uncaught_exception(exc)
  File "C:\Users\User\OneDrive\Desktop\computer_science\work\GenericWeb\backend\venv\Lib\site-packages\rest_framework\views.py", line 480, in raise_uncaught_exception
    raise exc
  File "C:\Users\User\OneDrive\Desktop\computer_science\work\GenericWeb\backend\venv\Lib\site-packages\rest_framework\views.py", line 506, in dispatch
    response = handler(request, *args, **kwargs)
               ^^^^^^^^^^^^^^^^^^^^^^^^^^^^^^^^^
  File "C:\Users\User\OneDrive\Desktop\computer_science\work\GenericWeb\backend\venv\Lib\site-packages\rest_framework\decorators.py", line 50, in handler
    return func(*args, **kwargs)
           ^^^^^^^^^^^^^^^^^^^^^
  File "C:\Users\User\OneDrive\Desktop\computer_science\work\GenericWeb\backend\generic3\users\views.py", line 38, in list_users
    clinic_id = user["clinicId"]
                ~~~~^^^^^^^^^^^^
TypeError: 'User' object is not subscriptable
"GET /api/v1/users/ HTTP/1.1" 500 120242
Internal Server Error: /api/v1/users/
Traceback (most recent call last):
  File "C:\Users\User\OneDrive\Desktop\computer_science\work\GenericWeb\backend\venv\Lib\site-packages\django\core\handlers\exception.py", line 55, in inner
    response = get_response(request)
               ^^^^^^^^^^^^^^^^^^^^^
  File "C:\Users\User\OneDrive\Desktop\computer_science\work\GenericWeb\backend\venv\Lib\site-packages\django\core\handlers\base.py", line 197, in _get_response
    response = wrapped_callback(request, *callback_args, **callback_kwargs)
               ^^^^^^^^^^^^^^^^^^^^^^^^^^^^^^^^^^^^^^^^^^^^^^^^^^^^^^^^^^^^
  File "C:\Users\User\OneDrive\Desktop\computer_science\work\GenericWeb\backend\venv\Lib\site-packages\django\views\decorators\csrf.py", line 56, in wrapper_view
    return view_func(*args, **kwargs)
           ^^^^^^^^^^^^^^^^^^^^^^^^^^
  File "C:\Users\User\OneDrive\Desktop\computer_science\work\GenericWeb\backend\venv\Lib\site-packages\django\views\generic\base.py", line 104, in view
    return self.dispatch(request, *args, **kwargs)
           ^^^^^^^^^^^^^^^^^^^^^^^^^^^^^^^^^^^^^^^
  File "C:\Users\User\OneDrive\Desktop\computer_science\work\GenericWeb\backend\venv\Lib\site-packages\rest_framework\views.py", line 509, in dispatch
    response = self.handle_exception(exc)
               ^^^^^^^^^^^^^^^^^^^^^^^^^^
  File "C:\Users\User\OneDrive\Desktop\computer_science\work\GenericWeb\backend\venv\Lib\site-packages\rest_framework\views.py", line 469, in handle_exception
    self.raise_uncaught_exception(exc)
  File "C:\Users\User\OneDrive\Desktop\computer_science\work\GenericWeb\backend\venv\Lib\site-packages\rest_framework\views.py", line 480, in raise_uncaught_exception
    raise exc
  File "C:\Users\User\OneDrive\Desktop\computer_science\work\GenericWeb\backend\venv\Lib\site-packages\rest_framework\views.py", line 506, in dispatch
    response = handler(request, *args, **kwargs)
               ^^^^^^^^^^^^^^^^^^^^^^^^^^^^^^^^^
  File "C:\Users\User\OneDrive\Desktop\computer_science\work\GenericWeb\backend\venv\Lib\site-packages\rest_framework\decorators.py", line 50, in handler
    return func(*args, **kwargs)
           ^^^^^^^^^^^^^^^^^^^^^
  File "C:\Users\User\OneDrive\Desktop\computer_science\work\GenericWeb\backend\generic3\users\views.py", line 38, in list_users
    clinic_id = user["clinicId"]
                ~~~~^^^^^^^^^^^^
TypeError: 'User' object is not subscriptable
"GET /api/v1/users/?role=DOCTOR HTTP/1.1" 500 120700
Internal Server Error: /api/v1/users/me/
Traceback (most recent call last):
  File "C:\Users\User\OneDrive\Desktop\computer_science\work\GenericWeb\backend\venv\Lib\site-packages\django\core\handlers\exception.py", line 55, in inner
    response = get_response(request)
               ^^^^^^^^^^^^^^^^^^^^^
  File "C:\Users\User\OneDrive\Desktop\computer_science\work\GenericWeb\backend\venv\Lib\site-packages\django\core\handlers\base.py", line 197, in _get_response
    response = wrapped_callback(request, *callback_args, **callback_kwargs)
               ^^^^^^^^^^^^^^^^^^^^^^^^^^^^^^^^^^^^^^^^^^^^^^^^^^^^^^^^^^^^
  File "C:\Users\User\OneDrive\Desktop\computer_science\work\GenericWeb\backend\venv\Lib\site-packages\django\views\decorators\csrf.py", line 56, in wrapper_view
    return view_func(*args, **kwargs)
           ^^^^^^^^^^^^^^^^^^^^^^^^^^
  File "C:\Users\User\OneDrive\Desktop\computer_science\work\GenericWeb\backend\venv\Lib\site-packages\django\views\generic\base.py", line 104, in view
    return self.dispatch(request, *args, **kwargs)
           ^^^^^^^^^^^^^^^^^^^^^^^^^^^^^^^^^^^^^^^
  File "C:\Users\User\OneDrive\Desktop\computer_science\work\GenericWeb\backend\venv\Lib\site-packages\rest_framework\views.py", line 509, in dispatch
    response = self.handle_exception(exc)
               ^^^^^^^^^^^^^^^^^^^^^^^^^^
  File "C:\Users\User\OneDrive\Desktop\computer_science\work\GenericWeb\backend\venv\Lib\site-packages\rest_framework\views.py", line 469, in handle_exception
    self.raise_uncaught_exception(exc)
  File "C:\Users\User\OneDrive\Desktop\computer_science\work\GenericWeb\backend\venv\Lib\site-packages\rest_framework\views.py", line 480, in raise_uncaught_exception
    raise exc
  File "C:\Users\User\OneDrive\Desktop\computer_science\work\GenericWeb\backend\venv\Lib\site-packages\rest_framework\views.py", line 506, in dispatch
    response = handler(request, *args, **kwargs)
               ^^^^^^^^^^^^^^^^^^^^^^^^^^^^^^^^^
  File "C:\Users\User\OneDrive\Desktop\computer_science\work\GenericWeb\backend\venv\Lib\site-packages\rest_framework\decorators.py", line 50, in handler
    return func(*args, **kwargs)
           ^^^^^^^^^^^^^^^^^^^^^
  File "C:\Users\User\OneDrive\Desktop\computer_science\work\GenericWeb\backend\generic3\users\views.py", line 284, in current_user
    clinic_id = user["clinicId"]
                ~~~~^^^^^^^^^^^^
TypeError: 'User' object is not subscriptable
"GET /api/v1/users/me/ HTTP/1.1" 500 119763
Internal Server Error: /api/v1/users/5/
Traceback (most recent call last):
  File "C:\Users\User\OneDrive\Desktop\computer_science\work\GenericWeb\backend\venv\Lib\site-packages\django\core\handlers\exception.py", line 55, in inner
    response = get_response(request)
               ^^^^^^^^^^^^^^^^^^^^^
  File "C:\Users\User\OneDrive\Desktop\computer_science\work\GenericWeb\backend\venv\Lib\site-packages\django\core\handlers\base.py", line 197, in _get_response
    response = wrapped_callback(request, *callback_args, **callback_kwargs)
               ^^^^^^^^^^^^^^^^^^^^^^^^^^^^^^^^^^^^^^^^^^^^^^^^^^^^^^^^^^^^
  File "C:\Users\User\OneDrive\Desktop\computer_science\work\GenericWeb\backend\venv\Lib\site-packages\django\views\decorators\csrf.py", line 56, in wrapper_view
    return view_func(*args, **kwargs)
           ^^^^^^^^^^^^^^^^^^^^^^^^^^
  File "C:\Users\User\OneDrive\Desktop\computer_science\work\GenericWeb\backend\venv\Lib\site-packages\django\views\generic\base.py", line 104, in view
    return self.dispatch(request, *args, **kwargs)
           ^^^^^^^^^^^^^^^^^^^^^^^^^^^^^^^^^^^^^^^
  File "C:\Users\User\OneDrive\Desktop\computer_science\work\GenericWeb\backend\venv\Lib\site-packages\rest_framework\views.py", line 509, in dispatch
    response = self.handle_exception(exc)
               ^^^^^^^^^^^^^^^^^^^^^^^^^^
  File "C:\Users\User\OneDrive\Desktop\computer_science\work\GenericWeb\backend\venv\Lib\site-packages\rest_framework\views.py", line 469, in handle_exception
    self.raise_uncaught_exception(exc)
  File "C:\Users\User\OneDrive\Desktop\computer_science\work\GenericWeb\backend\venv\Lib\site-packages\rest_framework\views.py", line 480, in raise_uncaught_exception
    raise exc
  File "C:\Users\User\OneDrive\Desktop\computer_science\work\GenericWeb\backend\venv\Lib\site-packages\rest_framework\views.py", line 506, in dispatch
    response = handler(request, *args, **kwargs)
               ^^^^^^^^^^^^^^^^^^^^^^^^^^^^^^^^^
  File "C:\Users\User\OneDrive\Desktop\computer_science\work\GenericWeb\backend\venv\Lib\site-packages\rest_framework\decorators.py", line 50, in handler
    return func(*args, **kwargs)
           ^^^^^^^^^^^^^^^^^^^^^
  File "C:\Users\User\OneDrive\Desktop\computer_science\work\GenericWeb\backend\generic3\users\views.py", line 187, in user_detail
    clinic_id = current_user['clinicId']
                ~~~~~~~~~~~~^^^^^^^^^^^^
TypeError: 'User' object is not subscriptable
"GET /api/v1/users/5/ HTTP/1.1" 500 120704
"POST /api/v1/auth/sessions/ HTTP/1.1" 201 800
Unauthorized: /api/v1/auth/tokens/refresh/
"POST /api/v1/auth/tokens/refresh/ HTTP/1.1" 401 30
Unauthorized: /api/v1/auth/2fa/
"POST /api/v1/auth/2fa/ HTTP/1.1" 401 37
Unauthorized: /api/v1/auth/2fa/
"POST /api/v1/auth/2fa/ HTTP/1.1" 401 37
C:\Users\User\OneDrive\Desktop\computer_science\work\GenericWeb\backend\generic3\authentication\views.py changed, reloading.
Watching for file changes with StatReloader
Unauthorized: /api/v1/auth/2fa/
"POST /api/v1/auth/2fa/ HTTP/1.1" 401 25
Unauthorized: /api/v1/auth/2fa/
"POST /api/v1/auth/2fa/ HTTP/1.1" 401 25
C:\Users\User\OneDrive\Desktop\computer_science\work\GenericWeb\backend\generic3\authentication\views.py changed, reloading.
Watching for file changes with StatReloader
Unauthorized: /api/v1/auth/2fa/
"POST /api/v1/auth/2fa/ HTTP/1.1" 401 25
C:\Users\User\OneDrive\Desktop\computer_science\work\GenericWeb\backend\generic3\authentication\views.py changed, reloading.
Watching for file changes with StatReloader
Internal Server Error: /api/v1/auth/2fa/
"POST /api/v1/auth/2fa/ HTTP/1.1" 500 33
C:\Users\User\OneDrive\Desktop\computer_science\work\GenericWeb\backend\generic3\generic3\utils.py changed, reloading.
Watching for file changes with StatReloader
Internal Server Error: /api/v1/auth/2fa/
"POST /api/v1/auth/2fa/ HTTP/1.1" 500 33
C:\Users\User\OneDrive\Desktop\computer_science\work\GenericWeb\backend\generic3\generic3\utils.py changed, reloading.
Watching for file changes with StatReloader
C:\Users\User\OneDrive\Desktop\computer_science\work\GenericWeb\backend\generic3\generic3\utils.py changed, reloading.
Watching for file changes with StatReloader
Unauthorized: /api/v1/auth/2fa/
"POST /api/v1/auth/2fa/ HTTP/1.1" 401 25
"POST /api/v1/auth/2fa/ HTTP/1.1" 200 78
Internal Server Error: /api/v1/auth/2fa/
"POST /api/v1/auth/2fa/ HTTP/1.1" 500 31
C:\Users\User\OneDrive\Desktop\computer_science\work\GenericWeb\backend\generic3\generic3\messages.py changed, reloading.
Watching for file changes with StatReloader
Internal Server Error: /api/v1/auth/2fa/
"POST /api/v1/auth/2fa/ HTTP/1.1" 500 31
Bad Request: /api/v1/auth/2fa/verify/
"POST /api/v1/auth/2fa/verify/ HTTP/1.1" 400 27
C:\Users\User\OneDrive\Desktop\computer_science\work\GenericWeb\backend\generic3\authentication\views.py changed, reloading.
Watching for file changes with StatReloader
Bad Request: /api/v1/auth/2fa/verify/
"POST /api/v1/auth/2fa/verify/ HTTP/1.1" 400 27
"POST /api/v1/auth/sessions/ HTTP/1.1" 201 800
Bad Request: /api/v1/auth/2fa/verify/
"POST /api/v1/auth/2fa/verify/ HTTP/1.1" 400 27
C:\Users\User\OneDrive\Desktop\computer_science\work\GenericWeb\backend\generic3\authentication\views.py changed, reloading.
Watching for file changes with StatReloader
"POST /api/v1/auth/2fa/ HTTP/1.1" 200 78
Bad Request: /api/v1/auth/2fa/verify/
"POST /api/v1/auth/2fa/verify/ HTTP/1.1" 400 74
C:\Users\User\OneDrive\Desktop\computer_science\work\GenericWeb\backend\generic3\authentication\views.py changed, reloading.
Watching for file changes with StatReloader
C:\Users\User\OneDrive\Desktop\computer_science\work\GenericWeb\backend\generic3\authentication\views.py changed, reloading.
Watching for file changes with StatReloader
C:\Users\User\OneDrive\Desktop\computer_science\work\GenericWeb\backend\generic3\authentication\views.py changed, reloading.
Watching for file changes with StatReloader
C:\Users\User\OneDrive\Desktop\computer_science\work\GenericWeb\backend\generic3\authentication\views.py changed, reloading.
Watching for file changes with StatReloader
Internal Server Error: /api/v1/auth/2fa/
"POST /api/v1/auth/2fa/ HTTP/1.1" 500 31
Internal Server Error: /api/v1/auth/2fa/
"POST /api/v1/auth/2fa/ HTTP/1.1" 500 31
"POST /api/v1/auth/2fa/ HTTP/1.1" 200 127
"POST /api/v1/auth/2fa/verify/ HTTP/1.1" 200 88
"GET /api/v1/auth/users/1/qr-code/ HTTP/1.1" 200 1153
Unauthorized: /api/v1/auth/password/
"PUT /api/v1/auth/password/ HTTP/1.1" 401 25
Unauthorized: /api/v1/auth/tokens/refresh/
"POST /api/v1/auth/tokens/refresh/ HTTP/1.1" 401 30
Unauthorized: /api/v1/auth/tokens/refresh/
"POST /api/v1/auth/tokens/refresh/ HTTP/1.1" 401 30
Unauthorized: /api/v1/auth/tokens/refresh/
"POST /api/v1/auth/tokens/refresh/ HTTP/1.1" 401 30
"POST /api/v1/auth/sessions/ HTTP/1.1" 201 800
"POST /api/v1/auth/tokens/refresh/ HTTP/1.1" 200 28
Unauthorized: /api/v1/auth/password/
"PUT /api/v1/auth/password/ HTTP/1.1" 401 25
Unauthorized: /api/v1/auth/password/
"PUT /api/v1/auth/password/ HTTP/1.1" 401 25
C:\Users\User\OneDrive\Desktop\computer_science\work\GenericWeb\backend\generic3\authentication\views.py changed, reloading.
Watching for file changes with StatReloader
C:\Users\User\OneDrive\Desktop\computer_science\work\GenericWeb\backend\generic3\authentication\views.py changed, reloading.
Watching for file changes with StatReloader
C:\Users\User\OneDrive\Desktop\computer_science\work\GenericWeb\backend\generic3\authentication\views.py changed, reloading.
Watching for file changes with StatReloader
Bad Request: /api/v1/auth/password/
"PUT /api/v1/auth/password/ HTTP/1.1" 400 77
Bad Request: /api/v1/auth/password/
"PUT /api/v1/auth/password/ HTTP/1.1" 400 77
Unauthorized: /api/v1/auth/password/
"PUT /api/v1/auth/password/ HTTP/1.1" 401 58
"POST /api/v1/auth/sessions/ HTTP/1.1" 201 800
Unauthorized: /api/v1/auth/password/
"PUT /api/v1/auth/password/ HTTP/1.1" 401 58
"POST /api/v1/auth/sessions/ HTTP/1.1" 201 800
"PUT /api/v1/auth/password/ HTTP/1.1" 200 43
Unauthorized: /api/v1/auth/sessions/
"POST /api/v1/auth/sessions/ HTTP/1.1" 401 32
Unauthorized: /api/v1/auth/sessions/
"POST /api/v1/auth/sessions/ HTTP/1.1" 401 32
"POST /api/v1/auth/sessions/ HTTP/1.1" 201 837
C:\Users\User\OneDrive\Desktop\computer_science\work\GenericWeb\backend\generic3\users\views.py changed, reloading.
Watching for file changes with StatReloader
C:\Users\User\OneDrive\Desktop\computer_science\work\GenericWeb\backend\generic3\users\views.py changed, reloading.
Watching for file changes with StatReloader
"POST /api/v1/auth/sessions/ HTTP/1.1" 201 837
"GET /api/v1/users/ HTTP/1.1" 200 1710
"GET /api/v1/users/ HTTP/1.1" 200 1710
C:\Users\User\OneDrive\Desktop\computer_science\work\GenericWeb\backend\generic3\users\views.py changed, reloading.
Watching for file changes with StatReloader
Forbidden: /api/v1/users/
"GET /api/v1/users/ HTTP/1.1" 403 77
"GET /api/v1/users/?role=DOCTOR HTTP/1.1" 200 52
"GET /api/v1/users/?role=RESEARCH_PATIENT&page=1&page_size=10 HTTP/1.1" 200 52
"GET /api/v1/users/?role=DOCTOR HTTP/1.1" 200 52
"GET /api/v1/users/me/ HTTP/1.1" 200 172
"GET /api/v1/users/me/ HTTP/1.1" 200 172
"GET /api/v1/users/5/ HTTP/1.1" 200 162
"PUT /api/v1/users/5/ HTTP/1.1" 200 38
"PATCH /api/v1/users/5/ HTTP/1.1" 200 38
"PATCH /api/v1/users/5/ HTTP/1.1" 200 38
Not Found: /api/v1/users/7/
"DELETE /api/v1/users/7/ HTTP/1.1" 404 29
Not Found: /api/v1/users/12/
"DELETE /api/v1/users/12/ HTTP/1.1" 404 29
C:\Users\User\OneDrive\Desktop\computer_science\work\GenericWeb\backend\generic3\users\views.py changed, reloading.
Watching for file changes with StatReloader
Not Found: /api/v1/users/12/
"DELETE /api/v1/users/12/ HTTP/1.1" 404 29
Internal Server Error: /api/v1/users/
"POST /api/v1/users/ HTTP/1.1" 500 115
Forbidden: /api/v1/users/
"GET /api/v1/users/ HTTP/1.1" 403 77
"GET /api/v1/users/?role=DOCTOR HTTP/1.1" 200 52
C:\Users\User\OneDrive\Desktop\computer_science\work\GenericWeb\backend\generic3\users\views.py changed, reloading.
Watching for file changes with StatReloader
"GET /api/v1/users/?role=DOCTOR HTTP/1.1" 200 52
C:\Users\User\OneDrive\Desktop\computer_science\work\GenericWeb\backend\generic3\users\views.py changed, reloading.
Watching for file changes with StatReloader
C:\Users\User\OneDrive\Desktop\computer_science\work\GenericWeb\backend\generic3\users\views.py changed, reloading.
Watching for file changes with StatReloader
C:\Users\User\OneDrive\Desktop\computer_science\work\GenericWeb\backend\generic3\generic3\utils.py changed, reloading.
Watching for file changes with StatReloader
C:\Users\User\OneDrive\Desktop\computer_science\work\GenericWeb\backend\generic3\users\views.py changed, reloading.
Watching for file changes with StatReloader
C:\Users\User\OneDrive\Desktop\computer_science\work\GenericWeb\backend\generic3\generic3\utils.py changed, reloading.
Watching for file changes with StatReloader
C:\Users\User\OneDrive\Desktop\computer_science\work\GenericWeb\backend\generic3\generic3\utils.py changed, reloading.
Watching for file changes with StatReloader
C:\Users\User\OneDrive\Desktop\computer_science\work\GenericWeb\backend\generic3\users\views.py changed, reloading.
Watching for file changes with StatReloader
C:\Users\User\OneDrive\Desktop\computer_science\work\GenericWeb\backend\generic3\authentication\views.py changed, reloading.
Watching for file changes with StatReloader
C:\Users\User\OneDrive\Desktop\computer_science\work\GenericWeb\backend\generic3\generic3\utils.py changed, reloading.
Watching for file changes with StatReloader
C:\Users\User\OneDrive\Desktop\computer_science\work\GenericWeb\backend\generic3\authentication\views.py changed, reloading.
Watching for file changes with StatReloader
"POST /api/v1/auth/sessions/ HTTP/1.1" 201 837
Forbidden: /api/v1/users/
"GET /api/v1/users/ HTTP/1.1" 403 77
"GET /api/v1/users/?role=DOCTOR HTTP/1.1" 200 52
C:\Users\User\OneDrive\Desktop\computer_science\work\GenericWeb\backend\generic3\users\views.py changed, reloading.
Watching for file changes with StatReloader
"GET /api/v1/users/?role=DOCTOR HTTP/1.1" 200 52
C:\Users\User\OneDrive\Desktop\computer_science\work\GenericWeb\backend\generic3\users\views.py changed, reloading.
Watching for file changes with StatReloader
"GET /api/v1/users/?role=DOCTOR HTTP/1.1" 200 52
Forbidden: /api/v1/users/
"GET /api/v1/users/ HTTP/1.1" 403 77
Forbidden: /api/v1/auth/sessions/
"POST /api/v1/auth/sessions/ HTTP/1.1" 403 43
Forbidden: /api/v1/auth/sessions/
"POST /api/v1/auth/sessions/ HTTP/1.1" 403 43
C:\Users\User\OneDrive\Desktop\computer_science\work\GenericWeb\backend\generic3\authentication\views.py changed, reloading.
Watching for file changes with StatReloader
"POST /api/v1/auth/sessions/ HTTP/1.1" 201 800
"GET /api/v1/users/ HTTP/1.1" 200 1709
"GET /api/v1/users/?role=DOCTOR HTTP/1.1" 200 307
"GET /api/v1/users/?role=RESEARCH_PATIENT&page=1&page_size=10 HTTP/1.1" 200 745
"GET /api/v1/users/me/ HTTP/1.1" 200 128
"GET /api/v1/users/5/ HTTP/1.1" 200 161
Bad Request: /api/v1/users/12/
"DELETE /api/v1/users/12/ HTTP/1.1" 400 90
"POST /api/v1/auth/sessions/ HTTP/1.1" 201 949
"GET /api/v1/users/?role=RESEARCH_PATIENT&page=1&page_size=10 HTTP/1.1" 200 745
Unauthorized: /api/v1/auth/sessions/
Bad Request: /api/v1/auth/sessions/
Bad Request: /api/v1/auth/sessions/
Internal Server Error: /api/v1/auth/sessions/
Traceback (most recent call last):
  File "C:\Users\User\OneDrive\Desktop\computer_science\work\GenericWeb\backend\venv\Lib\site-packages\django\core\handlers\exception.py", line 55, in inner
    response = get_response(request)
               ^^^^^^^^^^^^^^^^^^^^^
  File "C:\Users\User\OneDrive\Desktop\computer_science\work\GenericWeb\backend\venv\Lib\site-packages\django\core\handlers\base.py", line 197, in _get_response
    response = wrapped_callback(request, *callback_args, **callback_kwargs)
               ^^^^^^^^^^^^^^^^^^^^^^^^^^^^^^^^^^^^^^^^^^^^^^^^^^^^^^^^^^^^
  File "C:\Users\User\OneDrive\Desktop\computer_science\work\GenericWeb\backend\venv\Lib\site-packages\django\views\decorators\csrf.py", line 56, in wrapper_view
    return view_func(*args, **kwargs)
           ^^^^^^^^^^^^^^^^^^^^^^^^^^
  File "C:\Users\User\OneDrive\Desktop\computer_science\work\GenericWeb\backend\venv\Lib\site-packages\django\views\generic\base.py", line 104, in view
    return self.dispatch(request, *args, **kwargs)
           ^^^^^^^^^^^^^^^^^^^^^^^^^^^^^^^^^^^^^^^
  File "C:\Users\User\OneDrive\Desktop\computer_science\work\GenericWeb\backend\venv\Lib\site-packages\rest_framework\views.py", line 509, in dispatch
    response = self.handle_exception(exc)
               ^^^^^^^^^^^^^^^^^^^^^^^^^^
  File "C:\Users\User\OneDrive\Desktop\computer_science\work\GenericWeb\backend\venv\Lib\site-packages\rest_framework\views.py", line 469, in handle_exception
    self.raise_uncaught_exception(exc)
  File "C:\Users\User\OneDrive\Desktop\computer_science\work\GenericWeb\backend\venv\Lib\site-packages\rest_framework\views.py", line 480, in raise_uncaught_exception
    raise exc
  File "C:\Users\User\OneDrive\Desktop\computer_science\work\GenericWeb\backend\venv\Lib\site-packages\rest_framework\views.py", line 506, in dispatch
    response = handler(request, *args, **kwargs)
               ^^^^^^^^^^^^^^^^^^^^^^^^^^^^^^^^^
  File "C:\Users\User\OneDrive\Desktop\computer_science\work\GenericWeb\backend\generic3\authentication\views.py", line 61, in post
    clinic_id = get_clinic_id_for_user(user , site=site)
                ^^^^^^^^^^^^^^^^^^^^^^^^^^^^^^^^^^^^^^^^
  File "C:\Users\User\OneDrive\Desktop\computer_science\work\GenericWeb\backend\generic3\generic3\utils.py", line 54, in get_clinic_id_for_user
    doctor = Doctor.objects.get(user=user)
             ^^^^^^^^^^^^^^^^^^^^^^^^^^^^^
  File "C:\Users\User\OneDrive\Desktop\computer_science\work\GenericWeb\backend\venv\Lib\site-packages\django\db\models\manager.py", line 87, in manager_method
    return getattr(self.get_queryset(), name)(*args, **kwargs)
           ^^^^^^^^^^^^^^^^^^^^^^^^^^^^^^^^^^^^^^^^^^^^^^^^^^^
  File "C:\Users\User\OneDrive\Desktop\computer_science\work\GenericWeb\backend\venv\Lib\site-packages\django\db\models\query.py", line 637, in get
    raise self.model.DoesNotExist(
users.models.Doctor.DoesNotExist: Doctor matching query does not exist.
Bad Request: /api/v1/auth/sessions/
Unauthorized: /api/v1/auth/tokens/refresh/
Unauthorized: /api/v1/auth/tokens/refresh/
Internal Server Error: /api/v1/auth/2fa/
Internal Server Error: /api/v1/auth/2fa/
Unauthorized: /api/v1/auth/2fa/
Bad Request: /api/v1/auth/2fa/
Internal Server Error: /api/v1/auth/2fa/
Bad Request: /api/v1/auth/2fa/verify/
Bad Request: /api/v1/auth/2fa/verify/
Bad Request: /api/v1/auth/2fa/verify/
Bad Request: /api/v1/auth/2fa/verify/
Bad Request: /api/v1/auth/2fa/verify/
Bad Request: /api/v1/auth/2fa/verify/
Unauthorized: /api/v1/auth/password/
Unauthorized: /api/v1/auth/password/
Bad Request: /api/v1/auth/password/
Bad Request: /api/v1/auth/password/
Bad Request: /api/v1/auth/password/
Bad Request: /api/v1/auth/password/
Bad Request: /api/v1/auth/password/
Bad Request: /api/v1/auth/password/
Bad Request: /api/v1/auth/password/
Bad Request: /api/v1/auth/password/
Unauthorized: /api/v1/auth/users/1/qr-code/
Forbidden: /api/v1/auth/users/2/qr-code/
Not Found: /api/v1/auth/users/99999/qr-code/
Internal Server Error: /api/v1/auth/sessions/
Traceback (most recent call last):
  File "C:\Users\User\OneDrive\Desktop\computer_science\work\GenericWeb\backend\venv\Lib\site-packages\django\core\handlers\exception.py", line 55, in inner
    response = get_response(request)
               ^^^^^^^^^^^^^^^^^^^^^
  File "C:\Users\User\OneDrive\Desktop\computer_science\work\GenericWeb\backend\venv\Lib\site-packages\django\core\handlers\base.py", line 197, in _get_response
    response = wrapped_callback(request, *callback_args, **callback_kwargs)
               ^^^^^^^^^^^^^^^^^^^^^^^^^^^^^^^^^^^^^^^^^^^^^^^^^^^^^^^^^^^^
  File "C:\Users\User\OneDrive\Desktop\computer_science\work\GenericWeb\backend\venv\Lib\site-packages\django\views\decorators\csrf.py", line 56, in wrapper_view
    return view_func(*args, **kwargs)
           ^^^^^^^^^^^^^^^^^^^^^^^^^^
  File "C:\Users\User\OneDrive\Desktop\computer_science\work\GenericWeb\backend\venv\Lib\site-packages\django\views\generic\base.py", line 104, in view
    return self.dispatch(request, *args, **kwargs)
           ^^^^^^^^^^^^^^^^^^^^^^^^^^^^^^^^^^^^^^^
  File "C:\Users\User\OneDrive\Desktop\computer_science\work\GenericWeb\backend\venv\Lib\site-packages\rest_framework\views.py", line 509, in dispatch
    response = self.handle_exception(exc)
               ^^^^^^^^^^^^^^^^^^^^^^^^^^
  File "C:\Users\User\OneDrive\Desktop\computer_science\work\GenericWeb\backend\venv\Lib\site-packages\rest_framework\views.py", line 469, in handle_exception
    self.raise_uncaught_exception(exc)
  File "C:\Users\User\OneDrive\Desktop\computer_science\work\GenericWeb\backend\venv\Lib\site-packages\rest_framework\views.py", line 480, in raise_uncaught_exception
    raise exc
  File "C:\Users\User\OneDrive\Desktop\computer_science\work\GenericWeb\backend\venv\Lib\site-packages\rest_framework\views.py", line 506, in dispatch
    response = handler(request, *args, **kwargs)
               ^^^^^^^^^^^^^^^^^^^^^^^^^^^^^^^^^
  File "C:\Users\User\OneDrive\Desktop\computer_science\work\GenericWeb\backend\generic3\authentication\views.py", line 61, in post
    clinic_id = get_clinic_id_for_user(user , site=site)
                ^^^^^^^^^^^^^^^^^^^^^^^^^^^^^^^^^^^^^^^^
  File "C:\Users\User\OneDrive\Desktop\computer_science\work\GenericWeb\backend\generic3\generic3\utils.py", line 57, in get_clinic_id_for_user
    patient = Patient.objects.get(user=user)
              ^^^^^^^^^^^^^^^^^^^^^^^^^^^^^^
  File "C:\Users\User\OneDrive\Desktop\computer_science\work\GenericWeb\backend\venv\Lib\site-packages\django\db\models\manager.py", line 87, in manager_method
    return getattr(self.get_queryset(), name)(*args, **kwargs)
           ^^^^^^^^^^^^^^^^^^^^^^^^^^^^^^^^^^^^^^^^^^^^^^^^^^^
  File "C:\Users\User\OneDrive\Desktop\computer_science\work\GenericWeb\backend\venv\Lib\site-packages\django\db\models\query.py", line 637, in get
    raise self.model.DoesNotExist(
users.models.Patient.DoesNotExist: Patient matching query does not exist.
Forbidden: /api/v1/users/
Unauthorized: /api/v1/users/
Forbidden: /api/v1/users/
Internal Server Error: /api/v1/users/
Bad Request: /api/v1/users/
Forbidden: /api/v1/users/
Internal Server Error: /api/v1/users/1/
Traceback (most recent call last):
  File "C:\Users\User\OneDrive\Desktop\computer_science\work\GenericWeb\backend\venv\Lib\site-packages\django\core\handlers\exception.py", line 55, in inner
    response = get_response(request)
               ^^^^^^^^^^^^^^^^^^^^^
  File "C:\Users\User\OneDrive\Desktop\computer_science\work\GenericWeb\backend\venv\Lib\site-packages\django\core\handlers\base.py", line 197, in _get_response
    response = wrapped_callback(request, *callback_args, **callback_kwargs)
               ^^^^^^^^^^^^^^^^^^^^^^^^^^^^^^^^^^^^^^^^^^^^^^^^^^^^^^^^^^^^
  File "C:\Users\User\OneDrive\Desktop\computer_science\work\GenericWeb\backend\venv\Lib\site-packages\django\views\decorators\csrf.py", line 56, in wrapper_view
    return view_func(*args, **kwargs)
           ^^^^^^^^^^^^^^^^^^^^^^^^^^
  File "C:\Users\User\OneDrive\Desktop\computer_science\work\GenericWeb\backend\venv\Lib\site-packages\django\views\generic\base.py", line 104, in view
    return self.dispatch(request, *args, **kwargs)
           ^^^^^^^^^^^^^^^^^^^^^^^^^^^^^^^^^^^^^^^
  File "C:\Users\User\OneDrive\Desktop\computer_science\work\GenericWeb\backend\venv\Lib\site-packages\rest_framework\views.py", line 509, in dispatch
    response = self.handle_exception(exc)
               ^^^^^^^^^^^^^^^^^^^^^^^^^^
  File "C:\Users\User\OneDrive\Desktop\computer_science\work\GenericWeb\backend\venv\Lib\site-packages\rest_framework\views.py", line 469, in handle_exception
    self.raise_uncaught_exception(exc)
  File "C:\Users\User\OneDrive\Desktop\computer_science\work\GenericWeb\backend\venv\Lib\site-packages\rest_framework\views.py", line 480, in raise_uncaught_exception
    raise exc
  File "C:\Users\User\OneDrive\Desktop\computer_science\work\GenericWeb\backend\venv\Lib\site-packages\rest_framework\views.py", line 506, in dispatch
    response = handler(request, *args, **kwargs)
               ^^^^^^^^^^^^^^^^^^^^^^^^^^^^^^^^^
  File "C:\Users\User\OneDrive\Desktop\computer_science\work\GenericWeb\backend\venv\Lib\site-packages\rest_framework\decorators.py", line 50, in handler
    return func(*args, **kwargs)
           ^^^^^^^^^^^^^^^^^^^^^
  File "C:\Users\User\OneDrive\Desktop\computer_science\work\GenericWeb\backend\generic3\users\views.py", line 188, in user_detail
    clinic_id = get_clinic_id_for_user(current_user , site=site)
                ^^^^^^^^^^^^^^^^^^^^^^^^^^^^^^^^^^^^^^^^^^^^^^^^
  File "C:\Users\User\OneDrive\Desktop\computer_science\work\GenericWeb\backend\generic3\generic3\utils.py", line 54, in get_clinic_id_for_user
    doctor = Doctor.objects.get(user=user)
             ^^^^^^^^^^^^^^^^^^^^^^^^^^^^^
  File "C:\Users\User\OneDrive\Desktop\computer_science\work\GenericWeb\backend\venv\Lib\site-packages\django\db\models\manager.py", line 87, in manager_method
    return getattr(self.get_queryset(), name)(*args, **kwargs)
           ^^^^^^^^^^^^^^^^^^^^^^^^^^^^^^^^^^^^^^^^^^^^^^^^^^^
  File "C:\Users\User\OneDrive\Desktop\computer_science\work\GenericWeb\backend\venv\Lib\site-packages\django\db\models\query.py", line 637, in get
    raise self.model.DoesNotExist(
users.models.Doctor.DoesNotExist: Doctor matching query does not exist.
Internal Server Error: /api/v1/users/me/
Traceback (most recent call last):
  File "C:\Users\User\OneDrive\Desktop\computer_science\work\GenericWeb\backend\venv\Lib\site-packages\django\core\handlers\exception.py", line 55, in inner
    response = get_response(request)
               ^^^^^^^^^^^^^^^^^^^^^
  File "C:\Users\User\OneDrive\Desktop\computer_science\work\GenericWeb\backend\venv\Lib\site-packages\django\core\handlers\base.py", line 197, in _get_response
    response = wrapped_callback(request, *callback_args, **callback_kwargs)
               ^^^^^^^^^^^^^^^^^^^^^^^^^^^^^^^^^^^^^^^^^^^^^^^^^^^^^^^^^^^^
  File "C:\Users\User\OneDrive\Desktop\computer_science\work\GenericWeb\backend\venv\Lib\site-packages\django\views\decorators\csrf.py", line 56, in wrapper_view
    return view_func(*args, **kwargs)
           ^^^^^^^^^^^^^^^^^^^^^^^^^^
  File "C:\Users\User\OneDrive\Desktop\computer_science\work\GenericWeb\backend\venv\Lib\site-packages\django\views\generic\base.py", line 104, in view
    return self.dispatch(request, *args, **kwargs)
           ^^^^^^^^^^^^^^^^^^^^^^^^^^^^^^^^^^^^^^^
  File "C:\Users\User\OneDrive\Desktop\computer_science\work\GenericWeb\backend\venv\Lib\site-packages\rest_framework\views.py", line 509, in dispatch
    response = self.handle_exception(exc)
               ^^^^^^^^^^^^^^^^^^^^^^^^^^
  File "C:\Users\User\OneDrive\Desktop\computer_science\work\GenericWeb\backend\venv\Lib\site-packages\rest_framework\views.py", line 469, in handle_exception
    self.raise_uncaught_exception(exc)
  File "C:\Users\User\OneDrive\Desktop\computer_science\work\GenericWeb\backend\venv\Lib\site-packages\rest_framework\views.py", line 480, in raise_uncaught_exception
    raise exc
  File "C:\Users\User\OneDrive\Desktop\computer_science\work\GenericWeb\backend\venv\Lib\site-packages\rest_framework\views.py", line 506, in dispatch
    response = handler(request, *args, **kwargs)
               ^^^^^^^^^^^^^^^^^^^^^^^^^^^^^^^^^
  File "C:\Users\User\OneDrive\Desktop\computer_science\work\GenericWeb\backend\venv\Lib\site-packages\rest_framework\decorators.py", line 50, in handler
    return func(*args, **kwargs)
           ^^^^^^^^^^^^^^^^^^^^^
  File "C:\Users\User\OneDrive\Desktop\computer_science\work\GenericWeb\backend\generic3\users\views.py", line 287, in current_user
    clinic_id = get_clinic_id_for_user(user, site=site)
                ^^^^^^^^^^^^^^^^^^^^^^^^^^^^^^^^^^^^^^^
  File "C:\Users\User\OneDrive\Desktop\computer_science\work\GenericWeb\backend\generic3\generic3\utils.py", line 54, in get_clinic_id_for_user
    doctor = Doctor.objects.get(user=user)
             ^^^^^^^^^^^^^^^^^^^^^^^^^^^^^
  File "C:\Users\User\OneDrive\Desktop\computer_science\work\GenericWeb\backend\venv\Lib\site-packages\django\db\models\manager.py", line 87, in manager_method
    return getattr(self.get_queryset(), name)(*args, **kwargs)
           ^^^^^^^^^^^^^^^^^^^^^^^^^^^^^^^^^^^^^^^^^^^^^^^^^^^
  File "C:\Users\User\OneDrive\Desktop\computer_science\work\GenericWeb\backend\venv\Lib\site-packages\django\db\models\query.py", line 637, in get
    raise self.model.DoesNotExist(
users.models.Doctor.DoesNotExist: Doctor matching query does not exist.
Internal Server Error: /api/v1/users/1/
Traceback (most recent call last):
  File "C:\Users\User\OneDrive\Desktop\computer_science\work\GenericWeb\backend\venv\Lib\site-packages\django\core\handlers\exception.py", line 55, in inner
    response = get_response(request)
               ^^^^^^^^^^^^^^^^^^^^^
  File "C:\Users\User\OneDrive\Desktop\computer_science\work\GenericWeb\backend\venv\Lib\site-packages\django\core\handlers\base.py", line 197, in _get_response
    response = wrapped_callback(request, *callback_args, **callback_kwargs)
               ^^^^^^^^^^^^^^^^^^^^^^^^^^^^^^^^^^^^^^^^^^^^^^^^^^^^^^^^^^^^
  File "C:\Users\User\OneDrive\Desktop\computer_science\work\GenericWeb\backend\venv\Lib\site-packages\django\views\decorators\csrf.py", line 56, in wrapper_view
    return view_func(*args, **kwargs)
           ^^^^^^^^^^^^^^^^^^^^^^^^^^
  File "C:\Users\User\OneDrive\Desktop\computer_science\work\GenericWeb\backend\venv\Lib\site-packages\django\views\generic\base.py", line 104, in view
    return self.dispatch(request, *args, **kwargs)
           ^^^^^^^^^^^^^^^^^^^^^^^^^^^^^^^^^^^^^^^
  File "C:\Users\User\OneDrive\Desktop\computer_science\work\GenericWeb\backend\venv\Lib\site-packages\rest_framework\views.py", line 509, in dispatch
    response = self.handle_exception(exc)
               ^^^^^^^^^^^^^^^^^^^^^^^^^^
  File "C:\Users\User\OneDrive\Desktop\computer_science\work\GenericWeb\backend\venv\Lib\site-packages\rest_framework\views.py", line 469, in handle_exception
    self.raise_uncaught_exception(exc)
  File "C:\Users\User\OneDrive\Desktop\computer_science\work\GenericWeb\backend\venv\Lib\site-packages\rest_framework\views.py", line 480, in raise_uncaught_exception
    raise exc
  File "C:\Users\User\OneDrive\Desktop\computer_science\work\GenericWeb\backend\venv\Lib\site-packages\rest_framework\views.py", line 506, in dispatch
    response = handler(request, *args, **kwargs)
               ^^^^^^^^^^^^^^^^^^^^^^^^^^^^^^^^^
  File "C:\Users\User\OneDrive\Desktop\computer_science\work\GenericWeb\backend\venv\Lib\site-packages\rest_framework\decorators.py", line 50, in handler
    return func(*args, **kwargs)
           ^^^^^^^^^^^^^^^^^^^^^
  File "C:\Users\User\OneDrive\Desktop\computer_science\work\GenericWeb\backend\generic3\users\views.py", line 188, in user_detail
    clinic_id = get_clinic_id_for_user(current_user , site=site)
                ^^^^^^^^^^^^^^^^^^^^^^^^^^^^^^^^^^^^^^^^^^^^^^^^
  File "C:\Users\User\OneDrive\Desktop\computer_science\work\GenericWeb\backend\generic3\generic3\utils.py", line 54, in get_clinic_id_for_user
    doctor = Doctor.objects.get(user=user)
             ^^^^^^^^^^^^^^^^^^^^^^^^^^^^^
  File "C:\Users\User\OneDrive\Desktop\computer_science\work\GenericWeb\backend\venv\Lib\site-packages\django\db\models\manager.py", line 87, in manager_method
    return getattr(self.get_queryset(), name)(*args, **kwargs)
           ^^^^^^^^^^^^^^^^^^^^^^^^^^^^^^^^^^^^^^^^^^^^^^^^^^^
  File "C:\Users\User\OneDrive\Desktop\computer_science\work\GenericWeb\backend\venv\Lib\site-packages\django\db\models\query.py", line 637, in get
    raise self.model.DoesNotExist(
users.models.Doctor.DoesNotExist: Doctor matching query does not exist.
Internal Server Error: /api/v1/users/1/
Traceback (most recent call last):
  File "C:\Users\User\OneDrive\Desktop\computer_science\work\GenericWeb\backend\venv\Lib\site-packages\django\core\handlers\exception.py", line 55, in inner
    response = get_response(request)
               ^^^^^^^^^^^^^^^^^^^^^
  File "C:\Users\User\OneDrive\Desktop\computer_science\work\GenericWeb\backend\venv\Lib\site-packages\django\core\handlers\base.py", line 197, in _get_response
    response = wrapped_callback(request, *callback_args, **callback_kwargs)
               ^^^^^^^^^^^^^^^^^^^^^^^^^^^^^^^^^^^^^^^^^^^^^^^^^^^^^^^^^^^^
  File "C:\Users\User\OneDrive\Desktop\computer_science\work\GenericWeb\backend\venv\Lib\site-packages\django\views\decorators\csrf.py", line 56, in wrapper_view
    return view_func(*args, **kwargs)
           ^^^^^^^^^^^^^^^^^^^^^^^^^^
  File "C:\Users\User\OneDrive\Desktop\computer_science\work\GenericWeb\backend\venv\Lib\site-packages\django\views\generic\base.py", line 104, in view
    return self.dispatch(request, *args, **kwargs)
           ^^^^^^^^^^^^^^^^^^^^^^^^^^^^^^^^^^^^^^^
  File "C:\Users\User\OneDrive\Desktop\computer_science\work\GenericWeb\backend\venv\Lib\site-packages\rest_framework\views.py", line 509, in dispatch
    response = self.handle_exception(exc)
               ^^^^^^^^^^^^^^^^^^^^^^^^^^
  File "C:\Users\User\OneDrive\Desktop\computer_science\work\GenericWeb\backend\venv\Lib\site-packages\rest_framework\views.py", line 469, in handle_exception
    self.raise_uncaught_exception(exc)
  File "C:\Users\User\OneDrive\Desktop\computer_science\work\GenericWeb\backend\venv\Lib\site-packages\rest_framework\views.py", line 480, in raise_uncaught_exception
    raise exc
  File "C:\Users\User\OneDrive\Desktop\computer_science\work\GenericWeb\backend\venv\Lib\site-packages\rest_framework\views.py", line 506, in dispatch
    response = handler(request, *args, **kwargs)
               ^^^^^^^^^^^^^^^^^^^^^^^^^^^^^^^^^
  File "C:\Users\User\OneDrive\Desktop\computer_science\work\GenericWeb\backend\venv\Lib\site-packages\rest_framework\decorators.py", line 50, in handler
    return func(*args, **kwargs)
           ^^^^^^^^^^^^^^^^^^^^^
  File "C:\Users\User\OneDrive\Desktop\computer_science\work\GenericWeb\backend\generic3\users\views.py", line 188, in user_detail
    clinic_id = get_clinic_id_for_user(current_user , site=site)
                ^^^^^^^^^^^^^^^^^^^^^^^^^^^^^^^^^^^^^^^^^^^^^^^^
  File "C:\Users\User\OneDrive\Desktop\computer_science\work\GenericWeb\backend\generic3\generic3\utils.py", line 54, in get_clinic_id_for_user
    doctor = Doctor.objects.get(user=user)
             ^^^^^^^^^^^^^^^^^^^^^^^^^^^^^
  File "C:\Users\User\OneDrive\Desktop\computer_science\work\GenericWeb\backend\venv\Lib\site-packages\django\db\models\manager.py", line 87, in manager_method
    return getattr(self.get_queryset(), name)(*args, **kwargs)
           ^^^^^^^^^^^^^^^^^^^^^^^^^^^^^^^^^^^^^^^^^^^^^^^^^^^
  File "C:\Users\User\OneDrive\Desktop\computer_science\work\GenericWeb\backend\venv\Lib\site-packages\django\db\models\query.py", line 637, in get
    raise self.model.DoesNotExist(
users.models.Doctor.DoesNotExist: Doctor matching query does not exist.
Internal Server Error: /api/v1/users/1/
Traceback (most recent call last):
  File "C:\Users\User\OneDrive\Desktop\computer_science\work\GenericWeb\backend\venv\Lib\site-packages\django\core\handlers\exception.py", line 55, in inner
    response = get_response(request)
               ^^^^^^^^^^^^^^^^^^^^^
  File "C:\Users\User\OneDrive\Desktop\computer_science\work\GenericWeb\backend\venv\Lib\site-packages\django\core\handlers\base.py", line 197, in _get_response
    response = wrapped_callback(request, *callback_args, **callback_kwargs)
               ^^^^^^^^^^^^^^^^^^^^^^^^^^^^^^^^^^^^^^^^^^^^^^^^^^^^^^^^^^^^
  File "C:\Users\User\OneDrive\Desktop\computer_science\work\GenericWeb\backend\venv\Lib\site-packages\django\views\decorators\csrf.py", line 56, in wrapper_view
    return view_func(*args, **kwargs)
           ^^^^^^^^^^^^^^^^^^^^^^^^^^
  File "C:\Users\User\OneDrive\Desktop\computer_science\work\GenericWeb\backend\venv\Lib\site-packages\django\views\generic\base.py", line 104, in view
    return self.dispatch(request, *args, **kwargs)
           ^^^^^^^^^^^^^^^^^^^^^^^^^^^^^^^^^^^^^^^
  File "C:\Users\User\OneDrive\Desktop\computer_science\work\GenericWeb\backend\venv\Lib\site-packages\rest_framework\views.py", line 509, in dispatch
    response = self.handle_exception(exc)
               ^^^^^^^^^^^^^^^^^^^^^^^^^^
  File "C:\Users\User\OneDrive\Desktop\computer_science\work\GenericWeb\backend\venv\Lib\site-packages\rest_framework\views.py", line 469, in handle_exception
    self.raise_uncaught_exception(exc)
  File "C:\Users\User\OneDrive\Desktop\computer_science\work\GenericWeb\backend\venv\Lib\site-packages\rest_framework\views.py", line 480, in raise_uncaught_exception
    raise exc
  File "C:\Users\User\OneDrive\Desktop\computer_science\work\GenericWeb\backend\venv\Lib\site-packages\rest_framework\views.py", line 506, in dispatch
    response = handler(request, *args, **kwargs)
               ^^^^^^^^^^^^^^^^^^^^^^^^^^^^^^^^^
  File "C:\Users\User\OneDrive\Desktop\computer_science\work\GenericWeb\backend\venv\Lib\site-packages\rest_framework\decorators.py", line 50, in handler
    return func(*args, **kwargs)
           ^^^^^^^^^^^^^^^^^^^^^
  File "C:\Users\User\OneDrive\Desktop\computer_science\work\GenericWeb\backend\generic3\users\views.py", line 188, in user_detail
    clinic_id = get_clinic_id_for_user(current_user , site=site)
                ^^^^^^^^^^^^^^^^^^^^^^^^^^^^^^^^^^^^^^^^^^^^^^^^
  File "C:\Users\User\OneDrive\Desktop\computer_science\work\GenericWeb\backend\generic3\generic3\utils.py", line 54, in get_clinic_id_for_user
    doctor = Doctor.objects.get(user=user)
             ^^^^^^^^^^^^^^^^^^^^^^^^^^^^^
  File "C:\Users\User\OneDrive\Desktop\computer_science\work\GenericWeb\backend\venv\Lib\site-packages\django\db\models\manager.py", line 87, in manager_method
    return getattr(self.get_queryset(), name)(*args, **kwargs)
           ^^^^^^^^^^^^^^^^^^^^^^^^^^^^^^^^^^^^^^^^^^^^^^^^^^^
  File "C:\Users\User\OneDrive\Desktop\computer_science\work\GenericWeb\backend\venv\Lib\site-packages\django\db\models\query.py", line 637, in get
    raise self.model.DoesNotExist(
users.models.Doctor.DoesNotExist: Doctor matching query does not exist.
Internal Server Error: /api/v1/users/1/
Traceback (most recent call last):
  File "C:\Users\User\OneDrive\Desktop\computer_science\work\GenericWeb\backend\venv\Lib\site-packages\django\core\handlers\exception.py", line 55, in inner
    response = get_response(request)
               ^^^^^^^^^^^^^^^^^^^^^
  File "C:\Users\User\OneDrive\Desktop\computer_science\work\GenericWeb\backend\venv\Lib\site-packages\django\core\handlers\base.py", line 197, in _get_response
    response = wrapped_callback(request, *callback_args, **callback_kwargs)
               ^^^^^^^^^^^^^^^^^^^^^^^^^^^^^^^^^^^^^^^^^^^^^^^^^^^^^^^^^^^^
  File "C:\Users\User\OneDrive\Desktop\computer_science\work\GenericWeb\backend\venv\Lib\site-packages\django\views\decorators\csrf.py", line 56, in wrapper_view
    return view_func(*args, **kwargs)
           ^^^^^^^^^^^^^^^^^^^^^^^^^^
  File "C:\Users\User\OneDrive\Desktop\computer_science\work\GenericWeb\backend\venv\Lib\site-packages\django\views\generic\base.py", line 104, in view
    return self.dispatch(request, *args, **kwargs)
           ^^^^^^^^^^^^^^^^^^^^^^^^^^^^^^^^^^^^^^^
  File "C:\Users\User\OneDrive\Desktop\computer_science\work\GenericWeb\backend\venv\Lib\site-packages\rest_framework\views.py", line 509, in dispatch
    response = self.handle_exception(exc)
               ^^^^^^^^^^^^^^^^^^^^^^^^^^
  File "C:\Users\User\OneDrive\Desktop\computer_science\work\GenericWeb\backend\venv\Lib\site-packages\rest_framework\views.py", line 469, in handle_exception
    self.raise_uncaught_exception(exc)
  File "C:\Users\User\OneDrive\Desktop\computer_science\work\GenericWeb\backend\venv\Lib\site-packages\rest_framework\views.py", line 480, in raise_uncaught_exception
    raise exc
  File "C:\Users\User\OneDrive\Desktop\computer_science\work\GenericWeb\backend\venv\Lib\site-packages\rest_framework\views.py", line 506, in dispatch
    response = handler(request, *args, **kwargs)
               ^^^^^^^^^^^^^^^^^^^^^^^^^^^^^^^^^
  File "C:\Users\User\OneDrive\Desktop\computer_science\work\GenericWeb\backend\venv\Lib\site-packages\rest_framework\decorators.py", line 50, in handler
    return func(*args, **kwargs)
           ^^^^^^^^^^^^^^^^^^^^^
  File "C:\Users\User\OneDrive\Desktop\computer_science\work\GenericWeb\backend\generic3\users\views.py", line 188, in user_detail
    clinic_id = get_clinic_id_for_user(current_user , site=site)
                ^^^^^^^^^^^^^^^^^^^^^^^^^^^^^^^^^^^^^^^^^^^^^^^^
  File "C:\Users\User\OneDrive\Desktop\computer_science\work\GenericWeb\backend\generic3\generic3\utils.py", line 54, in get_clinic_id_for_user
    doctor = Doctor.objects.get(user=user)
             ^^^^^^^^^^^^^^^^^^^^^^^^^^^^^
  File "C:\Users\User\OneDrive\Desktop\computer_science\work\GenericWeb\backend\venv\Lib\site-packages\django\db\models\manager.py", line 87, in manager_method
    return getattr(self.get_queryset(), name)(*args, **kwargs)
           ^^^^^^^^^^^^^^^^^^^^^^^^^^^^^^^^^^^^^^^^^^^^^^^^^^^
  File "C:\Users\User\OneDrive\Desktop\computer_science\work\GenericWeb\backend\venv\Lib\site-packages\django\db\models\query.py", line 637, in get
    raise self.model.DoesNotExist(
users.models.Doctor.DoesNotExist: Doctor matching query does not exist.
Bad Request: /api/v1/users/2/
Bad Request: /api/v1/users/2/
Internal Server Error: /api/v1/users/2/
Traceback (most recent call last):
  File "C:\Users\User\OneDrive\Desktop\computer_science\work\GenericWeb\backend\venv\Lib\site-packages\django\core\handlers\exception.py", line 55, in inner
    response = get_response(request)
               ^^^^^^^^^^^^^^^^^^^^^
  File "C:\Users\User\OneDrive\Desktop\computer_science\work\GenericWeb\backend\venv\Lib\site-packages\django\core\handlers\base.py", line 197, in _get_response
    response = wrapped_callback(request, *callback_args, **callback_kwargs)
               ^^^^^^^^^^^^^^^^^^^^^^^^^^^^^^^^^^^^^^^^^^^^^^^^^^^^^^^^^^^^
  File "C:\Users\User\OneDrive\Desktop\computer_science\work\GenericWeb\backend\venv\Lib\site-packages\django\views\decorators\csrf.py", line 56, in wrapper_view
    return view_func(*args, **kwargs)
           ^^^^^^^^^^^^^^^^^^^^^^^^^^
  File "C:\Users\User\OneDrive\Desktop\computer_science\work\GenericWeb\backend\venv\Lib\site-packages\django\views\generic\base.py", line 104, in view
    return self.dispatch(request, *args, **kwargs)
           ^^^^^^^^^^^^^^^^^^^^^^^^^^^^^^^^^^^^^^^
  File "C:\Users\User\OneDrive\Desktop\computer_science\work\GenericWeb\backend\venv\Lib\site-packages\rest_framework\views.py", line 509, in dispatch
    response = self.handle_exception(exc)
               ^^^^^^^^^^^^^^^^^^^^^^^^^^
  File "C:\Users\User\OneDrive\Desktop\computer_science\work\GenericWeb\backend\venv\Lib\site-packages\rest_framework\views.py", line 469, in handle_exception
    self.raise_uncaught_exception(exc)
  File "C:\Users\User\OneDrive\Desktop\computer_science\work\GenericWeb\backend\venv\Lib\site-packages\rest_framework\views.py", line 480, in raise_uncaught_exception
    raise exc
  File "C:\Users\User\OneDrive\Desktop\computer_science\work\GenericWeb\backend\venv\Lib\site-packages\rest_framework\views.py", line 506, in dispatch
    response = handler(request, *args, **kwargs)
               ^^^^^^^^^^^^^^^^^^^^^^^^^^^^^^^^^
  File "C:\Users\User\OneDrive\Desktop\computer_science\work\GenericWeb\backend\venv\Lib\site-packages\rest_framework\decorators.py", line 50, in handler
    return func(*args, **kwargs)
           ^^^^^^^^^^^^^^^^^^^^^
  File "C:\Users\User\OneDrive\Desktop\computer_science\work\GenericWeb\backend\generic3\users\views.py", line 188, in user_detail
    clinic_id = get_clinic_id_for_user(current_user , site=site)
                ^^^^^^^^^^^^^^^^^^^^^^^^^^^^^^^^^^^^^^^^^^^^^^^^
  File "C:\Users\User\OneDrive\Desktop\computer_science\work\GenericWeb\backend\generic3\generic3\utils.py", line 57, in get_clinic_id_for_user
    patient = Patient.objects.get(user=user)
              ^^^^^^^^^^^^^^^^^^^^^^^^^^^^^^
  File "C:\Users\User\OneDrive\Desktop\computer_science\work\GenericWeb\backend\venv\Lib\site-packages\django\db\models\manager.py", line 87, in manager_method
    return getattr(self.get_queryset(), name)(*args, **kwargs)
           ^^^^^^^^^^^^^^^^^^^^^^^^^^^^^^^^^^^^^^^^^^^^^^^^^^^
  File "C:\Users\User\OneDrive\Desktop\computer_science\work\GenericWeb\backend\venv\Lib\site-packages\django\db\models\query.py", line 637, in get
    raise self.model.DoesNotExist(
users.models.Patient.DoesNotExist: Patient matching query does not exist.
Forbidden: /api/v1/clinics/
Unauthorized: /api/v1/clinics/
Bad Request: /api/v1/clinics/
Bad Request: /api/v1/clinics/
Bad Request: /api/v1/clinics/
Forbidden: /api/v1/clinics/
Internal Server Error: /api/v1/clinics/1/
Not Found: /api/v1/clinics/99999/
Forbidden: /api/v1/clinics/1/
Forbidden: /api/v1/clinics/
Unauthorized: /api/v1/clinics/
Bad Request: /api/v1/clinics/
Bad Request: /api/v1/clinics/
Bad Request: /api/v1/clinics/
Forbidden: /api/v1/clinics/
Internal Server Error: /api/v1/clinics/1/
Not Found: /api/v1/clinics/99999/
Forbidden: /api/v1/clinics/1/
Unauthorized: /api/v1/auth/sessions/
Bad Request: /api/v1/auth/sessions/
Bad Request: /api/v1/auth/sessions/
Internal Server Error: /api/v1/auth/sessions/
Traceback (most recent call last):
  File "C:\Users\User\OneDrive\Desktop\computer_science\work\GenericWeb\backend\venv\Lib\site-packages\django\core\handlers\exception.py", line 55, in inner
    response = get_response(request)
               ^^^^^^^^^^^^^^^^^^^^^
  File "C:\Users\User\OneDrive\Desktop\computer_science\work\GenericWeb\backend\venv\Lib\site-packages\django\core\handlers\base.py", line 197, in _get_response
    response = wrapped_callback(request, *callback_args, **callback_kwargs)
               ^^^^^^^^^^^^^^^^^^^^^^^^^^^^^^^^^^^^^^^^^^^^^^^^^^^^^^^^^^^^
  File "C:\Users\User\OneDrive\Desktop\computer_science\work\GenericWeb\backend\venv\Lib\site-packages\django\views\decorators\csrf.py", line 56, in wrapper_view
    return view_func(*args, **kwargs)
           ^^^^^^^^^^^^^^^^^^^^^^^^^^
  File "C:\Users\User\OneDrive\Desktop\computer_science\work\GenericWeb\backend\venv\Lib\site-packages\django\views\generic\base.py", line 104, in view
    return self.dispatch(request, *args, **kwargs)
           ^^^^^^^^^^^^^^^^^^^^^^^^^^^^^^^^^^^^^^^
  File "C:\Users\User\OneDrive\Desktop\computer_science\work\GenericWeb\backend\venv\Lib\site-packages\rest_framework\views.py", line 509, in dispatch
    response = self.handle_exception(exc)
               ^^^^^^^^^^^^^^^^^^^^^^^^^^
  File "C:\Users\User\OneDrive\Desktop\computer_science\work\GenericWeb\backend\venv\Lib\site-packages\rest_framework\views.py", line 469, in handle_exception
    self.raise_uncaught_exception(exc)
  File "C:\Users\User\OneDrive\Desktop\computer_science\work\GenericWeb\backend\venv\Lib\site-packages\rest_framework\views.py", line 480, in raise_uncaught_exception
    raise exc
  File "C:\Users\User\OneDrive\Desktop\computer_science\work\GenericWeb\backend\venv\Lib\site-packages\rest_framework\views.py", line 506, in dispatch
    response = handler(request, *args, **kwargs)
               ^^^^^^^^^^^^^^^^^^^^^^^^^^^^^^^^^
  File "C:\Users\User\OneDrive\Desktop\computer_science\work\GenericWeb\backend\generic3\authentication\views.py", line 61, in post
    clinic_id = get_clinic_id_for_user(user , site=site)
                ^^^^^^^^^^^^^^^^^^^^^^^^^^^^^^^^^^^^^^^^
  File "C:\Users\User\OneDrive\Desktop\computer_science\work\GenericWeb\backend\generic3\generic3\utils.py", line 54, in get_clinic_id_for_user
    doctor = Doctor.objects.get(user=user)
             ^^^^^^^^^^^^^^^^^^^^^^^^^^^^^
  File "C:\Users\User\OneDrive\Desktop\computer_science\work\GenericWeb\backend\venv\Lib\site-packages\django\db\models\manager.py", line 87, in manager_method
    return getattr(self.get_queryset(), name)(*args, **kwargs)
           ^^^^^^^^^^^^^^^^^^^^^^^^^^^^^^^^^^^^^^^^^^^^^^^^^^^
  File "C:\Users\User\OneDrive\Desktop\computer_science\work\GenericWeb\backend\venv\Lib\site-packages\django\db\models\query.py", line 637, in get
    raise self.model.DoesNotExist(
users.models.Doctor.DoesNotExist: Doctor matching query does not exist.
Bad Request: /api/v1/auth/sessions/
Unauthorized: /api/v1/auth/tokens/refresh/
Unauthorized: /api/v1/auth/tokens/refresh/
Internal Server Error: /api/v1/auth/2fa/
Internal Server Error: /api/v1/auth/2fa/
Unauthorized: /api/v1/auth/2fa/
Bad Request: /api/v1/auth/2fa/
Internal Server Error: /api/v1/auth/2fa/
Bad Request: /api/v1/auth/2fa/verify/
Bad Request: /api/v1/auth/2fa/verify/
Bad Request: /api/v1/auth/2fa/verify/
Bad Request: /api/v1/auth/2fa/verify/
Bad Request: /api/v1/auth/2fa/verify/
Bad Request: /api/v1/auth/2fa/verify/
Unauthorized: /api/v1/auth/password/
Unauthorized: /api/v1/auth/password/
Bad Request: /api/v1/auth/password/
Bad Request: /api/v1/auth/password/
Bad Request: /api/v1/auth/password/
Bad Request: /api/v1/auth/password/
Bad Request: /api/v1/auth/password/
Bad Request: /api/v1/auth/password/
Bad Request: /api/v1/auth/password/
Bad Request: /api/v1/auth/password/
Unauthorized: /api/v1/auth/users/1/qr-code/
Forbidden: /api/v1/auth/users/2/qr-code/
Not Found: /api/v1/auth/users/99999/qr-code/
Unauthorized: /api/v1/users/me/
Internal Server Error: /api/v1/auth/sessions/
Traceback (most recent call last):
  File "C:\Users\User\OneDrive\Desktop\computer_science\work\GenericWeb\backend\venv\Lib\site-packages\django\core\handlers\exception.py", line 55, in inner
    response = get_response(request)
               ^^^^^^^^^^^^^^^^^^^^^
  File "C:\Users\User\OneDrive\Desktop\computer_science\work\GenericWeb\backend\venv\Lib\site-packages\django\core\handlers\base.py", line 197, in _get_response
    response = wrapped_callback(request, *callback_args, **callback_kwargs)
               ^^^^^^^^^^^^^^^^^^^^^^^^^^^^^^^^^^^^^^^^^^^^^^^^^^^^^^^^^^^^
  File "C:\Users\User\OneDrive\Desktop\computer_science\work\GenericWeb\backend\venv\Lib\site-packages\django\views\decorators\csrf.py", line 56, in wrapper_view
    return view_func(*args, **kwargs)
           ^^^^^^^^^^^^^^^^^^^^^^^^^^
  File "C:\Users\User\OneDrive\Desktop\computer_science\work\GenericWeb\backend\venv\Lib\site-packages\django\views\generic\base.py", line 104, in view
    return self.dispatch(request, *args, **kwargs)
           ^^^^^^^^^^^^^^^^^^^^^^^^^^^^^^^^^^^^^^^
  File "C:\Users\User\OneDrive\Desktop\computer_science\work\GenericWeb\backend\venv\Lib\site-packages\rest_framework\views.py", line 509, in dispatch
    response = self.handle_exception(exc)
               ^^^^^^^^^^^^^^^^^^^^^^^^^^
  File "C:\Users\User\OneDrive\Desktop\computer_science\work\GenericWeb\backend\venv\Lib\site-packages\rest_framework\views.py", line 469, in handle_exception
    self.raise_uncaught_exception(exc)
  File "C:\Users\User\OneDrive\Desktop\computer_science\work\GenericWeb\backend\venv\Lib\site-packages\rest_framework\views.py", line 480, in raise_uncaught_exception
    raise exc
  File "C:\Users\User\OneDrive\Desktop\computer_science\work\GenericWeb\backend\venv\Lib\site-packages\rest_framework\views.py", line 506, in dispatch
    response = handler(request, *args, **kwargs)
               ^^^^^^^^^^^^^^^^^^^^^^^^^^^^^^^^^
  File "C:\Users\User\OneDrive\Desktop\computer_science\work\GenericWeb\backend\generic3\authentication\views.py", line 61, in post
    clinic_id = get_clinic_id_for_user(user , site=site)
                ^^^^^^^^^^^^^^^^^^^^^^^^^^^^^^^^^^^^^^^^
  File "C:\Users\User\OneDrive\Desktop\computer_science\work\GenericWeb\backend\generic3\generic3\utils.py", line 57, in get_clinic_id_for_user
    patient = Patient.objects.get(user=user)
              ^^^^^^^^^^^^^^^^^^^^^^^^^^^^^^
  File "C:\Users\User\OneDrive\Desktop\computer_science\work\GenericWeb\backend\venv\Lib\site-packages\django\db\models\manager.py", line 87, in manager_method
    return getattr(self.get_queryset(), name)(*args, **kwargs)
           ^^^^^^^^^^^^^^^^^^^^^^^^^^^^^^^^^^^^^^^^^^^^^^^^^^^
  File "C:\Users\User\OneDrive\Desktop\computer_science\work\GenericWeb\backend\venv\Lib\site-packages\django\db\models\query.py", line 637, in get
    raise self.model.DoesNotExist(
users.models.Patient.DoesNotExist: Patient matching query does not exist.
Forbidden: /api/v1/users/
Unauthorized: /api/v1/users/
Forbidden: /api/v1/users/
Internal Server Error: /api/v1/users/
Traceback (most recent call last):
  File "C:\Users\User\OneDrive\Desktop\computer_science\work\GenericWeb\backend\venv\Lib\site-packages\django\core\handlers\exception.py", line 55, in inner
    response = get_response(request)
               ^^^^^^^^^^^^^^^^^^^^^
  File "C:\Users\User\OneDrive\Desktop\computer_science\work\GenericWeb\backend\venv\Lib\site-packages\django\core\handlers\base.py", line 197, in _get_response
    response = wrapped_callback(request, *callback_args, **callback_kwargs)
               ^^^^^^^^^^^^^^^^^^^^^^^^^^^^^^^^^^^^^^^^^^^^^^^^^^^^^^^^^^^^
  File "C:\Users\User\OneDrive\Desktop\computer_science\work\GenericWeb\backend\venv\Lib\site-packages\django\views\decorators\csrf.py", line 56, in wrapper_view
    return view_func(*args, **kwargs)
           ^^^^^^^^^^^^^^^^^^^^^^^^^^
  File "C:\Users\User\OneDrive\Desktop\computer_science\work\GenericWeb\backend\venv\Lib\site-packages\django\views\generic\base.py", line 104, in view
    return self.dispatch(request, *args, **kwargs)
           ^^^^^^^^^^^^^^^^^^^^^^^^^^^^^^^^^^^^^^^
  File "C:\Users\User\OneDrive\Desktop\computer_science\work\GenericWeb\backend\venv\Lib\site-packages\rest_framework\views.py", line 511, in dispatch
    self.response = self.finalize_response(request, response, *args, **kwargs)
                    ^^^^^^^^^^^^^^^^^^^^^^^^^^^^^^^^^^^^^^^^^^^^^^^^^^^^^^^^^^
  File "C:\Users\User\OneDrive\Desktop\computer_science\work\GenericWeb\backend\venv\Lib\site-packages\rest_framework\views.py", line 423, in finalize_response
    assert isinstance(response, HttpResponseBase), (
           ^^^^^^^^^^^^^^^^^^^^^^^^^^^^^^^^^^^^^^
AssertionError: Expected a `Response`, `HttpResponse` or `HttpStreamingResponse` to be returned from the view, but received a `<class 'unittest.mock.MagicMock'>`
Internal Server Error: /api/v1/users/
Traceback (most recent call last):
  File "C:\Users\User\OneDrive\Desktop\computer_science\work\GenericWeb\backend\venv\Lib\site-packages\django\core\handlers\exception.py", line 55, in inner
    response = get_response(request)
               ^^^^^^^^^^^^^^^^^^^^^
  File "C:\Users\User\OneDrive\Desktop\computer_science\work\GenericWeb\backend\venv\Lib\site-packages\django\core\handlers\base.py", line 197, in _get_response
    response = wrapped_callback(request, *callback_args, **callback_kwargs)
               ^^^^^^^^^^^^^^^^^^^^^^^^^^^^^^^^^^^^^^^^^^^^^^^^^^^^^^^^^^^^
  File "C:\Users\User\OneDrive\Desktop\computer_science\work\GenericWeb\backend\venv\Lib\site-packages\django\views\decorators\csrf.py", line 56, in wrapper_view
    return view_func(*args, **kwargs)
           ^^^^^^^^^^^^^^^^^^^^^^^^^^
  File "C:\Users\User\OneDrive\Desktop\computer_science\work\GenericWeb\backend\venv\Lib\site-packages\django\views\generic\base.py", line 104, in view
    return self.dispatch(request, *args, **kwargs)
           ^^^^^^^^^^^^^^^^^^^^^^^^^^^^^^^^^^^^^^^
  File "C:\Users\User\OneDrive\Desktop\computer_science\work\GenericWeb\backend\venv\Lib\site-packages\rest_framework\views.py", line 511, in dispatch
    self.response = self.finalize_response(request, response, *args, **kwargs)
                    ^^^^^^^^^^^^^^^^^^^^^^^^^^^^^^^^^^^^^^^^^^^^^^^^^^^^^^^^^^
  File "C:\Users\User\OneDrive\Desktop\computer_science\work\GenericWeb\backend\venv\Lib\site-packages\rest_framework\views.py", line 423, in finalize_response
    assert isinstance(response, HttpResponseBase), (
           ^^^^^^^^^^^^^^^^^^^^^^^^^^^^^^^^^^^^^^
AssertionError: Expected a `Response`, `HttpResponse` or `HttpStreamingResponse` to be returned from the view, but received a `<class 'unittest.mock.MagicMock'>`
Bad Request: /api/v1/users/
Forbidden: /api/v1/users/
Internal Server Error: /api/v1/users/1/
Traceback (most recent call last):
  File "C:\Users\User\OneDrive\Desktop\computer_science\work\GenericWeb\backend\venv\Lib\site-packages\django\core\handlers\exception.py", line 55, in inner
    response = get_response(request)
               ^^^^^^^^^^^^^^^^^^^^^
  File "C:\Users\User\OneDrive\Desktop\computer_science\work\GenericWeb\backend\venv\Lib\site-packages\django\core\handlers\base.py", line 197, in _get_response
    response = wrapped_callback(request, *callback_args, **callback_kwargs)
               ^^^^^^^^^^^^^^^^^^^^^^^^^^^^^^^^^^^^^^^^^^^^^^^^^^^^^^^^^^^^
  File "C:\Users\User\OneDrive\Desktop\computer_science\work\GenericWeb\backend\venv\Lib\site-packages\django\views\decorators\csrf.py", line 56, in wrapper_view
    return view_func(*args, **kwargs)
           ^^^^^^^^^^^^^^^^^^^^^^^^^^
  File "C:\Users\User\OneDrive\Desktop\computer_science\work\GenericWeb\backend\venv\Lib\site-packages\django\views\generic\base.py", line 104, in view
    return self.dispatch(request, *args, **kwargs)
           ^^^^^^^^^^^^^^^^^^^^^^^^^^^^^^^^^^^^^^^
  File "C:\Users\User\OneDrive\Desktop\computer_science\work\GenericWeb\backend\venv\Lib\site-packages\rest_framework\views.py", line 509, in dispatch
    response = self.handle_exception(exc)
               ^^^^^^^^^^^^^^^^^^^^^^^^^^
  File "C:\Users\User\OneDrive\Desktop\computer_science\work\GenericWeb\backend\venv\Lib\site-packages\rest_framework\views.py", line 469, in handle_exception
    self.raise_uncaught_exception(exc)
  File "C:\Users\User\OneDrive\Desktop\computer_science\work\GenericWeb\backend\venv\Lib\site-packages\rest_framework\views.py", line 480, in raise_uncaught_exception
    raise exc
  File "C:\Users\User\OneDrive\Desktop\computer_science\work\GenericWeb\backend\venv\Lib\site-packages\rest_framework\views.py", line 506, in dispatch
    response = handler(request, *args, **kwargs)
               ^^^^^^^^^^^^^^^^^^^^^^^^^^^^^^^^^
  File "C:\Users\User\OneDrive\Desktop\computer_science\work\GenericWeb\backend\venv\Lib\site-packages\rest_framework\decorators.py", line 50, in handler
    return func(*args, **kwargs)
           ^^^^^^^^^^^^^^^^^^^^^
  File "C:\Users\User\OneDrive\Desktop\computer_science\work\GenericWeb\backend\generic3\users\views.py", line 188, in user_detail
    clinic_id = get_clinic_id_for_user(current_user , site=site)
                ^^^^^^^^^^^^^^^^^^^^^^^^^^^^^^^^^^^^^^^^^^^^^^^^
  File "C:\Users\User\OneDrive\Desktop\computer_science\work\GenericWeb\backend\generic3\generic3\utils.py", line 54, in get_clinic_id_for_user
    doctor = Doctor.objects.get(user=user)
             ^^^^^^^^^^^^^^^^^^^^^^^^^^^^^
  File "C:\Users\User\OneDrive\Desktop\computer_science\work\GenericWeb\backend\venv\Lib\site-packages\django\db\models\manager.py", line 87, in manager_method
    return getattr(self.get_queryset(), name)(*args, **kwargs)
           ^^^^^^^^^^^^^^^^^^^^^^^^^^^^^^^^^^^^^^^^^^^^^^^^^^^
  File "C:\Users\User\OneDrive\Desktop\computer_science\work\GenericWeb\backend\venv\Lib\site-packages\django\db\models\query.py", line 637, in get
    raise self.model.DoesNotExist(
users.models.Doctor.DoesNotExist: Doctor matching query does not exist.
Internal Server Error: /api/v1/users/me/
Traceback (most recent call last):
  File "C:\Users\User\OneDrive\Desktop\computer_science\work\GenericWeb\backend\venv\Lib\site-packages\django\core\handlers\exception.py", line 55, in inner
    response = get_response(request)
               ^^^^^^^^^^^^^^^^^^^^^
  File "C:\Users\User\OneDrive\Desktop\computer_science\work\GenericWeb\backend\venv\Lib\site-packages\django\core\handlers\base.py", line 197, in _get_response
    response = wrapped_callback(request, *callback_args, **callback_kwargs)
               ^^^^^^^^^^^^^^^^^^^^^^^^^^^^^^^^^^^^^^^^^^^^^^^^^^^^^^^^^^^^
  File "C:\Users\User\OneDrive\Desktop\computer_science\work\GenericWeb\backend\venv\Lib\site-packages\django\views\decorators\csrf.py", line 56, in wrapper_view
    return view_func(*args, **kwargs)
           ^^^^^^^^^^^^^^^^^^^^^^^^^^
  File "C:\Users\User\OneDrive\Desktop\computer_science\work\GenericWeb\backend\venv\Lib\site-packages\django\views\generic\base.py", line 104, in view
    return self.dispatch(request, *args, **kwargs)
           ^^^^^^^^^^^^^^^^^^^^^^^^^^^^^^^^^^^^^^^
  File "C:\Users\User\OneDrive\Desktop\computer_science\work\GenericWeb\backend\venv\Lib\site-packages\rest_framework\views.py", line 509, in dispatch
    response = self.handle_exception(exc)
               ^^^^^^^^^^^^^^^^^^^^^^^^^^
  File "C:\Users\User\OneDrive\Desktop\computer_science\work\GenericWeb\backend\venv\Lib\site-packages\rest_framework\views.py", line 469, in handle_exception
    self.raise_uncaught_exception(exc)
  File "C:\Users\User\OneDrive\Desktop\computer_science\work\GenericWeb\backend\venv\Lib\site-packages\rest_framework\views.py", line 480, in raise_uncaught_exception
    raise exc
  File "C:\Users\User\OneDrive\Desktop\computer_science\work\GenericWeb\backend\venv\Lib\site-packages\rest_framework\views.py", line 506, in dispatch
    response = handler(request, *args, **kwargs)
               ^^^^^^^^^^^^^^^^^^^^^^^^^^^^^^^^^
  File "C:\Users\User\OneDrive\Desktop\computer_science\work\GenericWeb\backend\venv\Lib\site-packages\rest_framework\decorators.py", line 50, in handler
    return func(*args, **kwargs)
           ^^^^^^^^^^^^^^^^^^^^^
  File "C:\Users\User\OneDrive\Desktop\computer_science\work\GenericWeb\backend\generic3\users\views.py", line 287, in current_user
    clinic_id = get_clinic_id_for_user(user, site=site)
                ^^^^^^^^^^^^^^^^^^^^^^^^^^^^^^^^^^^^^^^
  File "C:\Users\User\OneDrive\Desktop\computer_science\work\GenericWeb\backend\generic3\generic3\utils.py", line 54, in get_clinic_id_for_user
    doctor = Doctor.objects.get(user=user)
             ^^^^^^^^^^^^^^^^^^^^^^^^^^^^^
  File "C:\Users\User\OneDrive\Desktop\computer_science\work\GenericWeb\backend\venv\Lib\site-packages\django\db\models\manager.py", line 87, in manager_method
    return getattr(self.get_queryset(), name)(*args, **kwargs)
           ^^^^^^^^^^^^^^^^^^^^^^^^^^^^^^^^^^^^^^^^^^^^^^^^^^^
  File "C:\Users\User\OneDrive\Desktop\computer_science\work\GenericWeb\backend\venv\Lib\site-packages\django\db\models\query.py", line 637, in get
    raise self.model.DoesNotExist(
users.models.Doctor.DoesNotExist: Doctor matching query does not exist.
Internal Server Error: /api/v1/users/1/
Traceback (most recent call last):
  File "C:\Users\User\OneDrive\Desktop\computer_science\work\GenericWeb\backend\venv\Lib\site-packages\django\core\handlers\exception.py", line 55, in inner
    response = get_response(request)
               ^^^^^^^^^^^^^^^^^^^^^
  File "C:\Users\User\OneDrive\Desktop\computer_science\work\GenericWeb\backend\venv\Lib\site-packages\django\core\handlers\base.py", line 197, in _get_response
    response = wrapped_callback(request, *callback_args, **callback_kwargs)
               ^^^^^^^^^^^^^^^^^^^^^^^^^^^^^^^^^^^^^^^^^^^^^^^^^^^^^^^^^^^^
  File "C:\Users\User\OneDrive\Desktop\computer_science\work\GenericWeb\backend\venv\Lib\site-packages\django\views\decorators\csrf.py", line 56, in wrapper_view
    return view_func(*args, **kwargs)
           ^^^^^^^^^^^^^^^^^^^^^^^^^^
  File "C:\Users\User\OneDrive\Desktop\computer_science\work\GenericWeb\backend\venv\Lib\site-packages\django\views\generic\base.py", line 104, in view
    return self.dispatch(request, *args, **kwargs)
           ^^^^^^^^^^^^^^^^^^^^^^^^^^^^^^^^^^^^^^^
  File "C:\Users\User\OneDrive\Desktop\computer_science\work\GenericWeb\backend\venv\Lib\site-packages\rest_framework\views.py", line 509, in dispatch
    response = self.handle_exception(exc)
               ^^^^^^^^^^^^^^^^^^^^^^^^^^
  File "C:\Users\User\OneDrive\Desktop\computer_science\work\GenericWeb\backend\venv\Lib\site-packages\rest_framework\views.py", line 469, in handle_exception
    self.raise_uncaught_exception(exc)
  File "C:\Users\User\OneDrive\Desktop\computer_science\work\GenericWeb\backend\venv\Lib\site-packages\rest_framework\views.py", line 480, in raise_uncaught_exception
    raise exc
  File "C:\Users\User\OneDrive\Desktop\computer_science\work\GenericWeb\backend\venv\Lib\site-packages\rest_framework\views.py", line 506, in dispatch
    response = handler(request, *args, **kwargs)
               ^^^^^^^^^^^^^^^^^^^^^^^^^^^^^^^^^
  File "C:\Users\User\OneDrive\Desktop\computer_science\work\GenericWeb\backend\venv\Lib\site-packages\rest_framework\decorators.py", line 50, in handler
    return func(*args, **kwargs)
           ^^^^^^^^^^^^^^^^^^^^^
  File "C:\Users\User\OneDrive\Desktop\computer_science\work\GenericWeb\backend\generic3\users\views.py", line 188, in user_detail
    clinic_id = get_clinic_id_for_user(current_user , site=site)
                ^^^^^^^^^^^^^^^^^^^^^^^^^^^^^^^^^^^^^^^^^^^^^^^^
  File "C:\Users\User\OneDrive\Desktop\computer_science\work\GenericWeb\backend\generic3\generic3\utils.py", line 54, in get_clinic_id_for_user
    doctor = Doctor.objects.get(user=user)
             ^^^^^^^^^^^^^^^^^^^^^^^^^^^^^
  File "C:\Users\User\OneDrive\Desktop\computer_science\work\GenericWeb\backend\venv\Lib\site-packages\django\db\models\manager.py", line 87, in manager_method
    return getattr(self.get_queryset(), name)(*args, **kwargs)
           ^^^^^^^^^^^^^^^^^^^^^^^^^^^^^^^^^^^^^^^^^^^^^^^^^^^
  File "C:\Users\User\OneDrive\Desktop\computer_science\work\GenericWeb\backend\venv\Lib\site-packages\django\db\models\query.py", line 637, in get
    raise self.model.DoesNotExist(
users.models.Doctor.DoesNotExist: Doctor matching query does not exist.
Internal Server Error: /api/v1/users/1/
Traceback (most recent call last):
  File "C:\Users\User\OneDrive\Desktop\computer_science\work\GenericWeb\backend\venv\Lib\site-packages\django\core\handlers\exception.py", line 55, in inner
    response = get_response(request)
               ^^^^^^^^^^^^^^^^^^^^^
  File "C:\Users\User\OneDrive\Desktop\computer_science\work\GenericWeb\backend\venv\Lib\site-packages\django\core\handlers\base.py", line 197, in _get_response
    response = wrapped_callback(request, *callback_args, **callback_kwargs)
               ^^^^^^^^^^^^^^^^^^^^^^^^^^^^^^^^^^^^^^^^^^^^^^^^^^^^^^^^^^^^
  File "C:\Users\User\OneDrive\Desktop\computer_science\work\GenericWeb\backend\venv\Lib\site-packages\django\views\decorators\csrf.py", line 56, in wrapper_view
    return view_func(*args, **kwargs)
           ^^^^^^^^^^^^^^^^^^^^^^^^^^
  File "C:\Users\User\OneDrive\Desktop\computer_science\work\GenericWeb\backend\venv\Lib\site-packages\django\views\generic\base.py", line 104, in view
    return self.dispatch(request, *args, **kwargs)
           ^^^^^^^^^^^^^^^^^^^^^^^^^^^^^^^^^^^^^^^
  File "C:\Users\User\OneDrive\Desktop\computer_science\work\GenericWeb\backend\venv\Lib\site-packages\rest_framework\views.py", line 509, in dispatch
    response = self.handle_exception(exc)
               ^^^^^^^^^^^^^^^^^^^^^^^^^^
  File "C:\Users\User\OneDrive\Desktop\computer_science\work\GenericWeb\backend\venv\Lib\site-packages\rest_framework\views.py", line 469, in handle_exception
    self.raise_uncaught_exception(exc)
  File "C:\Users\User\OneDrive\Desktop\computer_science\work\GenericWeb\backend\venv\Lib\site-packages\rest_framework\views.py", line 480, in raise_uncaught_exception
    raise exc
  File "C:\Users\User\OneDrive\Desktop\computer_science\work\GenericWeb\backend\venv\Lib\site-packages\rest_framework\views.py", line 506, in dispatch
    response = handler(request, *args, **kwargs)
               ^^^^^^^^^^^^^^^^^^^^^^^^^^^^^^^^^
  File "C:\Users\User\OneDrive\Desktop\computer_science\work\GenericWeb\backend\venv\Lib\site-packages\rest_framework\decorators.py", line 50, in handler
    return func(*args, **kwargs)
           ^^^^^^^^^^^^^^^^^^^^^
  File "C:\Users\User\OneDrive\Desktop\computer_science\work\GenericWeb\backend\generic3\users\views.py", line 188, in user_detail
    clinic_id = get_clinic_id_for_user(current_user , site=site)
                ^^^^^^^^^^^^^^^^^^^^^^^^^^^^^^^^^^^^^^^^^^^^^^^^
  File "C:\Users\User\OneDrive\Desktop\computer_science\work\GenericWeb\backend\generic3\generic3\utils.py", line 54, in get_clinic_id_for_user
    doctor = Doctor.objects.get(user=user)
             ^^^^^^^^^^^^^^^^^^^^^^^^^^^^^
  File "C:\Users\User\OneDrive\Desktop\computer_science\work\GenericWeb\backend\venv\Lib\site-packages\django\db\models\manager.py", line 87, in manager_method
    return getattr(self.get_queryset(), name)(*args, **kwargs)
           ^^^^^^^^^^^^^^^^^^^^^^^^^^^^^^^^^^^^^^^^^^^^^^^^^^^
  File "C:\Users\User\OneDrive\Desktop\computer_science\work\GenericWeb\backend\venv\Lib\site-packages\django\db\models\query.py", line 637, in get
    raise self.model.DoesNotExist(
users.models.Doctor.DoesNotExist: Doctor matching query does not exist.
Internal Server Error: /api/v1/users/1/
Traceback (most recent call last):
  File "C:\Users\User\OneDrive\Desktop\computer_science\work\GenericWeb\backend\venv\Lib\site-packages\django\core\handlers\exception.py", line 55, in inner
    response = get_response(request)
               ^^^^^^^^^^^^^^^^^^^^^
  File "C:\Users\User\OneDrive\Desktop\computer_science\work\GenericWeb\backend\venv\Lib\site-packages\django\core\handlers\base.py", line 197, in _get_response
    response = wrapped_callback(request, *callback_args, **callback_kwargs)
               ^^^^^^^^^^^^^^^^^^^^^^^^^^^^^^^^^^^^^^^^^^^^^^^^^^^^^^^^^^^^
  File "C:\Users\User\OneDrive\Desktop\computer_science\work\GenericWeb\backend\venv\Lib\site-packages\django\views\decorators\csrf.py", line 56, in wrapper_view
    return view_func(*args, **kwargs)
           ^^^^^^^^^^^^^^^^^^^^^^^^^^
  File "C:\Users\User\OneDrive\Desktop\computer_science\work\GenericWeb\backend\venv\Lib\site-packages\django\views\generic\base.py", line 104, in view
    return self.dispatch(request, *args, **kwargs)
           ^^^^^^^^^^^^^^^^^^^^^^^^^^^^^^^^^^^^^^^
  File "C:\Users\User\OneDrive\Desktop\computer_science\work\GenericWeb\backend\venv\Lib\site-packages\rest_framework\views.py", line 509, in dispatch
    response = self.handle_exception(exc)
               ^^^^^^^^^^^^^^^^^^^^^^^^^^
  File "C:\Users\User\OneDrive\Desktop\computer_science\work\GenericWeb\backend\venv\Lib\site-packages\rest_framework\views.py", line 469, in handle_exception
    self.raise_uncaught_exception(exc)
  File "C:\Users\User\OneDrive\Desktop\computer_science\work\GenericWeb\backend\venv\Lib\site-packages\rest_framework\views.py", line 480, in raise_uncaught_exception
    raise exc
  File "C:\Users\User\OneDrive\Desktop\computer_science\work\GenericWeb\backend\venv\Lib\site-packages\rest_framework\views.py", line 506, in dispatch
    response = handler(request, *args, **kwargs)
               ^^^^^^^^^^^^^^^^^^^^^^^^^^^^^^^^^
  File "C:\Users\User\OneDrive\Desktop\computer_science\work\GenericWeb\backend\venv\Lib\site-packages\rest_framework\decorators.py", line 50, in handler
    return func(*args, **kwargs)
           ^^^^^^^^^^^^^^^^^^^^^
  File "C:\Users\User\OneDrive\Desktop\computer_science\work\GenericWeb\backend\generic3\users\views.py", line 188, in user_detail
    clinic_id = get_clinic_id_for_user(current_user , site=site)
                ^^^^^^^^^^^^^^^^^^^^^^^^^^^^^^^^^^^^^^^^^^^^^^^^
  File "C:\Users\User\OneDrive\Desktop\computer_science\work\GenericWeb\backend\generic3\generic3\utils.py", line 54, in get_clinic_id_for_user
    doctor = Doctor.objects.get(user=user)
             ^^^^^^^^^^^^^^^^^^^^^^^^^^^^^
  File "C:\Users\User\OneDrive\Desktop\computer_science\work\GenericWeb\backend\venv\Lib\site-packages\django\db\models\manager.py", line 87, in manager_method
    return getattr(self.get_queryset(), name)(*args, **kwargs)
           ^^^^^^^^^^^^^^^^^^^^^^^^^^^^^^^^^^^^^^^^^^^^^^^^^^^
  File "C:\Users\User\OneDrive\Desktop\computer_science\work\GenericWeb\backend\venv\Lib\site-packages\django\db\models\query.py", line 637, in get
    raise self.model.DoesNotExist(
users.models.Doctor.DoesNotExist: Doctor matching query does not exist.
Internal Server Error: /api/v1/users/1/
Traceback (most recent call last):
  File "C:\Users\User\OneDrive\Desktop\computer_science\work\GenericWeb\backend\venv\Lib\site-packages\django\core\handlers\exception.py", line 55, in inner
    response = get_response(request)
               ^^^^^^^^^^^^^^^^^^^^^
  File "C:\Users\User\OneDrive\Desktop\computer_science\work\GenericWeb\backend\venv\Lib\site-packages\django\core\handlers\base.py", line 197, in _get_response
    response = wrapped_callback(request, *callback_args, **callback_kwargs)
               ^^^^^^^^^^^^^^^^^^^^^^^^^^^^^^^^^^^^^^^^^^^^^^^^^^^^^^^^^^^^
  File "C:\Users\User\OneDrive\Desktop\computer_science\work\GenericWeb\backend\venv\Lib\site-packages\django\views\decorators\csrf.py", line 56, in wrapper_view
    return view_func(*args, **kwargs)
           ^^^^^^^^^^^^^^^^^^^^^^^^^^
  File "C:\Users\User\OneDrive\Desktop\computer_science\work\GenericWeb\backend\venv\Lib\site-packages\django\views\generic\base.py", line 104, in view
    return self.dispatch(request, *args, **kwargs)
           ^^^^^^^^^^^^^^^^^^^^^^^^^^^^^^^^^^^^^^^
  File "C:\Users\User\OneDrive\Desktop\computer_science\work\GenericWeb\backend\venv\Lib\site-packages\rest_framework\views.py", line 509, in dispatch
    response = self.handle_exception(exc)
               ^^^^^^^^^^^^^^^^^^^^^^^^^^
  File "C:\Users\User\OneDrive\Desktop\computer_science\work\GenericWeb\backend\venv\Lib\site-packages\rest_framework\views.py", line 469, in handle_exception
    self.raise_uncaught_exception(exc)
  File "C:\Users\User\OneDrive\Desktop\computer_science\work\GenericWeb\backend\venv\Lib\site-packages\rest_framework\views.py", line 480, in raise_uncaught_exception
    raise exc
  File "C:\Users\User\OneDrive\Desktop\computer_science\work\GenericWeb\backend\venv\Lib\site-packages\rest_framework\views.py", line 506, in dispatch
    response = handler(request, *args, **kwargs)
               ^^^^^^^^^^^^^^^^^^^^^^^^^^^^^^^^^
  File "C:\Users\User\OneDrive\Desktop\computer_science\work\GenericWeb\backend\venv\Lib\site-packages\rest_framework\decorators.py", line 50, in handler
    return func(*args, **kwargs)
           ^^^^^^^^^^^^^^^^^^^^^
  File "C:\Users\User\OneDrive\Desktop\computer_science\work\GenericWeb\backend\generic3\users\views.py", line 188, in user_detail
    clinic_id = get_clinic_id_for_user(current_user , site=site)
                ^^^^^^^^^^^^^^^^^^^^^^^^^^^^^^^^^^^^^^^^^^^^^^^^
  File "C:\Users\User\OneDrive\Desktop\computer_science\work\GenericWeb\backend\generic3\generic3\utils.py", line 54, in get_clinic_id_for_user
    doctor = Doctor.objects.get(user=user)
             ^^^^^^^^^^^^^^^^^^^^^^^^^^^^^
  File "C:\Users\User\OneDrive\Desktop\computer_science\work\GenericWeb\backend\venv\Lib\site-packages\django\db\models\manager.py", line 87, in manager_method
    return getattr(self.get_queryset(), name)(*args, **kwargs)
           ^^^^^^^^^^^^^^^^^^^^^^^^^^^^^^^^^^^^^^^^^^^^^^^^^^^
  File "C:\Users\User\OneDrive\Desktop\computer_science\work\GenericWeb\backend\venv\Lib\site-packages\django\db\models\query.py", line 637, in get
    raise self.model.DoesNotExist(
users.models.Doctor.DoesNotExist: Doctor matching query does not exist.
Bad Request: /api/v1/users/2/
Bad Request: /api/v1/users/2/
Internal Server Error: /api/v1/users/2/
Traceback (most recent call last):
  File "C:\Users\User\OneDrive\Desktop\computer_science\work\GenericWeb\backend\venv\Lib\site-packages\django\core\handlers\exception.py", line 55, in inner
    response = get_response(request)
               ^^^^^^^^^^^^^^^^^^^^^
  File "C:\Users\User\OneDrive\Desktop\computer_science\work\GenericWeb\backend\venv\Lib\site-packages\django\core\handlers\base.py", line 197, in _get_response
    response = wrapped_callback(request, *callback_args, **callback_kwargs)
               ^^^^^^^^^^^^^^^^^^^^^^^^^^^^^^^^^^^^^^^^^^^^^^^^^^^^^^^^^^^^
  File "C:\Users\User\OneDrive\Desktop\computer_science\work\GenericWeb\backend\venv\Lib\site-packages\django\views\decorators\csrf.py", line 56, in wrapper_view
    return view_func(*args, **kwargs)
           ^^^^^^^^^^^^^^^^^^^^^^^^^^
  File "C:\Users\User\OneDrive\Desktop\computer_science\work\GenericWeb\backend\venv\Lib\site-packages\django\views\generic\base.py", line 104, in view
    return self.dispatch(request, *args, **kwargs)
           ^^^^^^^^^^^^^^^^^^^^^^^^^^^^^^^^^^^^^^^
  File "C:\Users\User\OneDrive\Desktop\computer_science\work\GenericWeb\backend\venv\Lib\site-packages\rest_framework\views.py", line 509, in dispatch
    response = self.handle_exception(exc)
               ^^^^^^^^^^^^^^^^^^^^^^^^^^
  File "C:\Users\User\OneDrive\Desktop\computer_science\work\GenericWeb\backend\venv\Lib\site-packages\rest_framework\views.py", line 469, in handle_exception
    self.raise_uncaught_exception(exc)
  File "C:\Users\User\OneDrive\Desktop\computer_science\work\GenericWeb\backend\venv\Lib\site-packages\rest_framework\views.py", line 480, in raise_uncaught_exception
    raise exc
  File "C:\Users\User\OneDrive\Desktop\computer_science\work\GenericWeb\backend\venv\Lib\site-packages\rest_framework\views.py", line 506, in dispatch
    response = handler(request, *args, **kwargs)
               ^^^^^^^^^^^^^^^^^^^^^^^^^^^^^^^^^
  File "C:\Users\User\OneDrive\Desktop\computer_science\work\GenericWeb\backend\venv\Lib\site-packages\rest_framework\decorators.py", line 50, in handler
    return func(*args, **kwargs)
           ^^^^^^^^^^^^^^^^^^^^^
  File "C:\Users\User\OneDrive\Desktop\computer_science\work\GenericWeb\backend\generic3\users\views.py", line 188, in user_detail
    clinic_id = get_clinic_id_for_user(current_user , site=site)
                ^^^^^^^^^^^^^^^^^^^^^^^^^^^^^^^^^^^^^^^^^^^^^^^^
  File "C:\Users\User\OneDrive\Desktop\computer_science\work\GenericWeb\backend\generic3\generic3\utils.py", line 57, in get_clinic_id_for_user
    patient = Patient.objects.get(user=user)
              ^^^^^^^^^^^^^^^^^^^^^^^^^^^^^^
  File "C:\Users\User\OneDrive\Desktop\computer_science\work\GenericWeb\backend\venv\Lib\site-packages\django\db\models\manager.py", line 87, in manager_method
    return getattr(self.get_queryset(), name)(*args, **kwargs)
           ^^^^^^^^^^^^^^^^^^^^^^^^^^^^^^^^^^^^^^^^^^^^^^^^^^^
  File "C:\Users\User\OneDrive\Desktop\computer_science\work\GenericWeb\backend\venv\Lib\site-packages\django\db\models\query.py", line 637, in get
    raise self.model.DoesNotExist(
users.models.Patient.DoesNotExist: Patient matching query does not exist.
Internal Server Error: /api/v1/users/
Traceback (most recent call last):
  File "C:\Users\User\OneDrive\Desktop\computer_science\work\GenericWeb\backend\venv\Lib\site-packages\django\core\handlers\exception.py", line 55, in inner
    response = get_response(request)
               ^^^^^^^^^^^^^^^^^^^^^
  File "C:\Users\User\OneDrive\Desktop\computer_science\work\GenericWeb\backend\venv\Lib\site-packages\django\core\handlers\base.py", line 197, in _get_response
    response = wrapped_callback(request, *callback_args, **callback_kwargs)
               ^^^^^^^^^^^^^^^^^^^^^^^^^^^^^^^^^^^^^^^^^^^^^^^^^^^^^^^^^^^^
  File "C:\Users\User\OneDrive\Desktop\computer_science\work\GenericWeb\backend\venv\Lib\site-packages\django\views\decorators\csrf.py", line 56, in wrapper_view
    return view_func(*args, **kwargs)
           ^^^^^^^^^^^^^^^^^^^^^^^^^^
  File "C:\Users\User\OneDrive\Desktop\computer_science\work\GenericWeb\backend\venv\Lib\site-packages\django\views\generic\base.py", line 104, in view
    return self.dispatch(request, *args, **kwargs)
           ^^^^^^^^^^^^^^^^^^^^^^^^^^^^^^^^^^^^^^^
  File "C:\Users\User\OneDrive\Desktop\computer_science\work\GenericWeb\backend\venv\Lib\site-packages\rest_framework\views.py", line 511, in dispatch
    self.response = self.finalize_response(request, response, *args, **kwargs)
                    ^^^^^^^^^^^^^^^^^^^^^^^^^^^^^^^^^^^^^^^^^^^^^^^^^^^^^^^^^^
  File "C:\Users\User\OneDrive\Desktop\computer_science\work\GenericWeb\backend\venv\Lib\site-packages\rest_framework\views.py", line 423, in finalize_response
    assert isinstance(response, HttpResponseBase), (
           ^^^^^^^^^^^^^^^^^^^^^^^^^^^^^^^^^^^^^^
AssertionError: Expected a `Response`, `HttpResponse` or `HttpStreamingResponse` to be returned from the view, but received a `<class 'unittest.mock.MagicMock'>`
Forbidden: /api/v1/clinics/
Unauthorized: /api/v1/clinics/
Internal Server Error: /api/v1/clinics/
Internal Server Error: /api/v1/clinics/
Internal Server Error: /api/v1/clinics/
Bad Request: /api/v1/clinics/
Bad Request: /api/v1/clinics/
Bad Request: /api/v1/clinics/
Internal Server Error: /api/v1/clinics/
Forbidden: /api/v1/clinics/
Internal Server Error: /api/v1/clinics/1/
Not Found: /api/v1/clinics/99999/
Forbidden: /api/v1/clinics/1/
Unauthorized: /api/v1/auth/sessions/
Bad Request: /api/v1/auth/sessions/
Bad Request: /api/v1/auth/sessions/
Internal Server Error: /api/v1/auth/sessions/
Traceback (most recent call last):
  File "C:\Users\User\OneDrive\Desktop\computer_science\work\GenericWeb\backend\venv\Lib\site-packages\django\core\handlers\exception.py", line 55, in inner
    response = get_response(request)
               ^^^^^^^^^^^^^^^^^^^^^
  File "C:\Users\User\OneDrive\Desktop\computer_science\work\GenericWeb\backend\venv\Lib\site-packages\django\core\handlers\base.py", line 197, in _get_response
    response = wrapped_callback(request, *callback_args, **callback_kwargs)
               ^^^^^^^^^^^^^^^^^^^^^^^^^^^^^^^^^^^^^^^^^^^^^^^^^^^^^^^^^^^^
  File "C:\Users\User\OneDrive\Desktop\computer_science\work\GenericWeb\backend\venv\Lib\site-packages\django\views\decorators\csrf.py", line 56, in wrapper_view
    return view_func(*args, **kwargs)
           ^^^^^^^^^^^^^^^^^^^^^^^^^^
  File "C:\Users\User\OneDrive\Desktop\computer_science\work\GenericWeb\backend\venv\Lib\site-packages\django\views\generic\base.py", line 104, in view
    return self.dispatch(request, *args, **kwargs)
           ^^^^^^^^^^^^^^^^^^^^^^^^^^^^^^^^^^^^^^^
  File "C:\Users\User\OneDrive\Desktop\computer_science\work\GenericWeb\backend\venv\Lib\site-packages\rest_framework\views.py", line 509, in dispatch
    response = self.handle_exception(exc)
               ^^^^^^^^^^^^^^^^^^^^^^^^^^
  File "C:\Users\User\OneDrive\Desktop\computer_science\work\GenericWeb\backend\venv\Lib\site-packages\rest_framework\views.py", line 469, in handle_exception
    self.raise_uncaught_exception(exc)
  File "C:\Users\User\OneDrive\Desktop\computer_science\work\GenericWeb\backend\venv\Lib\site-packages\rest_framework\views.py", line 480, in raise_uncaught_exception
    raise exc
  File "C:\Users\User\OneDrive\Desktop\computer_science\work\GenericWeb\backend\venv\Lib\site-packages\rest_framework\views.py", line 506, in dispatch
    response = handler(request, *args, **kwargs)
               ^^^^^^^^^^^^^^^^^^^^^^^^^^^^^^^^^
  File "C:\Users\User\OneDrive\Desktop\computer_science\work\GenericWeb\backend\generic3\authentication\views.py", line 61, in post
    clinic_id = get_clinic_id_for_user(user , site=site)
                ^^^^^^^^^^^^^^^^^^^^^^^^^^^^^^^^^^^^^^^^
  File "C:\Users\User\OneDrive\Desktop\computer_science\work\GenericWeb\backend\generic3\generic3\utils.py", line 54, in get_clinic_id_for_user
    doctor = Doctor.objects.get(user=user)
             ^^^^^^^^^^^^^^^^^^^^^^^^^^^^^
  File "C:\Users\User\OneDrive\Desktop\computer_science\work\GenericWeb\backend\venv\Lib\site-packages\django\db\models\manager.py", line 87, in manager_method
    return getattr(self.get_queryset(), name)(*args, **kwargs)
           ^^^^^^^^^^^^^^^^^^^^^^^^^^^^^^^^^^^^^^^^^^^^^^^^^^^
  File "C:\Users\User\OneDrive\Desktop\computer_science\work\GenericWeb\backend\venv\Lib\site-packages\django\db\models\query.py", line 637, in get
    raise self.model.DoesNotExist(
users.models.Doctor.DoesNotExist: Doctor matching query does not exist.
Bad Request: /api/v1/auth/sessions/
Unauthorized: /api/v1/auth/tokens/refresh/
Unauthorized: /api/v1/auth/tokens/refresh/
Internal Server Error: /api/v1/auth/2fa/
Internal Server Error: /api/v1/auth/2fa/
Unauthorized: /api/v1/auth/2fa/
Bad Request: /api/v1/auth/2fa/
Internal Server Error: /api/v1/auth/2fa/
Bad Request: /api/v1/auth/2fa/verify/
Bad Request: /api/v1/auth/2fa/verify/
Bad Request: /api/v1/auth/2fa/verify/
Bad Request: /api/v1/auth/2fa/verify/
Bad Request: /api/v1/auth/2fa/verify/
Bad Request: /api/v1/auth/2fa/verify/
Unauthorized: /api/v1/auth/password/
Unauthorized: /api/v1/auth/password/
Bad Request: /api/v1/auth/password/
Bad Request: /api/v1/auth/password/
Bad Request: /api/v1/auth/password/
Bad Request: /api/v1/auth/password/
Bad Request: /api/v1/auth/password/
Bad Request: /api/v1/auth/password/
Bad Request: /api/v1/auth/password/
Bad Request: /api/v1/auth/password/
Unauthorized: /api/v1/auth/users/1/qr-code/
Forbidden: /api/v1/auth/users/2/qr-code/
Not Found: /api/v1/auth/users/99999/qr-code/
Unauthorized: /api/v1/users/me/
Internal Server Error: /api/v1/auth/sessions/
Traceback (most recent call last):
  File "C:\Users\User\OneDrive\Desktop\computer_science\work\GenericWeb\backend\venv\Lib\site-packages\django\core\handlers\exception.py", line 55, in inner
    response = get_response(request)
               ^^^^^^^^^^^^^^^^^^^^^
  File "C:\Users\User\OneDrive\Desktop\computer_science\work\GenericWeb\backend\venv\Lib\site-packages\django\core\handlers\base.py", line 197, in _get_response
    response = wrapped_callback(request, *callback_args, **callback_kwargs)
               ^^^^^^^^^^^^^^^^^^^^^^^^^^^^^^^^^^^^^^^^^^^^^^^^^^^^^^^^^^^^
  File "C:\Users\User\OneDrive\Desktop\computer_science\work\GenericWeb\backend\venv\Lib\site-packages\django\views\decorators\csrf.py", line 56, in wrapper_view
    return view_func(*args, **kwargs)
           ^^^^^^^^^^^^^^^^^^^^^^^^^^
  File "C:\Users\User\OneDrive\Desktop\computer_science\work\GenericWeb\backend\venv\Lib\site-packages\django\views\generic\base.py", line 104, in view
    return self.dispatch(request, *args, **kwargs)
           ^^^^^^^^^^^^^^^^^^^^^^^^^^^^^^^^^^^^^^^
  File "C:\Users\User\OneDrive\Desktop\computer_science\work\GenericWeb\backend\venv\Lib\site-packages\rest_framework\views.py", line 509, in dispatch
    response = self.handle_exception(exc)
               ^^^^^^^^^^^^^^^^^^^^^^^^^^
  File "C:\Users\User\OneDrive\Desktop\computer_science\work\GenericWeb\backend\venv\Lib\site-packages\rest_framework\views.py", line 469, in handle_exception
    self.raise_uncaught_exception(exc)
  File "C:\Users\User\OneDrive\Desktop\computer_science\work\GenericWeb\backend\venv\Lib\site-packages\rest_framework\views.py", line 480, in raise_uncaught_exception
    raise exc
  File "C:\Users\User\OneDrive\Desktop\computer_science\work\GenericWeb\backend\venv\Lib\site-packages\rest_framework\views.py", line 506, in dispatch
    response = handler(request, *args, **kwargs)
               ^^^^^^^^^^^^^^^^^^^^^^^^^^^^^^^^^
  File "C:\Users\User\OneDrive\Desktop\computer_science\work\GenericWeb\backend\generic3\authentication\views.py", line 61, in post
    clinic_id = get_clinic_id_for_user(user , site=site)
                ^^^^^^^^^^^^^^^^^^^^^^^^^^^^^^^^^^^^^^^^
  File "C:\Users\User\OneDrive\Desktop\computer_science\work\GenericWeb\backend\generic3\generic3\utils.py", line 57, in get_clinic_id_for_user
    patient = Patient.objects.get(user=user)
              ^^^^^^^^^^^^^^^^^^^^^^^^^^^^^^
  File "C:\Users\User\OneDrive\Desktop\computer_science\work\GenericWeb\backend\venv\Lib\site-packages\django\db\models\manager.py", line 87, in manager_method
    return getattr(self.get_queryset(), name)(*args, **kwargs)
           ^^^^^^^^^^^^^^^^^^^^^^^^^^^^^^^^^^^^^^^^^^^^^^^^^^^
  File "C:\Users\User\OneDrive\Desktop\computer_science\work\GenericWeb\backend\venv\Lib\site-packages\django\db\models\query.py", line 637, in get
    raise self.model.DoesNotExist(
users.models.Patient.DoesNotExist: Patient matching query does not exist.
Forbidden: /api/v1/users/
Unauthorized: /api/v1/users/
Forbidden: /api/v1/users/
Internal Server Error: /api/v1/users/
Traceback (most recent call last):
  File "C:\Users\User\OneDrive\Desktop\computer_science\work\GenericWeb\backend\venv\Lib\site-packages\django\core\handlers\exception.py", line 55, in inner
    response = get_response(request)
               ^^^^^^^^^^^^^^^^^^^^^
  File "C:\Users\User\OneDrive\Desktop\computer_science\work\GenericWeb\backend\venv\Lib\site-packages\django\core\handlers\base.py", line 197, in _get_response
    response = wrapped_callback(request, *callback_args, **callback_kwargs)
               ^^^^^^^^^^^^^^^^^^^^^^^^^^^^^^^^^^^^^^^^^^^^^^^^^^^^^^^^^^^^
  File "C:\Users\User\OneDrive\Desktop\computer_science\work\GenericWeb\backend\venv\Lib\site-packages\django\views\decorators\csrf.py", line 56, in wrapper_view
    return view_func(*args, **kwargs)
           ^^^^^^^^^^^^^^^^^^^^^^^^^^
  File "C:\Users\User\OneDrive\Desktop\computer_science\work\GenericWeb\backend\venv\Lib\site-packages\django\views\generic\base.py", line 104, in view
    return self.dispatch(request, *args, **kwargs)
           ^^^^^^^^^^^^^^^^^^^^^^^^^^^^^^^^^^^^^^^
  File "C:\Users\User\OneDrive\Desktop\computer_science\work\GenericWeb\backend\venv\Lib\site-packages\rest_framework\views.py", line 511, in dispatch
    self.response = self.finalize_response(request, response, *args, **kwargs)
                    ^^^^^^^^^^^^^^^^^^^^^^^^^^^^^^^^^^^^^^^^^^^^^^^^^^^^^^^^^^
  File "C:\Users\User\OneDrive\Desktop\computer_science\work\GenericWeb\backend\venv\Lib\site-packages\rest_framework\views.py", line 423, in finalize_response
    assert isinstance(response, HttpResponseBase), (
           ^^^^^^^^^^^^^^^^^^^^^^^^^^^^^^^^^^^^^^
AssertionError: Expected a `Response`, `HttpResponse` or `HttpStreamingResponse` to be returned from the view, but received a `<class 'unittest.mock.MagicMock'>`
Internal Server Error: /api/v1/users/
Traceback (most recent call last):
  File "C:\Users\User\OneDrive\Desktop\computer_science\work\GenericWeb\backend\venv\Lib\site-packages\django\core\handlers\exception.py", line 55, in inner
    response = get_response(request)
               ^^^^^^^^^^^^^^^^^^^^^
  File "C:\Users\User\OneDrive\Desktop\computer_science\work\GenericWeb\backend\venv\Lib\site-packages\django\core\handlers\base.py", line 197, in _get_response
    response = wrapped_callback(request, *callback_args, **callback_kwargs)
               ^^^^^^^^^^^^^^^^^^^^^^^^^^^^^^^^^^^^^^^^^^^^^^^^^^^^^^^^^^^^
  File "C:\Users\User\OneDrive\Desktop\computer_science\work\GenericWeb\backend\venv\Lib\site-packages\django\views\decorators\csrf.py", line 56, in wrapper_view
    return view_func(*args, **kwargs)
           ^^^^^^^^^^^^^^^^^^^^^^^^^^
  File "C:\Users\User\OneDrive\Desktop\computer_science\work\GenericWeb\backend\venv\Lib\site-packages\django\views\generic\base.py", line 104, in view
    return self.dispatch(request, *args, **kwargs)
           ^^^^^^^^^^^^^^^^^^^^^^^^^^^^^^^^^^^^^^^
  File "C:\Users\User\OneDrive\Desktop\computer_science\work\GenericWeb\backend\venv\Lib\site-packages\rest_framework\views.py", line 511, in dispatch
    self.response = self.finalize_response(request, response, *args, **kwargs)
                    ^^^^^^^^^^^^^^^^^^^^^^^^^^^^^^^^^^^^^^^^^^^^^^^^^^^^^^^^^^
  File "C:\Users\User\OneDrive\Desktop\computer_science\work\GenericWeb\backend\venv\Lib\site-packages\rest_framework\views.py", line 423, in finalize_response
    assert isinstance(response, HttpResponseBase), (
           ^^^^^^^^^^^^^^^^^^^^^^^^^^^^^^^^^^^^^^
AssertionError: Expected a `Response`, `HttpResponse` or `HttpStreamingResponse` to be returned from the view, but received a `<class 'unittest.mock.MagicMock'>`
Bad Request: /api/v1/users/
Forbidden: /api/v1/users/
Internal Server Error: /api/v1/users/1/
Traceback (most recent call last):
  File "C:\Users\User\OneDrive\Desktop\computer_science\work\GenericWeb\backend\venv\Lib\site-packages\django\core\handlers\exception.py", line 55, in inner
    response = get_response(request)
               ^^^^^^^^^^^^^^^^^^^^^
  File "C:\Users\User\OneDrive\Desktop\computer_science\work\GenericWeb\backend\venv\Lib\site-packages\django\core\handlers\base.py", line 197, in _get_response
    response = wrapped_callback(request, *callback_args, **callback_kwargs)
               ^^^^^^^^^^^^^^^^^^^^^^^^^^^^^^^^^^^^^^^^^^^^^^^^^^^^^^^^^^^^
  File "C:\Users\User\OneDrive\Desktop\computer_science\work\GenericWeb\backend\venv\Lib\site-packages\django\views\decorators\csrf.py", line 56, in wrapper_view
    return view_func(*args, **kwargs)
           ^^^^^^^^^^^^^^^^^^^^^^^^^^
  File "C:\Users\User\OneDrive\Desktop\computer_science\work\GenericWeb\backend\venv\Lib\site-packages\django\views\generic\base.py", line 104, in view
    return self.dispatch(request, *args, **kwargs)
           ^^^^^^^^^^^^^^^^^^^^^^^^^^^^^^^^^^^^^^^
  File "C:\Users\User\OneDrive\Desktop\computer_science\work\GenericWeb\backend\venv\Lib\site-packages\rest_framework\views.py", line 509, in dispatch
    response = self.handle_exception(exc)
               ^^^^^^^^^^^^^^^^^^^^^^^^^^
  File "C:\Users\User\OneDrive\Desktop\computer_science\work\GenericWeb\backend\venv\Lib\site-packages\rest_framework\views.py", line 469, in handle_exception
    self.raise_uncaught_exception(exc)
  File "C:\Users\User\OneDrive\Desktop\computer_science\work\GenericWeb\backend\venv\Lib\site-packages\rest_framework\views.py", line 480, in raise_uncaught_exception
    raise exc
  File "C:\Users\User\OneDrive\Desktop\computer_science\work\GenericWeb\backend\venv\Lib\site-packages\rest_framework\views.py", line 506, in dispatch
    response = handler(request, *args, **kwargs)
               ^^^^^^^^^^^^^^^^^^^^^^^^^^^^^^^^^
  File "C:\Users\User\OneDrive\Desktop\computer_science\work\GenericWeb\backend\venv\Lib\site-packages\rest_framework\decorators.py", line 50, in handler
    return func(*args, **kwargs)
           ^^^^^^^^^^^^^^^^^^^^^
  File "C:\Users\User\OneDrive\Desktop\computer_science\work\GenericWeb\backend\generic3\users\views.py", line 188, in user_detail
    clinic_id = get_clinic_id_for_user(current_user , site=site)
                ^^^^^^^^^^^^^^^^^^^^^^^^^^^^^^^^^^^^^^^^^^^^^^^^
  File "C:\Users\User\OneDrive\Desktop\computer_science\work\GenericWeb\backend\generic3\generic3\utils.py", line 54, in get_clinic_id_for_user
    doctor = Doctor.objects.get(user=user)
             ^^^^^^^^^^^^^^^^^^^^^^^^^^^^^
  File "C:\Users\User\OneDrive\Desktop\computer_science\work\GenericWeb\backend\venv\Lib\site-packages\django\db\models\manager.py", line 87, in manager_method
    return getattr(self.get_queryset(), name)(*args, **kwargs)
           ^^^^^^^^^^^^^^^^^^^^^^^^^^^^^^^^^^^^^^^^^^^^^^^^^^^
  File "C:\Users\User\OneDrive\Desktop\computer_science\work\GenericWeb\backend\venv\Lib\site-packages\django\db\models\query.py", line 637, in get
    raise self.model.DoesNotExist(
users.models.Doctor.DoesNotExist: Doctor matching query does not exist.
Internal Server Error: /api/v1/users/me/
Traceback (most recent call last):
  File "C:\Users\User\OneDrive\Desktop\computer_science\work\GenericWeb\backend\venv\Lib\site-packages\django\core\handlers\exception.py", line 55, in inner
    response = get_response(request)
               ^^^^^^^^^^^^^^^^^^^^^
  File "C:\Users\User\OneDrive\Desktop\computer_science\work\GenericWeb\backend\venv\Lib\site-packages\django\core\handlers\base.py", line 197, in _get_response
    response = wrapped_callback(request, *callback_args, **callback_kwargs)
               ^^^^^^^^^^^^^^^^^^^^^^^^^^^^^^^^^^^^^^^^^^^^^^^^^^^^^^^^^^^^
  File "C:\Users\User\OneDrive\Desktop\computer_science\work\GenericWeb\backend\venv\Lib\site-packages\django\views\decorators\csrf.py", line 56, in wrapper_view
    return view_func(*args, **kwargs)
           ^^^^^^^^^^^^^^^^^^^^^^^^^^
  File "C:\Users\User\OneDrive\Desktop\computer_science\work\GenericWeb\backend\venv\Lib\site-packages\django\views\generic\base.py", line 104, in view
    return self.dispatch(request, *args, **kwargs)
           ^^^^^^^^^^^^^^^^^^^^^^^^^^^^^^^^^^^^^^^
  File "C:\Users\User\OneDrive\Desktop\computer_science\work\GenericWeb\backend\venv\Lib\site-packages\rest_framework\views.py", line 509, in dispatch
    response = self.handle_exception(exc)
               ^^^^^^^^^^^^^^^^^^^^^^^^^^
  File "C:\Users\User\OneDrive\Desktop\computer_science\work\GenericWeb\backend\venv\Lib\site-packages\rest_framework\views.py", line 469, in handle_exception
    self.raise_uncaught_exception(exc)
  File "C:\Users\User\OneDrive\Desktop\computer_science\work\GenericWeb\backend\venv\Lib\site-packages\rest_framework\views.py", line 480, in raise_uncaught_exception
    raise exc
  File "C:\Users\User\OneDrive\Desktop\computer_science\work\GenericWeb\backend\venv\Lib\site-packages\rest_framework\views.py", line 506, in dispatch
    response = handler(request, *args, **kwargs)
               ^^^^^^^^^^^^^^^^^^^^^^^^^^^^^^^^^
  File "C:\Users\User\OneDrive\Desktop\computer_science\work\GenericWeb\backend\venv\Lib\site-packages\rest_framework\decorators.py", line 50, in handler
    return func(*args, **kwargs)
           ^^^^^^^^^^^^^^^^^^^^^
  File "C:\Users\User\OneDrive\Desktop\computer_science\work\GenericWeb\backend\generic3\users\views.py", line 287, in current_user
    clinic_id = get_clinic_id_for_user(user, site=site)
                ^^^^^^^^^^^^^^^^^^^^^^^^^^^^^^^^^^^^^^^
  File "C:\Users\User\OneDrive\Desktop\computer_science\work\GenericWeb\backend\generic3\generic3\utils.py", line 54, in get_clinic_id_for_user
    doctor = Doctor.objects.get(user=user)
             ^^^^^^^^^^^^^^^^^^^^^^^^^^^^^
  File "C:\Users\User\OneDrive\Desktop\computer_science\work\GenericWeb\backend\venv\Lib\site-packages\django\db\models\manager.py", line 87, in manager_method
    return getattr(self.get_queryset(), name)(*args, **kwargs)
           ^^^^^^^^^^^^^^^^^^^^^^^^^^^^^^^^^^^^^^^^^^^^^^^^^^^
  File "C:\Users\User\OneDrive\Desktop\computer_science\work\GenericWeb\backend\venv\Lib\site-packages\django\db\models\query.py", line 637, in get
    raise self.model.DoesNotExist(
users.models.Doctor.DoesNotExist: Doctor matching query does not exist.
Internal Server Error: /api/v1/users/1/
Traceback (most recent call last):
  File "C:\Users\User\OneDrive\Desktop\computer_science\work\GenericWeb\backend\venv\Lib\site-packages\django\core\handlers\exception.py", line 55, in inner
    response = get_response(request)
               ^^^^^^^^^^^^^^^^^^^^^
  File "C:\Users\User\OneDrive\Desktop\computer_science\work\GenericWeb\backend\venv\Lib\site-packages\django\core\handlers\base.py", line 197, in _get_response
    response = wrapped_callback(request, *callback_args, **callback_kwargs)
               ^^^^^^^^^^^^^^^^^^^^^^^^^^^^^^^^^^^^^^^^^^^^^^^^^^^^^^^^^^^^
  File "C:\Users\User\OneDrive\Desktop\computer_science\work\GenericWeb\backend\venv\Lib\site-packages\django\views\decorators\csrf.py", line 56, in wrapper_view
    return view_func(*args, **kwargs)
           ^^^^^^^^^^^^^^^^^^^^^^^^^^
  File "C:\Users\User\OneDrive\Desktop\computer_science\work\GenericWeb\backend\venv\Lib\site-packages\django\views\generic\base.py", line 104, in view
    return self.dispatch(request, *args, **kwargs)
           ^^^^^^^^^^^^^^^^^^^^^^^^^^^^^^^^^^^^^^^
  File "C:\Users\User\OneDrive\Desktop\computer_science\work\GenericWeb\backend\venv\Lib\site-packages\rest_framework\views.py", line 509, in dispatch
    response = self.handle_exception(exc)
               ^^^^^^^^^^^^^^^^^^^^^^^^^^
  File "C:\Users\User\OneDrive\Desktop\computer_science\work\GenericWeb\backend\venv\Lib\site-packages\rest_framework\views.py", line 469, in handle_exception
    self.raise_uncaught_exception(exc)
  File "C:\Users\User\OneDrive\Desktop\computer_science\work\GenericWeb\backend\venv\Lib\site-packages\rest_framework\views.py", line 480, in raise_uncaught_exception
    raise exc
  File "C:\Users\User\OneDrive\Desktop\computer_science\work\GenericWeb\backend\venv\Lib\site-packages\rest_framework\views.py", line 506, in dispatch
    response = handler(request, *args, **kwargs)
               ^^^^^^^^^^^^^^^^^^^^^^^^^^^^^^^^^
  File "C:\Users\User\OneDrive\Desktop\computer_science\work\GenericWeb\backend\venv\Lib\site-packages\rest_framework\decorators.py", line 50, in handler
    return func(*args, **kwargs)
           ^^^^^^^^^^^^^^^^^^^^^
  File "C:\Users\User\OneDrive\Desktop\computer_science\work\GenericWeb\backend\generic3\users\views.py", line 188, in user_detail
    clinic_id = get_clinic_id_for_user(current_user , site=site)
                ^^^^^^^^^^^^^^^^^^^^^^^^^^^^^^^^^^^^^^^^^^^^^^^^
  File "C:\Users\User\OneDrive\Desktop\computer_science\work\GenericWeb\backend\generic3\generic3\utils.py", line 54, in get_clinic_id_for_user
    doctor = Doctor.objects.get(user=user)
             ^^^^^^^^^^^^^^^^^^^^^^^^^^^^^
  File "C:\Users\User\OneDrive\Desktop\computer_science\work\GenericWeb\backend\venv\Lib\site-packages\django\db\models\manager.py", line 87, in manager_method
    return getattr(self.get_queryset(), name)(*args, **kwargs)
           ^^^^^^^^^^^^^^^^^^^^^^^^^^^^^^^^^^^^^^^^^^^^^^^^^^^
  File "C:\Users\User\OneDrive\Desktop\computer_science\work\GenericWeb\backend\venv\Lib\site-packages\django\db\models\query.py", line 637, in get
    raise self.model.DoesNotExist(
users.models.Doctor.DoesNotExist: Doctor matching query does not exist.
Internal Server Error: /api/v1/users/1/
Traceback (most recent call last):
  File "C:\Users\User\OneDrive\Desktop\computer_science\work\GenericWeb\backend\venv\Lib\site-packages\django\core\handlers\exception.py", line 55, in inner
    response = get_response(request)
               ^^^^^^^^^^^^^^^^^^^^^
  File "C:\Users\User\OneDrive\Desktop\computer_science\work\GenericWeb\backend\venv\Lib\site-packages\django\core\handlers\base.py", line 197, in _get_response
    response = wrapped_callback(request, *callback_args, **callback_kwargs)
               ^^^^^^^^^^^^^^^^^^^^^^^^^^^^^^^^^^^^^^^^^^^^^^^^^^^^^^^^^^^^
  File "C:\Users\User\OneDrive\Desktop\computer_science\work\GenericWeb\backend\venv\Lib\site-packages\django\views\decorators\csrf.py", line 56, in wrapper_view
    return view_func(*args, **kwargs)
           ^^^^^^^^^^^^^^^^^^^^^^^^^^
  File "C:\Users\User\OneDrive\Desktop\computer_science\work\GenericWeb\backend\venv\Lib\site-packages\django\views\generic\base.py", line 104, in view
    return self.dispatch(request, *args, **kwargs)
           ^^^^^^^^^^^^^^^^^^^^^^^^^^^^^^^^^^^^^^^
  File "C:\Users\User\OneDrive\Desktop\computer_science\work\GenericWeb\backend\venv\Lib\site-packages\rest_framework\views.py", line 509, in dispatch
    response = self.handle_exception(exc)
               ^^^^^^^^^^^^^^^^^^^^^^^^^^
  File "C:\Users\User\OneDrive\Desktop\computer_science\work\GenericWeb\backend\venv\Lib\site-packages\rest_framework\views.py", line 469, in handle_exception
    self.raise_uncaught_exception(exc)
  File "C:\Users\User\OneDrive\Desktop\computer_science\work\GenericWeb\backend\venv\Lib\site-packages\rest_framework\views.py", line 480, in raise_uncaught_exception
    raise exc
  File "C:\Users\User\OneDrive\Desktop\computer_science\work\GenericWeb\backend\venv\Lib\site-packages\rest_framework\views.py", line 506, in dispatch
    response = handler(request, *args, **kwargs)
               ^^^^^^^^^^^^^^^^^^^^^^^^^^^^^^^^^
  File "C:\Users\User\OneDrive\Desktop\computer_science\work\GenericWeb\backend\venv\Lib\site-packages\rest_framework\decorators.py", line 50, in handler
    return func(*args, **kwargs)
           ^^^^^^^^^^^^^^^^^^^^^
  File "C:\Users\User\OneDrive\Desktop\computer_science\work\GenericWeb\backend\generic3\users\views.py", line 188, in user_detail
    clinic_id = get_clinic_id_for_user(current_user , site=site)
                ^^^^^^^^^^^^^^^^^^^^^^^^^^^^^^^^^^^^^^^^^^^^^^^^
  File "C:\Users\User\OneDrive\Desktop\computer_science\work\GenericWeb\backend\generic3\generic3\utils.py", line 54, in get_clinic_id_for_user
    doctor = Doctor.objects.get(user=user)
             ^^^^^^^^^^^^^^^^^^^^^^^^^^^^^
  File "C:\Users\User\OneDrive\Desktop\computer_science\work\GenericWeb\backend\venv\Lib\site-packages\django\db\models\manager.py", line 87, in manager_method
    return getattr(self.get_queryset(), name)(*args, **kwargs)
           ^^^^^^^^^^^^^^^^^^^^^^^^^^^^^^^^^^^^^^^^^^^^^^^^^^^
  File "C:\Users\User\OneDrive\Desktop\computer_science\work\GenericWeb\backend\venv\Lib\site-packages\django\db\models\query.py", line 637, in get
    raise self.model.DoesNotExist(
users.models.Doctor.DoesNotExist: Doctor matching query does not exist.
Internal Server Error: /api/v1/users/1/
Traceback (most recent call last):
  File "C:\Users\User\OneDrive\Desktop\computer_science\work\GenericWeb\backend\venv\Lib\site-packages\django\core\handlers\exception.py", line 55, in inner
    response = get_response(request)
               ^^^^^^^^^^^^^^^^^^^^^
  File "C:\Users\User\OneDrive\Desktop\computer_science\work\GenericWeb\backend\venv\Lib\site-packages\django\core\handlers\base.py", line 197, in _get_response
    response = wrapped_callback(request, *callback_args, **callback_kwargs)
               ^^^^^^^^^^^^^^^^^^^^^^^^^^^^^^^^^^^^^^^^^^^^^^^^^^^^^^^^^^^^
  File "C:\Users\User\OneDrive\Desktop\computer_science\work\GenericWeb\backend\venv\Lib\site-packages\django\views\decorators\csrf.py", line 56, in wrapper_view
    return view_func(*args, **kwargs)
           ^^^^^^^^^^^^^^^^^^^^^^^^^^
  File "C:\Users\User\OneDrive\Desktop\computer_science\work\GenericWeb\backend\venv\Lib\site-packages\django\views\generic\base.py", line 104, in view
    return self.dispatch(request, *args, **kwargs)
           ^^^^^^^^^^^^^^^^^^^^^^^^^^^^^^^^^^^^^^^
  File "C:\Users\User\OneDrive\Desktop\computer_science\work\GenericWeb\backend\venv\Lib\site-packages\rest_framework\views.py", line 509, in dispatch
    response = self.handle_exception(exc)
               ^^^^^^^^^^^^^^^^^^^^^^^^^^
  File "C:\Users\User\OneDrive\Desktop\computer_science\work\GenericWeb\backend\venv\Lib\site-packages\rest_framework\views.py", line 469, in handle_exception
    self.raise_uncaught_exception(exc)
  File "C:\Users\User\OneDrive\Desktop\computer_science\work\GenericWeb\backend\venv\Lib\site-packages\rest_framework\views.py", line 480, in raise_uncaught_exception
    raise exc
  File "C:\Users\User\OneDrive\Desktop\computer_science\work\GenericWeb\backend\venv\Lib\site-packages\rest_framework\views.py", line 506, in dispatch
    response = handler(request, *args, **kwargs)
               ^^^^^^^^^^^^^^^^^^^^^^^^^^^^^^^^^
  File "C:\Users\User\OneDrive\Desktop\computer_science\work\GenericWeb\backend\venv\Lib\site-packages\rest_framework\decorators.py", line 50, in handler
    return func(*args, **kwargs)
           ^^^^^^^^^^^^^^^^^^^^^
  File "C:\Users\User\OneDrive\Desktop\computer_science\work\GenericWeb\backend\generic3\users\views.py", line 188, in user_detail
    clinic_id = get_clinic_id_for_user(current_user , site=site)
                ^^^^^^^^^^^^^^^^^^^^^^^^^^^^^^^^^^^^^^^^^^^^^^^^
  File "C:\Users\User\OneDrive\Desktop\computer_science\work\GenericWeb\backend\generic3\generic3\utils.py", line 54, in get_clinic_id_for_user
    doctor = Doctor.objects.get(user=user)
             ^^^^^^^^^^^^^^^^^^^^^^^^^^^^^
  File "C:\Users\User\OneDrive\Desktop\computer_science\work\GenericWeb\backend\venv\Lib\site-packages\django\db\models\manager.py", line 87, in manager_method
    return getattr(self.get_queryset(), name)(*args, **kwargs)
           ^^^^^^^^^^^^^^^^^^^^^^^^^^^^^^^^^^^^^^^^^^^^^^^^^^^
  File "C:\Users\User\OneDrive\Desktop\computer_science\work\GenericWeb\backend\venv\Lib\site-packages\django\db\models\query.py", line 637, in get
    raise self.model.DoesNotExist(
users.models.Doctor.DoesNotExist: Doctor matching query does not exist.
Internal Server Error: /api/v1/users/1/
Traceback (most recent call last):
  File "C:\Users\User\OneDrive\Desktop\computer_science\work\GenericWeb\backend\venv\Lib\site-packages\django\core\handlers\exception.py", line 55, in inner
    response = get_response(request)
               ^^^^^^^^^^^^^^^^^^^^^
  File "C:\Users\User\OneDrive\Desktop\computer_science\work\GenericWeb\backend\venv\Lib\site-packages\django\core\handlers\base.py", line 197, in _get_response
    response = wrapped_callback(request, *callback_args, **callback_kwargs)
               ^^^^^^^^^^^^^^^^^^^^^^^^^^^^^^^^^^^^^^^^^^^^^^^^^^^^^^^^^^^^
  File "C:\Users\User\OneDrive\Desktop\computer_science\work\GenericWeb\backend\venv\Lib\site-packages\django\views\decorators\csrf.py", line 56, in wrapper_view
    return view_func(*args, **kwargs)
           ^^^^^^^^^^^^^^^^^^^^^^^^^^
  File "C:\Users\User\OneDrive\Desktop\computer_science\work\GenericWeb\backend\venv\Lib\site-packages\django\views\generic\base.py", line 104, in view
    return self.dispatch(request, *args, **kwargs)
           ^^^^^^^^^^^^^^^^^^^^^^^^^^^^^^^^^^^^^^^
  File "C:\Users\User\OneDrive\Desktop\computer_science\work\GenericWeb\backend\venv\Lib\site-packages\rest_framework\views.py", line 509, in dispatch
    response = self.handle_exception(exc)
               ^^^^^^^^^^^^^^^^^^^^^^^^^^
  File "C:\Users\User\OneDrive\Desktop\computer_science\work\GenericWeb\backend\venv\Lib\site-packages\rest_framework\views.py", line 469, in handle_exception
    self.raise_uncaught_exception(exc)
  File "C:\Users\User\OneDrive\Desktop\computer_science\work\GenericWeb\backend\venv\Lib\site-packages\rest_framework\views.py", line 480, in raise_uncaught_exception
    raise exc
  File "C:\Users\User\OneDrive\Desktop\computer_science\work\GenericWeb\backend\venv\Lib\site-packages\rest_framework\views.py", line 506, in dispatch
    response = handler(request, *args, **kwargs)
               ^^^^^^^^^^^^^^^^^^^^^^^^^^^^^^^^^
  File "C:\Users\User\OneDrive\Desktop\computer_science\work\GenericWeb\backend\venv\Lib\site-packages\rest_framework\decorators.py", line 50, in handler
    return func(*args, **kwargs)
           ^^^^^^^^^^^^^^^^^^^^^
  File "C:\Users\User\OneDrive\Desktop\computer_science\work\GenericWeb\backend\generic3\users\views.py", line 188, in user_detail
    clinic_id = get_clinic_id_for_user(current_user , site=site)
                ^^^^^^^^^^^^^^^^^^^^^^^^^^^^^^^^^^^^^^^^^^^^^^^^
  File "C:\Users\User\OneDrive\Desktop\computer_science\work\GenericWeb\backend\generic3\generic3\utils.py", line 54, in get_clinic_id_for_user
    doctor = Doctor.objects.get(user=user)
             ^^^^^^^^^^^^^^^^^^^^^^^^^^^^^
  File "C:\Users\User\OneDrive\Desktop\computer_science\work\GenericWeb\backend\venv\Lib\site-packages\django\db\models\manager.py", line 87, in manager_method
    return getattr(self.get_queryset(), name)(*args, **kwargs)
           ^^^^^^^^^^^^^^^^^^^^^^^^^^^^^^^^^^^^^^^^^^^^^^^^^^^
  File "C:\Users\User\OneDrive\Desktop\computer_science\work\GenericWeb\backend\venv\Lib\site-packages\django\db\models\query.py", line 637, in get
    raise self.model.DoesNotExist(
users.models.Doctor.DoesNotExist: Doctor matching query does not exist.
Bad Request: /api/v1/users/2/
Bad Request: /api/v1/users/2/
Internal Server Error: /api/v1/users/2/
Traceback (most recent call last):
  File "C:\Users\User\OneDrive\Desktop\computer_science\work\GenericWeb\backend\venv\Lib\site-packages\django\core\handlers\exception.py", line 55, in inner
    response = get_response(request)
               ^^^^^^^^^^^^^^^^^^^^^
  File "C:\Users\User\OneDrive\Desktop\computer_science\work\GenericWeb\backend\venv\Lib\site-packages\django\core\handlers\base.py", line 197, in _get_response
    response = wrapped_callback(request, *callback_args, **callback_kwargs)
               ^^^^^^^^^^^^^^^^^^^^^^^^^^^^^^^^^^^^^^^^^^^^^^^^^^^^^^^^^^^^
  File "C:\Users\User\OneDrive\Desktop\computer_science\work\GenericWeb\backend\venv\Lib\site-packages\django\views\decorators\csrf.py", line 56, in wrapper_view
    return view_func(*args, **kwargs)
           ^^^^^^^^^^^^^^^^^^^^^^^^^^
  File "C:\Users\User\OneDrive\Desktop\computer_science\work\GenericWeb\backend\venv\Lib\site-packages\django\views\generic\base.py", line 104, in view
    return self.dispatch(request, *args, **kwargs)
           ^^^^^^^^^^^^^^^^^^^^^^^^^^^^^^^^^^^^^^^
  File "C:\Users\User\OneDrive\Desktop\computer_science\work\GenericWeb\backend\venv\Lib\site-packages\rest_framework\views.py", line 509, in dispatch
    response = self.handle_exception(exc)
               ^^^^^^^^^^^^^^^^^^^^^^^^^^
  File "C:\Users\User\OneDrive\Desktop\computer_science\work\GenericWeb\backend\venv\Lib\site-packages\rest_framework\views.py", line 469, in handle_exception
    self.raise_uncaught_exception(exc)
  File "C:\Users\User\OneDrive\Desktop\computer_science\work\GenericWeb\backend\venv\Lib\site-packages\rest_framework\views.py", line 480, in raise_uncaught_exception
    raise exc
  File "C:\Users\User\OneDrive\Desktop\computer_science\work\GenericWeb\backend\venv\Lib\site-packages\rest_framework\views.py", line 506, in dispatch
    response = handler(request, *args, **kwargs)
               ^^^^^^^^^^^^^^^^^^^^^^^^^^^^^^^^^
  File "C:\Users\User\OneDrive\Desktop\computer_science\work\GenericWeb\backend\venv\Lib\site-packages\rest_framework\decorators.py", line 50, in handler
    return func(*args, **kwargs)
           ^^^^^^^^^^^^^^^^^^^^^
  File "C:\Users\User\OneDrive\Desktop\computer_science\work\GenericWeb\backend\generic3\users\views.py", line 188, in user_detail
    clinic_id = get_clinic_id_for_user(current_user , site=site)
                ^^^^^^^^^^^^^^^^^^^^^^^^^^^^^^^^^^^^^^^^^^^^^^^^
  File "C:\Users\User\OneDrive\Desktop\computer_science\work\GenericWeb\backend\generic3\generic3\utils.py", line 57, in get_clinic_id_for_user
    patient = Patient.objects.get(user=user)
              ^^^^^^^^^^^^^^^^^^^^^^^^^^^^^^
  File "C:\Users\User\OneDrive\Desktop\computer_science\work\GenericWeb\backend\venv\Lib\site-packages\django\db\models\manager.py", line 87, in manager_method
    return getattr(self.get_queryset(), name)(*args, **kwargs)
           ^^^^^^^^^^^^^^^^^^^^^^^^^^^^^^^^^^^^^^^^^^^^^^^^^^^
  File "C:\Users\User\OneDrive\Desktop\computer_science\work\GenericWeb\backend\venv\Lib\site-packages\django\db\models\query.py", line 637, in get
    raise self.model.DoesNotExist(
users.models.Patient.DoesNotExist: Patient matching query does not exist.
Internal Server Error: /api/v1/users/
Traceback (most recent call last):
  File "C:\Users\User\OneDrive\Desktop\computer_science\work\GenericWeb\backend\venv\Lib\site-packages\django\core\handlers\exception.py", line 55, in inner
    response = get_response(request)
               ^^^^^^^^^^^^^^^^^^^^^
  File "C:\Users\User\OneDrive\Desktop\computer_science\work\GenericWeb\backend\venv\Lib\site-packages\django\core\handlers\base.py", line 197, in _get_response
    response = wrapped_callback(request, *callback_args, **callback_kwargs)
               ^^^^^^^^^^^^^^^^^^^^^^^^^^^^^^^^^^^^^^^^^^^^^^^^^^^^^^^^^^^^
  File "C:\Users\User\OneDrive\Desktop\computer_science\work\GenericWeb\backend\venv\Lib\site-packages\django\views\decorators\csrf.py", line 56, in wrapper_view
    return view_func(*args, **kwargs)
           ^^^^^^^^^^^^^^^^^^^^^^^^^^
  File "C:\Users\User\OneDrive\Desktop\computer_science\work\GenericWeb\backend\venv\Lib\site-packages\django\views\generic\base.py", line 104, in view
    return self.dispatch(request, *args, **kwargs)
           ^^^^^^^^^^^^^^^^^^^^^^^^^^^^^^^^^^^^^^^
  File "C:\Users\User\OneDrive\Desktop\computer_science\work\GenericWeb\backend\venv\Lib\site-packages\rest_framework\views.py", line 511, in dispatch
    self.response = self.finalize_response(request, response, *args, **kwargs)
                    ^^^^^^^^^^^^^^^^^^^^^^^^^^^^^^^^^^^^^^^^^^^^^^^^^^^^^^^^^^
  File "C:\Users\User\OneDrive\Desktop\computer_science\work\GenericWeb\backend\venv\Lib\site-packages\rest_framework\views.py", line 423, in finalize_response
    assert isinstance(response, HttpResponseBase), (
           ^^^^^^^^^^^^^^^^^^^^^^^^^^^^^^^^^^^^^^
AssertionError: Expected a `Response`, `HttpResponse` or `HttpStreamingResponse` to be returned from the view, but received a `<class 'unittest.mock.MagicMock'>`
Forbidden: /api/v1/clinics/
Unauthorized: /api/v1/clinics/
Internal Server Error: /api/v1/clinics/
Internal Server Error: /api/v1/clinics/
Internal Server Error: /api/v1/clinics/
Bad Request: /api/v1/clinics/
Bad Request: /api/v1/clinics/
Bad Request: /api/v1/clinics/
Internal Server Error: /api/v1/clinics/
Forbidden: /api/v1/clinics/
Internal Server Error: /api/v1/clinics/1/
Not Found: /api/v1/clinics/99999/
Forbidden: /api/v1/clinics/1/
Invalid HTTP_HOST header: 'testclinic.example.com'. You may need to add 'testclinic.example.com' to ALLOWED_HOSTS.
Traceback (most recent call last):
  File "C:\Users\User\OneDrive\Desktop\computer_science\work\GenericWeb\backend\venv\Lib\site-packages\django\core\handlers\exception.py", line 55, in inner
    response = get_response(request)
               ^^^^^^^^^^^^^^^^^^^^^
  File "C:\Users\User\OneDrive\Desktop\computer_science\work\GenericWeb\backend\venv\Lib\site-packages\django\utils\deprecation.py", line 133, in __call__
    response = self.process_request(request)
               ^^^^^^^^^^^^^^^^^^^^^^^^^^^^^
  File "C:\Users\User\OneDrive\Desktop\computer_science\work\GenericWeb\backend\venv\Lib\site-packages\django\middleware\common.py", line 48, in process_request
    host = request.get_host()
           ^^^^^^^^^^^^^^^^^^
  File "C:\Users\User\OneDrive\Desktop\computer_science\work\GenericWeb\backend\venv\Lib\site-packages\django\http\request.py", line 167, in get_host
    raise DisallowedHost(msg)
django.core.exceptions.DisallowedHost: Invalid HTTP_HOST header: 'testclinic.example.com'. You may need to add 'testclinic.example.com' to ALLOWED_HOSTS.
Bad Request: /api/v1/auth/sessions/
Unauthorized: /api/v1/auth/sessions/
Bad Request: /api/v1/auth/sessions/
Bad Request: /api/v1/auth/sessions/
Internal Server Error: /api/v1/auth/sessions/
Traceback (most recent call last):
  File "C:\Users\User\OneDrive\Desktop\computer_science\work\GenericWeb\backend\venv\Lib\site-packages\django\core\handlers\exception.py", line 55, in inner
    response = get_response(request)
               ^^^^^^^^^^^^^^^^^^^^^
  File "C:\Users\User\OneDrive\Desktop\computer_science\work\GenericWeb\backend\venv\Lib\site-packages\django\core\handlers\base.py", line 197, in _get_response
    response = wrapped_callback(request, *callback_args, **callback_kwargs)
               ^^^^^^^^^^^^^^^^^^^^^^^^^^^^^^^^^^^^^^^^^^^^^^^^^^^^^^^^^^^^
  File "C:\Users\User\OneDrive\Desktop\computer_science\work\GenericWeb\backend\venv\Lib\site-packages\django\views\decorators\csrf.py", line 56, in wrapper_view
    return view_func(*args, **kwargs)
           ^^^^^^^^^^^^^^^^^^^^^^^^^^
  File "C:\Users\User\OneDrive\Desktop\computer_science\work\GenericWeb\backend\venv\Lib\site-packages\django\views\generic\base.py", line 104, in view
    return self.dispatch(request, *args, **kwargs)
           ^^^^^^^^^^^^^^^^^^^^^^^^^^^^^^^^^^^^^^^
  File "C:\Users\User\OneDrive\Desktop\computer_science\work\GenericWeb\backend\venv\Lib\site-packages\rest_framework\views.py", line 509, in dispatch
    response = self.handle_exception(exc)
               ^^^^^^^^^^^^^^^^^^^^^^^^^^
  File "C:\Users\User\OneDrive\Desktop\computer_science\work\GenericWeb\backend\venv\Lib\site-packages\rest_framework\views.py", line 469, in handle_exception
    self.raise_uncaught_exception(exc)
  File "C:\Users\User\OneDrive\Desktop\computer_science\work\GenericWeb\backend\venv\Lib\site-packages\rest_framework\views.py", line 480, in raise_uncaught_exception
    raise exc
  File "C:\Users\User\OneDrive\Desktop\computer_science\work\GenericWeb\backend\venv\Lib\site-packages\rest_framework\views.py", line 506, in dispatch
    response = handler(request, *args, **kwargs)
               ^^^^^^^^^^^^^^^^^^^^^^^^^^^^^^^^^
  File "C:\Users\User\OneDrive\Desktop\computer_science\work\GenericWeb\backend\generic3\authentication\views.py", line 61, in post
    clinic_id = get_clinic_id_for_user(user , site=site)
                ^^^^^^^^^^^^^^^^^^^^^^^^^^^^^^^^^^^^^^^^
  File "C:\Users\User\OneDrive\Desktop\computer_science\work\GenericWeb\backend\generic3\generic3\utils.py", line 54, in get_clinic_id_for_user
    doctor = Doctor.objects.get(user=user)
             ^^^^^^^^^^^^^^^^^^^^^^^^^^^^^
  File "C:\Users\User\OneDrive\Desktop\computer_science\work\GenericWeb\backend\venv\Lib\site-packages\django\db\models\manager.py", line 87, in manager_method
    return getattr(self.get_queryset(), name)(*args, **kwargs)
           ^^^^^^^^^^^^^^^^^^^^^^^^^^^^^^^^^^^^^^^^^^^^^^^^^^^
  File "C:\Users\User\OneDrive\Desktop\computer_science\work\GenericWeb\backend\venv\Lib\site-packages\django\db\models\query.py", line 637, in get
    raise self.model.DoesNotExist(
users.models.Doctor.DoesNotExist: Doctor matching query does not exist.
Bad Request: /api/v1/auth/sessions/
Unauthorized: /api/v1/auth/tokens/refresh/
Unauthorized: /api/v1/auth/tokens/refresh/
Internal Server Error: /api/v1/auth/2fa/
Internal Server Error: /api/v1/auth/2fa/
Unauthorized: /api/v1/auth/2fa/
Bad Request: /api/v1/auth/2fa/
Internal Server Error: /api/v1/auth/2fa/
Bad Request: /api/v1/auth/2fa/verify/
Bad Request: /api/v1/auth/2fa/verify/
Bad Request: /api/v1/auth/2fa/verify/
Bad Request: /api/v1/auth/2fa/verify/
Bad Request: /api/v1/auth/2fa/verify/
Bad Request: /api/v1/auth/2fa/verify/
Unauthorized: /api/v1/auth/password/
Unauthorized: /api/v1/auth/password/
Bad Request: /api/v1/auth/password/
Bad Request: /api/v1/auth/password/
Bad Request: /api/v1/auth/password/
Bad Request: /api/v1/auth/password/
Bad Request: /api/v1/auth/password/
Bad Request: /api/v1/auth/password/
Bad Request: /api/v1/auth/password/
Bad Request: /api/v1/auth/password/
Unauthorized: /api/v1/auth/users/1/qr-code/
Forbidden: /api/v1/auth/users/2/qr-code/
Not Found: /api/v1/auth/users/99999/qr-code/
Unauthorized: /api/v1/users/me/
Internal Server Error: /api/v1/auth/sessions/
Traceback (most recent call last):
  File "C:\Users\User\OneDrive\Desktop\computer_science\work\GenericWeb\backend\venv\Lib\site-packages\django\core\handlers\exception.py", line 55, in inner
    response = get_response(request)
               ^^^^^^^^^^^^^^^^^^^^^
  File "C:\Users\User\OneDrive\Desktop\computer_science\work\GenericWeb\backend\venv\Lib\site-packages\django\core\handlers\base.py", line 197, in _get_response
    response = wrapped_callback(request, *callback_args, **callback_kwargs)
               ^^^^^^^^^^^^^^^^^^^^^^^^^^^^^^^^^^^^^^^^^^^^^^^^^^^^^^^^^^^^
  File "C:\Users\User\OneDrive\Desktop\computer_science\work\GenericWeb\backend\venv\Lib\site-packages\django\views\decorators\csrf.py", line 56, in wrapper_view
    return view_func(*args, **kwargs)
           ^^^^^^^^^^^^^^^^^^^^^^^^^^
  File "C:\Users\User\OneDrive\Desktop\computer_science\work\GenericWeb\backend\venv\Lib\site-packages\django\views\generic\base.py", line 104, in view
    return self.dispatch(request, *args, **kwargs)
           ^^^^^^^^^^^^^^^^^^^^^^^^^^^^^^^^^^^^^^^
  File "C:\Users\User\OneDrive\Desktop\computer_science\work\GenericWeb\backend\venv\Lib\site-packages\rest_framework\views.py", line 509, in dispatch
    response = self.handle_exception(exc)
               ^^^^^^^^^^^^^^^^^^^^^^^^^^
  File "C:\Users\User\OneDrive\Desktop\computer_science\work\GenericWeb\backend\venv\Lib\site-packages\rest_framework\views.py", line 469, in handle_exception
    self.raise_uncaught_exception(exc)
  File "C:\Users\User\OneDrive\Desktop\computer_science\work\GenericWeb\backend\venv\Lib\site-packages\rest_framework\views.py", line 480, in raise_uncaught_exception
    raise exc
  File "C:\Users\User\OneDrive\Desktop\computer_science\work\GenericWeb\backend\venv\Lib\site-packages\rest_framework\views.py", line 506, in dispatch
    response = handler(request, *args, **kwargs)
               ^^^^^^^^^^^^^^^^^^^^^^^^^^^^^^^^^
  File "C:\Users\User\OneDrive\Desktop\computer_science\work\GenericWeb\backend\generic3\authentication\views.py", line 61, in post
    clinic_id = get_clinic_id_for_user(user , site=site)
                ^^^^^^^^^^^^^^^^^^^^^^^^^^^^^^^^^^^^^^^^
  File "C:\Users\User\OneDrive\Desktop\computer_science\work\GenericWeb\backend\generic3\generic3\utils.py", line 57, in get_clinic_id_for_user
    patient = Patient.objects.get(user=user)
              ^^^^^^^^^^^^^^^^^^^^^^^^^^^^^^
  File "C:\Users\User\OneDrive\Desktop\computer_science\work\GenericWeb\backend\venv\Lib\site-packages\django\db\models\manager.py", line 87, in manager_method
    return getattr(self.get_queryset(), name)(*args, **kwargs)
           ^^^^^^^^^^^^^^^^^^^^^^^^^^^^^^^^^^^^^^^^^^^^^^^^^^^
  File "C:\Users\User\OneDrive\Desktop\computer_science\work\GenericWeb\backend\venv\Lib\site-packages\django\db\models\query.py", line 637, in get
    raise self.model.DoesNotExist(
users.models.Patient.DoesNotExist: Patient matching query does not exist.
Forbidden: /api/v1/users/
Unauthorized: /api/v1/users/
Forbidden: /api/v1/users/
Internal Server Error: /api/v1/users/
Traceback (most recent call last):
  File "C:\Users\User\OneDrive\Desktop\computer_science\work\GenericWeb\backend\venv\Lib\site-packages\django\core\handlers\exception.py", line 55, in inner
    response = get_response(request)
               ^^^^^^^^^^^^^^^^^^^^^
  File "C:\Users\User\OneDrive\Desktop\computer_science\work\GenericWeb\backend\venv\Lib\site-packages\django\core\handlers\base.py", line 197, in _get_response
    response = wrapped_callback(request, *callback_args, **callback_kwargs)
               ^^^^^^^^^^^^^^^^^^^^^^^^^^^^^^^^^^^^^^^^^^^^^^^^^^^^^^^^^^^^
  File "C:\Users\User\OneDrive\Desktop\computer_science\work\GenericWeb\backend\venv\Lib\site-packages\django\views\decorators\csrf.py", line 56, in wrapper_view
    return view_func(*args, **kwargs)
           ^^^^^^^^^^^^^^^^^^^^^^^^^^
  File "C:\Users\User\OneDrive\Desktop\computer_science\work\GenericWeb\backend\venv\Lib\site-packages\django\views\generic\base.py", line 104, in view
    return self.dispatch(request, *args, **kwargs)
           ^^^^^^^^^^^^^^^^^^^^^^^^^^^^^^^^^^^^^^^
  File "C:\Users\User\OneDrive\Desktop\computer_science\work\GenericWeb\backend\venv\Lib\site-packages\rest_framework\views.py", line 511, in dispatch
    self.response = self.finalize_response(request, response, *args, **kwargs)
                    ^^^^^^^^^^^^^^^^^^^^^^^^^^^^^^^^^^^^^^^^^^^^^^^^^^^^^^^^^^
  File "C:\Users\User\OneDrive\Desktop\computer_science\work\GenericWeb\backend\venv\Lib\site-packages\rest_framework\views.py", line 423, in finalize_response
    assert isinstance(response, HttpResponseBase), (
           ^^^^^^^^^^^^^^^^^^^^^^^^^^^^^^^^^^^^^^
AssertionError: Expected a `Response`, `HttpResponse` or `HttpStreamingResponse` to be returned from the view, but received a `<class 'unittest.mock.MagicMock'>`
Internal Server Error: /api/v1/users/
Traceback (most recent call last):
  File "C:\Users\User\OneDrive\Desktop\computer_science\work\GenericWeb\backend\venv\Lib\site-packages\django\core\handlers\exception.py", line 55, in inner
    response = get_response(request)
               ^^^^^^^^^^^^^^^^^^^^^
  File "C:\Users\User\OneDrive\Desktop\computer_science\work\GenericWeb\backend\venv\Lib\site-packages\django\core\handlers\base.py", line 197, in _get_response
    response = wrapped_callback(request, *callback_args, **callback_kwargs)
               ^^^^^^^^^^^^^^^^^^^^^^^^^^^^^^^^^^^^^^^^^^^^^^^^^^^^^^^^^^^^
  File "C:\Users\User\OneDrive\Desktop\computer_science\work\GenericWeb\backend\venv\Lib\site-packages\django\views\decorators\csrf.py", line 56, in wrapper_view
    return view_func(*args, **kwargs)
           ^^^^^^^^^^^^^^^^^^^^^^^^^^
  File "C:\Users\User\OneDrive\Desktop\computer_science\work\GenericWeb\backend\venv\Lib\site-packages\django\views\generic\base.py", line 104, in view
    return self.dispatch(request, *args, **kwargs)
           ^^^^^^^^^^^^^^^^^^^^^^^^^^^^^^^^^^^^^^^
  File "C:\Users\User\OneDrive\Desktop\computer_science\work\GenericWeb\backend\venv\Lib\site-packages\rest_framework\views.py", line 511, in dispatch
    self.response = self.finalize_response(request, response, *args, **kwargs)
                    ^^^^^^^^^^^^^^^^^^^^^^^^^^^^^^^^^^^^^^^^^^^^^^^^^^^^^^^^^^
  File "C:\Users\User\OneDrive\Desktop\computer_science\work\GenericWeb\backend\venv\Lib\site-packages\rest_framework\views.py", line 423, in finalize_response
    assert isinstance(response, HttpResponseBase), (
           ^^^^^^^^^^^^^^^^^^^^^^^^^^^^^^^^^^^^^^
AssertionError: Expected a `Response`, `HttpResponse` or `HttpStreamingResponse` to be returned from the view, but received a `<class 'unittest.mock.MagicMock'>`
Internal Server Error: /api/v1/users/
Traceback (most recent call last):
  File "C:\Users\User\OneDrive\Desktop\computer_science\work\GenericWeb\backend\venv\Lib\site-packages\django\core\handlers\exception.py", line 55, in inner
    response = get_response(request)
               ^^^^^^^^^^^^^^^^^^^^^
  File "C:\Users\User\OneDrive\Desktop\computer_science\work\GenericWeb\backend\venv\Lib\site-packages\django\core\handlers\base.py", line 197, in _get_response
    response = wrapped_callback(request, *callback_args, **callback_kwargs)
               ^^^^^^^^^^^^^^^^^^^^^^^^^^^^^^^^^^^^^^^^^^^^^^^^^^^^^^^^^^^^
  File "C:\Users\User\OneDrive\Desktop\computer_science\work\GenericWeb\backend\venv\Lib\site-packages\django\views\decorators\csrf.py", line 56, in wrapper_view
    return view_func(*args, **kwargs)
           ^^^^^^^^^^^^^^^^^^^^^^^^^^
  File "C:\Users\User\OneDrive\Desktop\computer_science\work\GenericWeb\backend\venv\Lib\site-packages\django\views\generic\base.py", line 104, in view
    return self.dispatch(request, *args, **kwargs)
           ^^^^^^^^^^^^^^^^^^^^^^^^^^^^^^^^^^^^^^^
  File "C:\Users\User\OneDrive\Desktop\computer_science\work\GenericWeb\backend\venv\Lib\site-packages\rest_framework\views.py", line 511, in dispatch
    self.response = self.finalize_response(request, response, *args, **kwargs)
                    ^^^^^^^^^^^^^^^^^^^^^^^^^^^^^^^^^^^^^^^^^^^^^^^^^^^^^^^^^^
  File "C:\Users\User\OneDrive\Desktop\computer_science\work\GenericWeb\backend\venv\Lib\site-packages\rest_framework\views.py", line 423, in finalize_response
    assert isinstance(response, HttpResponseBase), (
           ^^^^^^^^^^^^^^^^^^^^^^^^^^^^^^^^^^^^^^
AssertionError: Expected a `Response`, `HttpResponse` or `HttpStreamingResponse` to be returned from the view, but received a `<class 'unittest.mock.MagicMock'>`
Bad Request: /api/v1/users/
Forbidden: /api/v1/users/
Internal Server Error: /api/v1/users/1/
Traceback (most recent call last):
  File "C:\Users\User\OneDrive\Desktop\computer_science\work\GenericWeb\backend\venv\Lib\site-packages\django\core\handlers\exception.py", line 55, in inner
    response = get_response(request)
               ^^^^^^^^^^^^^^^^^^^^^
  File "C:\Users\User\OneDrive\Desktop\computer_science\work\GenericWeb\backend\venv\Lib\site-packages\django\core\handlers\base.py", line 197, in _get_response
    response = wrapped_callback(request, *callback_args, **callback_kwargs)
               ^^^^^^^^^^^^^^^^^^^^^^^^^^^^^^^^^^^^^^^^^^^^^^^^^^^^^^^^^^^^
  File "C:\Users\User\OneDrive\Desktop\computer_science\work\GenericWeb\backend\venv\Lib\site-packages\django\views\decorators\csrf.py", line 56, in wrapper_view
    return view_func(*args, **kwargs)
           ^^^^^^^^^^^^^^^^^^^^^^^^^^
  File "C:\Users\User\OneDrive\Desktop\computer_science\work\GenericWeb\backend\venv\Lib\site-packages\django\views\generic\base.py", line 104, in view
    return self.dispatch(request, *args, **kwargs)
           ^^^^^^^^^^^^^^^^^^^^^^^^^^^^^^^^^^^^^^^
  File "C:\Users\User\OneDrive\Desktop\computer_science\work\GenericWeb\backend\venv\Lib\site-packages\rest_framework\views.py", line 509, in dispatch
    response = self.handle_exception(exc)
               ^^^^^^^^^^^^^^^^^^^^^^^^^^
  File "C:\Users\User\OneDrive\Desktop\computer_science\work\GenericWeb\backend\venv\Lib\site-packages\rest_framework\views.py", line 469, in handle_exception
    self.raise_uncaught_exception(exc)
  File "C:\Users\User\OneDrive\Desktop\computer_science\work\GenericWeb\backend\venv\Lib\site-packages\rest_framework\views.py", line 480, in raise_uncaught_exception
    raise exc
  File "C:\Users\User\OneDrive\Desktop\computer_science\work\GenericWeb\backend\venv\Lib\site-packages\rest_framework\views.py", line 506, in dispatch
    response = handler(request, *args, **kwargs)
               ^^^^^^^^^^^^^^^^^^^^^^^^^^^^^^^^^
  File "C:\Users\User\OneDrive\Desktop\computer_science\work\GenericWeb\backend\venv\Lib\site-packages\rest_framework\decorators.py", line 50, in handler
    return func(*args, **kwargs)
           ^^^^^^^^^^^^^^^^^^^^^
  File "C:\Users\User\OneDrive\Desktop\computer_science\work\GenericWeb\backend\generic3\users\views.py", line 188, in user_detail
    clinic_id = get_clinic_id_for_user(current_user , site=site)
                ^^^^^^^^^^^^^^^^^^^^^^^^^^^^^^^^^^^^^^^^^^^^^^^^
  File "C:\Users\User\OneDrive\Desktop\computer_science\work\GenericWeb\backend\generic3\generic3\utils.py", line 54, in get_clinic_id_for_user
    doctor = Doctor.objects.get(user=user)
             ^^^^^^^^^^^^^^^^^^^^^^^^^^^^^
  File "C:\Users\User\OneDrive\Desktop\computer_science\work\GenericWeb\backend\venv\Lib\site-packages\django\db\models\manager.py", line 87, in manager_method
    return getattr(self.get_queryset(), name)(*args, **kwargs)
           ^^^^^^^^^^^^^^^^^^^^^^^^^^^^^^^^^^^^^^^^^^^^^^^^^^^
  File "C:\Users\User\OneDrive\Desktop\computer_science\work\GenericWeb\backend\venv\Lib\site-packages\django\db\models\query.py", line 637, in get
    raise self.model.DoesNotExist(
users.models.Doctor.DoesNotExist: Doctor matching query does not exist.
Internal Server Error: /api/v1/users/me/
Traceback (most recent call last):
  File "C:\Users\User\OneDrive\Desktop\computer_science\work\GenericWeb\backend\venv\Lib\site-packages\django\core\handlers\exception.py", line 55, in inner
    response = get_response(request)
               ^^^^^^^^^^^^^^^^^^^^^
  File "C:\Users\User\OneDrive\Desktop\computer_science\work\GenericWeb\backend\venv\Lib\site-packages\django\core\handlers\base.py", line 197, in _get_response
    response = wrapped_callback(request, *callback_args, **callback_kwargs)
               ^^^^^^^^^^^^^^^^^^^^^^^^^^^^^^^^^^^^^^^^^^^^^^^^^^^^^^^^^^^^
  File "C:\Users\User\OneDrive\Desktop\computer_science\work\GenericWeb\backend\venv\Lib\site-packages\django\views\decorators\csrf.py", line 56, in wrapper_view
    return view_func(*args, **kwargs)
           ^^^^^^^^^^^^^^^^^^^^^^^^^^
  File "C:\Users\User\OneDrive\Desktop\computer_science\work\GenericWeb\backend\venv\Lib\site-packages\django\views\generic\base.py", line 104, in view
    return self.dispatch(request, *args, **kwargs)
           ^^^^^^^^^^^^^^^^^^^^^^^^^^^^^^^^^^^^^^^
  File "C:\Users\User\OneDrive\Desktop\computer_science\work\GenericWeb\backend\venv\Lib\site-packages\rest_framework\views.py", line 509, in dispatch
    response = self.handle_exception(exc)
               ^^^^^^^^^^^^^^^^^^^^^^^^^^
  File "C:\Users\User\OneDrive\Desktop\computer_science\work\GenericWeb\backend\venv\Lib\site-packages\rest_framework\views.py", line 469, in handle_exception
    self.raise_uncaught_exception(exc)
  File "C:\Users\User\OneDrive\Desktop\computer_science\work\GenericWeb\backend\venv\Lib\site-packages\rest_framework\views.py", line 480, in raise_uncaught_exception
    raise exc
  File "C:\Users\User\OneDrive\Desktop\computer_science\work\GenericWeb\backend\venv\Lib\site-packages\rest_framework\views.py", line 506, in dispatch
    response = handler(request, *args, **kwargs)
               ^^^^^^^^^^^^^^^^^^^^^^^^^^^^^^^^^
  File "C:\Users\User\OneDrive\Desktop\computer_science\work\GenericWeb\backend\venv\Lib\site-packages\rest_framework\decorators.py", line 50, in handler
    return func(*args, **kwargs)
           ^^^^^^^^^^^^^^^^^^^^^
  File "C:\Users\User\OneDrive\Desktop\computer_science\work\GenericWeb\backend\generic3\users\views.py", line 287, in current_user
    clinic_id = get_clinic_id_for_user(user, site=site)
                ^^^^^^^^^^^^^^^^^^^^^^^^^^^^^^^^^^^^^^^
  File "C:\Users\User\OneDrive\Desktop\computer_science\work\GenericWeb\backend\generic3\generic3\utils.py", line 54, in get_clinic_id_for_user
    doctor = Doctor.objects.get(user=user)
             ^^^^^^^^^^^^^^^^^^^^^^^^^^^^^
  File "C:\Users\User\OneDrive\Desktop\computer_science\work\GenericWeb\backend\venv\Lib\site-packages\django\db\models\manager.py", line 87, in manager_method
    return getattr(self.get_queryset(), name)(*args, **kwargs)
           ^^^^^^^^^^^^^^^^^^^^^^^^^^^^^^^^^^^^^^^^^^^^^^^^^^^
  File "C:\Users\User\OneDrive\Desktop\computer_science\work\GenericWeb\backend\venv\Lib\site-packages\django\db\models\query.py", line 637, in get
    raise self.model.DoesNotExist(
users.models.Doctor.DoesNotExist: Doctor matching query does not exist.
Internal Server Error: /api/v1/users/1/
Traceback (most recent call last):
  File "C:\Users\User\OneDrive\Desktop\computer_science\work\GenericWeb\backend\venv\Lib\site-packages\django\core\handlers\exception.py", line 55, in inner
    response = get_response(request)
               ^^^^^^^^^^^^^^^^^^^^^
  File "C:\Users\User\OneDrive\Desktop\computer_science\work\GenericWeb\backend\venv\Lib\site-packages\django\core\handlers\base.py", line 197, in _get_response
    response = wrapped_callback(request, *callback_args, **callback_kwargs)
               ^^^^^^^^^^^^^^^^^^^^^^^^^^^^^^^^^^^^^^^^^^^^^^^^^^^^^^^^^^^^
  File "C:\Users\User\OneDrive\Desktop\computer_science\work\GenericWeb\backend\venv\Lib\site-packages\django\views\decorators\csrf.py", line 56, in wrapper_view
    return view_func(*args, **kwargs)
           ^^^^^^^^^^^^^^^^^^^^^^^^^^
  File "C:\Users\User\OneDrive\Desktop\computer_science\work\GenericWeb\backend\venv\Lib\site-packages\django\views\generic\base.py", line 104, in view
    return self.dispatch(request, *args, **kwargs)
           ^^^^^^^^^^^^^^^^^^^^^^^^^^^^^^^^^^^^^^^
  File "C:\Users\User\OneDrive\Desktop\computer_science\work\GenericWeb\backend\venv\Lib\site-packages\rest_framework\views.py", line 509, in dispatch
    response = self.handle_exception(exc)
               ^^^^^^^^^^^^^^^^^^^^^^^^^^
  File "C:\Users\User\OneDrive\Desktop\computer_science\work\GenericWeb\backend\venv\Lib\site-packages\rest_framework\views.py", line 469, in handle_exception
    self.raise_uncaught_exception(exc)
  File "C:\Users\User\OneDrive\Desktop\computer_science\work\GenericWeb\backend\venv\Lib\site-packages\rest_framework\views.py", line 480, in raise_uncaught_exception
    raise exc
  File "C:\Users\User\OneDrive\Desktop\computer_science\work\GenericWeb\backend\venv\Lib\site-packages\rest_framework\views.py", line 506, in dispatch
    response = handler(request, *args, **kwargs)
               ^^^^^^^^^^^^^^^^^^^^^^^^^^^^^^^^^
  File "C:\Users\User\OneDrive\Desktop\computer_science\work\GenericWeb\backend\venv\Lib\site-packages\rest_framework\decorators.py", line 50, in handler
    return func(*args, **kwargs)
           ^^^^^^^^^^^^^^^^^^^^^
  File "C:\Users\User\OneDrive\Desktop\computer_science\work\GenericWeb\backend\generic3\users\views.py", line 188, in user_detail
    clinic_id = get_clinic_id_for_user(current_user , site=site)
                ^^^^^^^^^^^^^^^^^^^^^^^^^^^^^^^^^^^^^^^^^^^^^^^^
  File "C:\Users\User\OneDrive\Desktop\computer_science\work\GenericWeb\backend\generic3\generic3\utils.py", line 54, in get_clinic_id_for_user
    doctor = Doctor.objects.get(user=user)
             ^^^^^^^^^^^^^^^^^^^^^^^^^^^^^
  File "C:\Users\User\OneDrive\Desktop\computer_science\work\GenericWeb\backend\venv\Lib\site-packages\django\db\models\manager.py", line 87, in manager_method
    return getattr(self.get_queryset(), name)(*args, **kwargs)
           ^^^^^^^^^^^^^^^^^^^^^^^^^^^^^^^^^^^^^^^^^^^^^^^^^^^
  File "C:\Users\User\OneDrive\Desktop\computer_science\work\GenericWeb\backend\venv\Lib\site-packages\django\db\models\query.py", line 637, in get
    raise self.model.DoesNotExist(
users.models.Doctor.DoesNotExist: Doctor matching query does not exist.
Internal Server Error: /api/v1/users/1/
Traceback (most recent call last):
  File "C:\Users\User\OneDrive\Desktop\computer_science\work\GenericWeb\backend\venv\Lib\site-packages\django\core\handlers\exception.py", line 55, in inner
    response = get_response(request)
               ^^^^^^^^^^^^^^^^^^^^^
  File "C:\Users\User\OneDrive\Desktop\computer_science\work\GenericWeb\backend\venv\Lib\site-packages\django\core\handlers\base.py", line 197, in _get_response
    response = wrapped_callback(request, *callback_args, **callback_kwargs)
               ^^^^^^^^^^^^^^^^^^^^^^^^^^^^^^^^^^^^^^^^^^^^^^^^^^^^^^^^^^^^
  File "C:\Users\User\OneDrive\Desktop\computer_science\work\GenericWeb\backend\venv\Lib\site-packages\django\views\decorators\csrf.py", line 56, in wrapper_view
    return view_func(*args, **kwargs)
           ^^^^^^^^^^^^^^^^^^^^^^^^^^
  File "C:\Users\User\OneDrive\Desktop\computer_science\work\GenericWeb\backend\venv\Lib\site-packages\django\views\generic\base.py", line 104, in view
    return self.dispatch(request, *args, **kwargs)
           ^^^^^^^^^^^^^^^^^^^^^^^^^^^^^^^^^^^^^^^
  File "C:\Users\User\OneDrive\Desktop\computer_science\work\GenericWeb\backend\venv\Lib\site-packages\rest_framework\views.py", line 509, in dispatch
    response = self.handle_exception(exc)
               ^^^^^^^^^^^^^^^^^^^^^^^^^^
  File "C:\Users\User\OneDrive\Desktop\computer_science\work\GenericWeb\backend\venv\Lib\site-packages\rest_framework\views.py", line 469, in handle_exception
    self.raise_uncaught_exception(exc)
  File "C:\Users\User\OneDrive\Desktop\computer_science\work\GenericWeb\backend\venv\Lib\site-packages\rest_framework\views.py", line 480, in raise_uncaught_exception
    raise exc
  File "C:\Users\User\OneDrive\Desktop\computer_science\work\GenericWeb\backend\venv\Lib\site-packages\rest_framework\views.py", line 506, in dispatch
    response = handler(request, *args, **kwargs)
               ^^^^^^^^^^^^^^^^^^^^^^^^^^^^^^^^^
  File "C:\Users\User\OneDrive\Desktop\computer_science\work\GenericWeb\backend\venv\Lib\site-packages\rest_framework\decorators.py", line 50, in handler
    return func(*args, **kwargs)
           ^^^^^^^^^^^^^^^^^^^^^
  File "C:\Users\User\OneDrive\Desktop\computer_science\work\GenericWeb\backend\generic3\users\views.py", line 188, in user_detail
    clinic_id = get_clinic_id_for_user(current_user , site=site)
                ^^^^^^^^^^^^^^^^^^^^^^^^^^^^^^^^^^^^^^^^^^^^^^^^
  File "C:\Users\User\OneDrive\Desktop\computer_science\work\GenericWeb\backend\generic3\generic3\utils.py", line 54, in get_clinic_id_for_user
    doctor = Doctor.objects.get(user=user)
             ^^^^^^^^^^^^^^^^^^^^^^^^^^^^^
  File "C:\Users\User\OneDrive\Desktop\computer_science\work\GenericWeb\backend\venv\Lib\site-packages\django\db\models\manager.py", line 87, in manager_method
    return getattr(self.get_queryset(), name)(*args, **kwargs)
           ^^^^^^^^^^^^^^^^^^^^^^^^^^^^^^^^^^^^^^^^^^^^^^^^^^^
  File "C:\Users\User\OneDrive\Desktop\computer_science\work\GenericWeb\backend\venv\Lib\site-packages\django\db\models\query.py", line 637, in get
    raise self.model.DoesNotExist(
users.models.Doctor.DoesNotExist: Doctor matching query does not exist.
Internal Server Error: /api/v1/users/1/
Traceback (most recent call last):
  File "C:\Users\User\OneDrive\Desktop\computer_science\work\GenericWeb\backend\venv\Lib\site-packages\django\core\handlers\exception.py", line 55, in inner
    response = get_response(request)
               ^^^^^^^^^^^^^^^^^^^^^
  File "C:\Users\User\OneDrive\Desktop\computer_science\work\GenericWeb\backend\venv\Lib\site-packages\django\core\handlers\base.py", line 197, in _get_response
    response = wrapped_callback(request, *callback_args, **callback_kwargs)
               ^^^^^^^^^^^^^^^^^^^^^^^^^^^^^^^^^^^^^^^^^^^^^^^^^^^^^^^^^^^^
  File "C:\Users\User\OneDrive\Desktop\computer_science\work\GenericWeb\backend\venv\Lib\site-packages\django\views\decorators\csrf.py", line 56, in wrapper_view
    return view_func(*args, **kwargs)
           ^^^^^^^^^^^^^^^^^^^^^^^^^^
  File "C:\Users\User\OneDrive\Desktop\computer_science\work\GenericWeb\backend\venv\Lib\site-packages\django\views\generic\base.py", line 104, in view
    return self.dispatch(request, *args, **kwargs)
           ^^^^^^^^^^^^^^^^^^^^^^^^^^^^^^^^^^^^^^^
  File "C:\Users\User\OneDrive\Desktop\computer_science\work\GenericWeb\backend\venv\Lib\site-packages\rest_framework\views.py", line 509, in dispatch
    response = self.handle_exception(exc)
               ^^^^^^^^^^^^^^^^^^^^^^^^^^
  File "C:\Users\User\OneDrive\Desktop\computer_science\work\GenericWeb\backend\venv\Lib\site-packages\rest_framework\views.py", line 469, in handle_exception
    self.raise_uncaught_exception(exc)
  File "C:\Users\User\OneDrive\Desktop\computer_science\work\GenericWeb\backend\venv\Lib\site-packages\rest_framework\views.py", line 480, in raise_uncaught_exception
    raise exc
  File "C:\Users\User\OneDrive\Desktop\computer_science\work\GenericWeb\backend\venv\Lib\site-packages\rest_framework\views.py", line 506, in dispatch
    response = handler(request, *args, **kwargs)
               ^^^^^^^^^^^^^^^^^^^^^^^^^^^^^^^^^
  File "C:\Users\User\OneDrive\Desktop\computer_science\work\GenericWeb\backend\venv\Lib\site-packages\rest_framework\decorators.py", line 50, in handler
    return func(*args, **kwargs)
           ^^^^^^^^^^^^^^^^^^^^^
  File "C:\Users\User\OneDrive\Desktop\computer_science\work\GenericWeb\backend\generic3\users\views.py", line 188, in user_detail
    clinic_id = get_clinic_id_for_user(current_user , site=site)
                ^^^^^^^^^^^^^^^^^^^^^^^^^^^^^^^^^^^^^^^^^^^^^^^^
  File "C:\Users\User\OneDrive\Desktop\computer_science\work\GenericWeb\backend\generic3\generic3\utils.py", line 54, in get_clinic_id_for_user
    doctor = Doctor.objects.get(user=user)
             ^^^^^^^^^^^^^^^^^^^^^^^^^^^^^
  File "C:\Users\User\OneDrive\Desktop\computer_science\work\GenericWeb\backend\venv\Lib\site-packages\django\db\models\manager.py", line 87, in manager_method
    return getattr(self.get_queryset(), name)(*args, **kwargs)
           ^^^^^^^^^^^^^^^^^^^^^^^^^^^^^^^^^^^^^^^^^^^^^^^^^^^
  File "C:\Users\User\OneDrive\Desktop\computer_science\work\GenericWeb\backend\venv\Lib\site-packages\django\db\models\query.py", line 637, in get
    raise self.model.DoesNotExist(
users.models.Doctor.DoesNotExist: Doctor matching query does not exist.
Internal Server Error: /api/v1/users/1/
Traceback (most recent call last):
  File "C:\Users\User\OneDrive\Desktop\computer_science\work\GenericWeb\backend\venv\Lib\site-packages\django\core\handlers\exception.py", line 55, in inner
    response = get_response(request)
               ^^^^^^^^^^^^^^^^^^^^^
  File "C:\Users\User\OneDrive\Desktop\computer_science\work\GenericWeb\backend\venv\Lib\site-packages\django\core\handlers\base.py", line 197, in _get_response
    response = wrapped_callback(request, *callback_args, **callback_kwargs)
               ^^^^^^^^^^^^^^^^^^^^^^^^^^^^^^^^^^^^^^^^^^^^^^^^^^^^^^^^^^^^
  File "C:\Users\User\OneDrive\Desktop\computer_science\work\GenericWeb\backend\venv\Lib\site-packages\django\views\decorators\csrf.py", line 56, in wrapper_view
    return view_func(*args, **kwargs)
           ^^^^^^^^^^^^^^^^^^^^^^^^^^
  File "C:\Users\User\OneDrive\Desktop\computer_science\work\GenericWeb\backend\venv\Lib\site-packages\django\views\generic\base.py", line 104, in view
    return self.dispatch(request, *args, **kwargs)
           ^^^^^^^^^^^^^^^^^^^^^^^^^^^^^^^^^^^^^^^
  File "C:\Users\User\OneDrive\Desktop\computer_science\work\GenericWeb\backend\venv\Lib\site-packages\rest_framework\views.py", line 509, in dispatch
    response = self.handle_exception(exc)
               ^^^^^^^^^^^^^^^^^^^^^^^^^^
  File "C:\Users\User\OneDrive\Desktop\computer_science\work\GenericWeb\backend\venv\Lib\site-packages\rest_framework\views.py", line 469, in handle_exception
    self.raise_uncaught_exception(exc)
  File "C:\Users\User\OneDrive\Desktop\computer_science\work\GenericWeb\backend\venv\Lib\site-packages\rest_framework\views.py", line 480, in raise_uncaught_exception
    raise exc
  File "C:\Users\User\OneDrive\Desktop\computer_science\work\GenericWeb\backend\venv\Lib\site-packages\rest_framework\views.py", line 506, in dispatch
    response = handler(request, *args, **kwargs)
               ^^^^^^^^^^^^^^^^^^^^^^^^^^^^^^^^^
  File "C:\Users\User\OneDrive\Desktop\computer_science\work\GenericWeb\backend\venv\Lib\site-packages\rest_framework\decorators.py", line 50, in handler
    return func(*args, **kwargs)
           ^^^^^^^^^^^^^^^^^^^^^
  File "C:\Users\User\OneDrive\Desktop\computer_science\work\GenericWeb\backend\generic3\users\views.py", line 188, in user_detail
    clinic_id = get_clinic_id_for_user(current_user , site=site)
                ^^^^^^^^^^^^^^^^^^^^^^^^^^^^^^^^^^^^^^^^^^^^^^^^
  File "C:\Users\User\OneDrive\Desktop\computer_science\work\GenericWeb\backend\generic3\generic3\utils.py", line 54, in get_clinic_id_for_user
    doctor = Doctor.objects.get(user=user)
             ^^^^^^^^^^^^^^^^^^^^^^^^^^^^^
  File "C:\Users\User\OneDrive\Desktop\computer_science\work\GenericWeb\backend\venv\Lib\site-packages\django\db\models\manager.py", line 87, in manager_method
    return getattr(self.get_queryset(), name)(*args, **kwargs)
           ^^^^^^^^^^^^^^^^^^^^^^^^^^^^^^^^^^^^^^^^^^^^^^^^^^^
  File "C:\Users\User\OneDrive\Desktop\computer_science\work\GenericWeb\backend\venv\Lib\site-packages\django\db\models\query.py", line 637, in get
    raise self.model.DoesNotExist(
users.models.Doctor.DoesNotExist: Doctor matching query does not exist.
Bad Request: /api/v1/users/2/
Bad Request: /api/v1/users/2/
Internal Server Error: /api/v1/users/2/
Traceback (most recent call last):
  File "C:\Users\User\OneDrive\Desktop\computer_science\work\GenericWeb\backend\venv\Lib\site-packages\django\core\handlers\exception.py", line 55, in inner
    response = get_response(request)
               ^^^^^^^^^^^^^^^^^^^^^
  File "C:\Users\User\OneDrive\Desktop\computer_science\work\GenericWeb\backend\venv\Lib\site-packages\django\core\handlers\base.py", line 197, in _get_response
    response = wrapped_callback(request, *callback_args, **callback_kwargs)
               ^^^^^^^^^^^^^^^^^^^^^^^^^^^^^^^^^^^^^^^^^^^^^^^^^^^^^^^^^^^^
  File "C:\Users\User\OneDrive\Desktop\computer_science\work\GenericWeb\backend\venv\Lib\site-packages\django\views\decorators\csrf.py", line 56, in wrapper_view
    return view_func(*args, **kwargs)
           ^^^^^^^^^^^^^^^^^^^^^^^^^^
  File "C:\Users\User\OneDrive\Desktop\computer_science\work\GenericWeb\backend\venv\Lib\site-packages\django\views\generic\base.py", line 104, in view
    return self.dispatch(request, *args, **kwargs)
           ^^^^^^^^^^^^^^^^^^^^^^^^^^^^^^^^^^^^^^^
  File "C:\Users\User\OneDrive\Desktop\computer_science\work\GenericWeb\backend\venv\Lib\site-packages\rest_framework\views.py", line 509, in dispatch
    response = self.handle_exception(exc)
               ^^^^^^^^^^^^^^^^^^^^^^^^^^
  File "C:\Users\User\OneDrive\Desktop\computer_science\work\GenericWeb\backend\venv\Lib\site-packages\rest_framework\views.py", line 469, in handle_exception
    self.raise_uncaught_exception(exc)
  File "C:\Users\User\OneDrive\Desktop\computer_science\work\GenericWeb\backend\venv\Lib\site-packages\rest_framework\views.py", line 480, in raise_uncaught_exception
    raise exc
  File "C:\Users\User\OneDrive\Desktop\computer_science\work\GenericWeb\backend\venv\Lib\site-packages\rest_framework\views.py", line 506, in dispatch
    response = handler(request, *args, **kwargs)
               ^^^^^^^^^^^^^^^^^^^^^^^^^^^^^^^^^
  File "C:\Users\User\OneDrive\Desktop\computer_science\work\GenericWeb\backend\venv\Lib\site-packages\rest_framework\decorators.py", line 50, in handler
    return func(*args, **kwargs)
           ^^^^^^^^^^^^^^^^^^^^^
  File "C:\Users\User\OneDrive\Desktop\computer_science\work\GenericWeb\backend\generic3\users\views.py", line 188, in user_detail
    clinic_id = get_clinic_id_for_user(current_user , site=site)
                ^^^^^^^^^^^^^^^^^^^^^^^^^^^^^^^^^^^^^^^^^^^^^^^^
  File "C:\Users\User\OneDrive\Desktop\computer_science\work\GenericWeb\backend\generic3\generic3\utils.py", line 57, in get_clinic_id_for_user
    patient = Patient.objects.get(user=user)
              ^^^^^^^^^^^^^^^^^^^^^^^^^^^^^^
  File "C:\Users\User\OneDrive\Desktop\computer_science\work\GenericWeb\backend\venv\Lib\site-packages\django\db\models\manager.py", line 87, in manager_method
    return getattr(self.get_queryset(), name)(*args, **kwargs)
           ^^^^^^^^^^^^^^^^^^^^^^^^^^^^^^^^^^^^^^^^^^^^^^^^^^^
  File "C:\Users\User\OneDrive\Desktop\computer_science\work\GenericWeb\backend\venv\Lib\site-packages\django\db\models\query.py", line 637, in get
    raise self.model.DoesNotExist(
users.models.Patient.DoesNotExist: Patient matching query does not exist.
Internal Server Error: /api/v1/users/
Traceback (most recent call last):
  File "C:\Users\User\OneDrive\Desktop\computer_science\work\GenericWeb\backend\venv\Lib\site-packages\django\core\handlers\exception.py", line 55, in inner
    response = get_response(request)
               ^^^^^^^^^^^^^^^^^^^^^
  File "C:\Users\User\OneDrive\Desktop\computer_science\work\GenericWeb\backend\venv\Lib\site-packages\django\core\handlers\base.py", line 197, in _get_response
    response = wrapped_callback(request, *callback_args, **callback_kwargs)
               ^^^^^^^^^^^^^^^^^^^^^^^^^^^^^^^^^^^^^^^^^^^^^^^^^^^^^^^^^^^^
  File "C:\Users\User\OneDrive\Desktop\computer_science\work\GenericWeb\backend\venv\Lib\site-packages\django\views\decorators\csrf.py", line 56, in wrapper_view
    return view_func(*args, **kwargs)
           ^^^^^^^^^^^^^^^^^^^^^^^^^^
  File "C:\Users\User\OneDrive\Desktop\computer_science\work\GenericWeb\backend\venv\Lib\site-packages\django\views\generic\base.py", line 104, in view
    return self.dispatch(request, *args, **kwargs)
           ^^^^^^^^^^^^^^^^^^^^^^^^^^^^^^^^^^^^^^^
  File "C:\Users\User\OneDrive\Desktop\computer_science\work\GenericWeb\backend\venv\Lib\site-packages\rest_framework\views.py", line 511, in dispatch
    self.response = self.finalize_response(request, response, *args, **kwargs)
                    ^^^^^^^^^^^^^^^^^^^^^^^^^^^^^^^^^^^^^^^^^^^^^^^^^^^^^^^^^^
  File "C:\Users\User\OneDrive\Desktop\computer_science\work\GenericWeb\backend\venv\Lib\site-packages\rest_framework\views.py", line 423, in finalize_response
    assert isinstance(response, HttpResponseBase), (
           ^^^^^^^^^^^^^^^^^^^^^^^^^^^^^^^^^^^^^^
AssertionError: Expected a `Response`, `HttpResponse` or `HttpStreamingResponse` to be returned from the view, but received a `<class 'unittest.mock.MagicMock'>`
Forbidden: /api/v1/clinics/
Unauthorized: /api/v1/clinics/
Internal Server Error: /api/v1/clinics/
Internal Server Error: /api/v1/clinics/
Internal Server Error: /api/v1/clinics/
Bad Request: /api/v1/clinics/
Bad Request: /api/v1/clinics/
Bad Request: /api/v1/clinics/
Internal Server Error: /api/v1/clinics/
Forbidden: /api/v1/clinics/
Internal Server Error: /api/v1/clinics/1/
Not Found: /api/v1/clinics/99999/
Forbidden: /api/v1/clinics/1/
Internal Server Error: /api/v1/users/
Traceback (most recent call last):
  File "C:\Users\User\OneDrive\Desktop\computer_science\work\GenericWeb\backend\venv\Lib\site-packages\django\core\handlers\exception.py", line 55, in inner
    response = get_response(request)
               ^^^^^^^^^^^^^^^^^^^^^
  File "C:\Users\User\OneDrive\Desktop\computer_science\work\GenericWeb\backend\venv\Lib\site-packages\django\core\handlers\base.py", line 197, in _get_response
    response = wrapped_callback(request, *callback_args, **callback_kwargs)
               ^^^^^^^^^^^^^^^^^^^^^^^^^^^^^^^^^^^^^^^^^^^^^^^^^^^^^^^^^^^^
  File "C:\Users\User\OneDrive\Desktop\computer_science\work\GenericWeb\backend\venv\Lib\site-packages\django\views\decorators\csrf.py", line 56, in wrapper_view
    return view_func(*args, **kwargs)
           ^^^^^^^^^^^^^^^^^^^^^^^^^^
  File "C:\Users\User\OneDrive\Desktop\computer_science\work\GenericWeb\backend\venv\Lib\site-packages\django\views\generic\base.py", line 104, in view
    return self.dispatch(request, *args, **kwargs)
           ^^^^^^^^^^^^^^^^^^^^^^^^^^^^^^^^^^^^^^^
  File "C:\Users\User\OneDrive\Desktop\computer_science\work\GenericWeb\backend\venv\Lib\site-packages\rest_framework\views.py", line 511, in dispatch
    self.response = self.finalize_response(request, response, *args, **kwargs)
                    ^^^^^^^^^^^^^^^^^^^^^^^^^^^^^^^^^^^^^^^^^^^^^^^^^^^^^^^^^^
  File "C:\Users\User\OneDrive\Desktop\computer_science\work\GenericWeb\backend\venv\Lib\site-packages\rest_framework\views.py", line 423, in finalize_response
    assert isinstance(response, HttpResponseBase), (
           ^^^^^^^^^^^^^^^^^^^^^^^^^^^^^^^^^^^^^^
AssertionError: Expected a `Response`, `HttpResponse` or `HttpStreamingResponse` to be returned from the view, but received a `<class 'unittest.mock.MagicMock'>`
Unauthorized: /api/v1/auth/sessions/
Bad Request: /api/v1/auth/sessions/
Bad Request: /api/v1/auth/sessions/
Internal Server Error: /api/v1/auth/sessions/
Traceback (most recent call last):
  File "C:\Users\User\OneDrive\Desktop\computer_science\work\GenericWeb\backend\venv\Lib\site-packages\django\core\handlers\exception.py", line 55, in inner
    response = get_response(request)
               ^^^^^^^^^^^^^^^^^^^^^
  File "C:\Users\User\OneDrive\Desktop\computer_science\work\GenericWeb\backend\venv\Lib\site-packages\django\core\handlers\base.py", line 197, in _get_response
    response = wrapped_callback(request, *callback_args, **callback_kwargs)
               ^^^^^^^^^^^^^^^^^^^^^^^^^^^^^^^^^^^^^^^^^^^^^^^^^^^^^^^^^^^^
  File "C:\Users\User\OneDrive\Desktop\computer_science\work\GenericWeb\backend\venv\Lib\site-packages\django\views\decorators\csrf.py", line 56, in wrapper_view
    return view_func(*args, **kwargs)
           ^^^^^^^^^^^^^^^^^^^^^^^^^^
  File "C:\Users\User\OneDrive\Desktop\computer_science\work\GenericWeb\backend\venv\Lib\site-packages\django\views\generic\base.py", line 104, in view
    return self.dispatch(request, *args, **kwargs)
           ^^^^^^^^^^^^^^^^^^^^^^^^^^^^^^^^^^^^^^^
  File "C:\Users\User\OneDrive\Desktop\computer_science\work\GenericWeb\backend\venv\Lib\site-packages\rest_framework\views.py", line 509, in dispatch
    response = self.handle_exception(exc)
               ^^^^^^^^^^^^^^^^^^^^^^^^^^
  File "C:\Users\User\OneDrive\Desktop\computer_science\work\GenericWeb\backend\venv\Lib\site-packages\rest_framework\views.py", line 469, in handle_exception
    self.raise_uncaught_exception(exc)
  File "C:\Users\User\OneDrive\Desktop\computer_science\work\GenericWeb\backend\venv\Lib\site-packages\rest_framework\views.py", line 480, in raise_uncaught_exception
    raise exc
  File "C:\Users\User\OneDrive\Desktop\computer_science\work\GenericWeb\backend\venv\Lib\site-packages\rest_framework\views.py", line 506, in dispatch
    response = handler(request, *args, **kwargs)
               ^^^^^^^^^^^^^^^^^^^^^^^^^^^^^^^^^
  File "C:\Users\User\OneDrive\Desktop\computer_science\work\GenericWeb\backend\generic3\authentication\views.py", line 61, in post
    clinic_id = get_clinic_id_for_user(user , site=site)
                ^^^^^^^^^^^^^^^^^^^^^^^^^^^^^^^^^^^^^^^^
  File "C:\Users\User\OneDrive\Desktop\computer_science\work\GenericWeb\backend\generic3\generic3\utils.py", line 73, in get_clinic_id_for_user
    clinic_id = clinics_id[0]
                ~~~~~~~~~~^^^
  File "C:\Users\User\OneDrive\Desktop\computer_science\work\GenericWeb\backend\venv\Lib\site-packages\django\db\models\query.py", line 432, in __getitem__
    return self._result_cache[k]
           ~~~~~~~~~~~~~~~~~~^^^
IndexError: list index out of range
Bad Request: /api/v1/auth/sessions/
Unauthorized: /api/v1/auth/tokens/refresh/
Unauthorized: /api/v1/auth/tokens/refresh/
Unauthorized: /api/v1/auth/2fa/
Bad Request: /api/v1/auth/2fa/
Bad Request: /api/v1/auth/2fa/verify/
Bad Request: /api/v1/auth/2fa/verify/
Bad Request: /api/v1/auth/2fa/verify/
Bad Request: /api/v1/auth/2fa/verify/
Bad Request: /api/v1/auth/2fa/verify/
Bad Request: /api/v1/auth/2fa/verify/
Unauthorized: /api/v1/auth/password/
Unauthorized: /api/v1/auth/password/
Bad Request: /api/v1/auth/password/
Bad Request: /api/v1/auth/password/
Bad Request: /api/v1/auth/password/
Bad Request: /api/v1/auth/password/
Bad Request: /api/v1/auth/password/
Bad Request: /api/v1/auth/password/
Bad Request: /api/v1/auth/password/
Bad Request: /api/v1/auth/password/
Unauthorized: /api/v1/auth/users/1/qr-code/
Forbidden: /api/v1/auth/users/2/qr-code/
Not Found: /api/v1/auth/users/99999/qr-code/
Unauthorized: /api/v1/users/me/
Internal Server Error: /api/v1/auth/sessions/
Traceback (most recent call last):
  File "C:\Users\User\OneDrive\Desktop\computer_science\work\GenericWeb\backend\venv\Lib\site-packages\django\core\handlers\exception.py", line 55, in inner
    response = get_response(request)
               ^^^^^^^^^^^^^^^^^^^^^
  File "C:\Users\User\OneDrive\Desktop\computer_science\work\GenericWeb\backend\venv\Lib\site-packages\django\core\handlers\base.py", line 197, in _get_response
    response = wrapped_callback(request, *callback_args, **callback_kwargs)
               ^^^^^^^^^^^^^^^^^^^^^^^^^^^^^^^^^^^^^^^^^^^^^^^^^^^^^^^^^^^^
  File "C:\Users\User\OneDrive\Desktop\computer_science\work\GenericWeb\backend\venv\Lib\site-packages\django\views\decorators\csrf.py", line 56, in wrapper_view
    return view_func(*args, **kwargs)
           ^^^^^^^^^^^^^^^^^^^^^^^^^^
  File "C:\Users\User\OneDrive\Desktop\computer_science\work\GenericWeb\backend\venv\Lib\site-packages\django\views\generic\base.py", line 104, in view
    return self.dispatch(request, *args, **kwargs)
           ^^^^^^^^^^^^^^^^^^^^^^^^^^^^^^^^^^^^^^^
  File "C:\Users\User\OneDrive\Desktop\computer_science\work\GenericWeb\backend\venv\Lib\site-packages\rest_framework\views.py", line 509, in dispatch
    response = self.handle_exception(exc)
               ^^^^^^^^^^^^^^^^^^^^^^^^^^
  File "C:\Users\User\OneDrive\Desktop\computer_science\work\GenericWeb\backend\venv\Lib\site-packages\rest_framework\views.py", line 469, in handle_exception
    self.raise_uncaught_exception(exc)
  File "C:\Users\User\OneDrive\Desktop\computer_science\work\GenericWeb\backend\venv\Lib\site-packages\rest_framework\views.py", line 480, in raise_uncaught_exception
    raise exc
  File "C:\Users\User\OneDrive\Desktop\computer_science\work\GenericWeb\backend\venv\Lib\site-packages\rest_framework\views.py", line 506, in dispatch
    response = handler(request, *args, **kwargs)
               ^^^^^^^^^^^^^^^^^^^^^^^^^^^^^^^^^
  File "C:\Users\User\OneDrive\Desktop\computer_science\work\GenericWeb\backend\generic3\authentication\views.py", line 61, in post
    clinic_id = get_clinic_id_for_user(user , site=site)
                ^^^^^^^^^^^^^^^^^^^^^^^^^^^^^^^^^^^^^^^^
  File "C:\Users\User\OneDrive\Desktop\computer_science\work\GenericWeb\backend\generic3\generic3\utils.py", line 57, in get_clinic_id_for_user
    patient = Patient.objects.get(user=user)
              ^^^^^^^^^^^^^^^^^^^^^^^^^^^^^^
  File "C:\Users\User\OneDrive\Desktop\computer_science\work\GenericWeb\backend\venv\Lib\site-packages\django\db\models\manager.py", line 87, in manager_method
    return getattr(self.get_queryset(), name)(*args, **kwargs)
           ^^^^^^^^^^^^^^^^^^^^^^^^^^^^^^^^^^^^^^^^^^^^^^^^^^^
  File "C:\Users\User\OneDrive\Desktop\computer_science\work\GenericWeb\backend\venv\Lib\site-packages\django\db\models\query.py", line 637, in get
    raise self.model.DoesNotExist(
users.models.Patient.DoesNotExist: Patient matching query does not exist.
Forbidden: /api/v1/users/
Unauthorized: /api/v1/users/
Forbidden: /api/v1/users/
Internal Server Error: /api/v1/users/
Bad Request: /api/v1/users/
Forbidden: /api/v1/users/
Internal Server Error: /api/v1/users/1/
Traceback (most recent call last):
  File "C:\Users\User\OneDrive\Desktop\computer_science\work\GenericWeb\backend\venv\Lib\site-packages\django\core\handlers\exception.py", line 55, in inner
    response = get_response(request)
               ^^^^^^^^^^^^^^^^^^^^^
  File "C:\Users\User\OneDrive\Desktop\computer_science\work\GenericWeb\backend\venv\Lib\site-packages\django\core\handlers\base.py", line 197, in _get_response
    response = wrapped_callback(request, *callback_args, **callback_kwargs)
               ^^^^^^^^^^^^^^^^^^^^^^^^^^^^^^^^^^^^^^^^^^^^^^^^^^^^^^^^^^^^
  File "C:\Users\User\OneDrive\Desktop\computer_science\work\GenericWeb\backend\venv\Lib\site-packages\django\views\decorators\csrf.py", line 56, in wrapper_view
    return view_func(*args, **kwargs)
           ^^^^^^^^^^^^^^^^^^^^^^^^^^
  File "C:\Users\User\OneDrive\Desktop\computer_science\work\GenericWeb\backend\venv\Lib\site-packages\django\views\generic\base.py", line 104, in view
    return self.dispatch(request, *args, **kwargs)
           ^^^^^^^^^^^^^^^^^^^^^^^^^^^^^^^^^^^^^^^
  File "C:\Users\User\OneDrive\Desktop\computer_science\work\GenericWeb\backend\venv\Lib\site-packages\rest_framework\views.py", line 509, in dispatch
    response = self.handle_exception(exc)
               ^^^^^^^^^^^^^^^^^^^^^^^^^^
  File "C:\Users\User\OneDrive\Desktop\computer_science\work\GenericWeb\backend\venv\Lib\site-packages\rest_framework\views.py", line 469, in handle_exception
    self.raise_uncaught_exception(exc)
  File "C:\Users\User\OneDrive\Desktop\computer_science\work\GenericWeb\backend\venv\Lib\site-packages\rest_framework\views.py", line 480, in raise_uncaught_exception
    raise exc
  File "C:\Users\User\OneDrive\Desktop\computer_science\work\GenericWeb\backend\venv\Lib\site-packages\rest_framework\views.py", line 506, in dispatch
    response = handler(request, *args, **kwargs)
               ^^^^^^^^^^^^^^^^^^^^^^^^^^^^^^^^^
  File "C:\Users\User\OneDrive\Desktop\computer_science\work\GenericWeb\backend\venv\Lib\site-packages\rest_framework\decorators.py", line 50, in handler
    return func(*args, **kwargs)
           ^^^^^^^^^^^^^^^^^^^^^
  File "C:\Users\User\OneDrive\Desktop\computer_science\work\GenericWeb\backend\generic3\users\views.py", line 188, in user_detail
    clinic_id = get_clinic_id_for_user(current_user , site=site)
                ^^^^^^^^^^^^^^^^^^^^^^^^^^^^^^^^^^^^^^^^^^^^^^^^
  File "C:\Users\User\OneDrive\Desktop\computer_science\work\GenericWeb\backend\generic3\generic3\utils.py", line 73, in get_clinic_id_for_user
    clinic_id = clinics_id[0]
                ~~~~~~~~~~^^^
  File "C:\Users\User\OneDrive\Desktop\computer_science\work\GenericWeb\backend\venv\Lib\site-packages\django\db\models\query.py", line 432, in __getitem__
    return self._result_cache[k]
           ~~~~~~~~~~~~~~~~~~^^^
IndexError: list index out of range
Internal Server Error: /api/v1/users/me/
Traceback (most recent call last):
  File "C:\Users\User\OneDrive\Desktop\computer_science\work\GenericWeb\backend\venv\Lib\site-packages\django\core\handlers\exception.py", line 55, in inner
    response = get_response(request)
               ^^^^^^^^^^^^^^^^^^^^^
  File "C:\Users\User\OneDrive\Desktop\computer_science\work\GenericWeb\backend\venv\Lib\site-packages\django\core\handlers\base.py", line 197, in _get_response
    response = wrapped_callback(request, *callback_args, **callback_kwargs)
               ^^^^^^^^^^^^^^^^^^^^^^^^^^^^^^^^^^^^^^^^^^^^^^^^^^^^^^^^^^^^
  File "C:\Users\User\OneDrive\Desktop\computer_science\work\GenericWeb\backend\venv\Lib\site-packages\django\views\decorators\csrf.py", line 56, in wrapper_view
    return view_func(*args, **kwargs)
           ^^^^^^^^^^^^^^^^^^^^^^^^^^
  File "C:\Users\User\OneDrive\Desktop\computer_science\work\GenericWeb\backend\venv\Lib\site-packages\django\views\generic\base.py", line 104, in view
    return self.dispatch(request, *args, **kwargs)
           ^^^^^^^^^^^^^^^^^^^^^^^^^^^^^^^^^^^^^^^
  File "C:\Users\User\OneDrive\Desktop\computer_science\work\GenericWeb\backend\venv\Lib\site-packages\rest_framework\views.py", line 509, in dispatch
    response = self.handle_exception(exc)
               ^^^^^^^^^^^^^^^^^^^^^^^^^^
  File "C:\Users\User\OneDrive\Desktop\computer_science\work\GenericWeb\backend\venv\Lib\site-packages\rest_framework\views.py", line 469, in handle_exception
    self.raise_uncaught_exception(exc)
  File "C:\Users\User\OneDrive\Desktop\computer_science\work\GenericWeb\backend\venv\Lib\site-packages\rest_framework\views.py", line 480, in raise_uncaught_exception
    raise exc
  File "C:\Users\User\OneDrive\Desktop\computer_science\work\GenericWeb\backend\venv\Lib\site-packages\rest_framework\views.py", line 506, in dispatch
    response = handler(request, *args, **kwargs)
               ^^^^^^^^^^^^^^^^^^^^^^^^^^^^^^^^^
  File "C:\Users\User\OneDrive\Desktop\computer_science\work\GenericWeb\backend\venv\Lib\site-packages\rest_framework\decorators.py", line 50, in handler
    return func(*args, **kwargs)
           ^^^^^^^^^^^^^^^^^^^^^
  File "C:\Users\User\OneDrive\Desktop\computer_science\work\GenericWeb\backend\generic3\users\views.py", line 287, in current_user
    clinic_id = get_clinic_id_for_user(user, site=site)
                ^^^^^^^^^^^^^^^^^^^^^^^^^^^^^^^^^^^^^^^
  File "C:\Users\User\OneDrive\Desktop\computer_science\work\GenericWeb\backend\generic3\generic3\utils.py", line 73, in get_clinic_id_for_user
    clinic_id = clinics_id[0]
                ~~~~~~~~~~^^^
  File "C:\Users\User\OneDrive\Desktop\computer_science\work\GenericWeb\backend\venv\Lib\site-packages\django\db\models\query.py", line 432, in __getitem__
    return self._result_cache[k]
           ~~~~~~~~~~~~~~~~~~^^^
IndexError: list index out of range
Internal Server Error: /api/v1/users/1/
Traceback (most recent call last):
  File "C:\Users\User\OneDrive\Desktop\computer_science\work\GenericWeb\backend\venv\Lib\site-packages\django\core\handlers\exception.py", line 55, in inner
    response = get_response(request)
               ^^^^^^^^^^^^^^^^^^^^^
  File "C:\Users\User\OneDrive\Desktop\computer_science\work\GenericWeb\backend\venv\Lib\site-packages\django\core\handlers\base.py", line 197, in _get_response
    response = wrapped_callback(request, *callback_args, **callback_kwargs)
               ^^^^^^^^^^^^^^^^^^^^^^^^^^^^^^^^^^^^^^^^^^^^^^^^^^^^^^^^^^^^
  File "C:\Users\User\OneDrive\Desktop\computer_science\work\GenericWeb\backend\venv\Lib\site-packages\django\views\decorators\csrf.py", line 56, in wrapper_view
    return view_func(*args, **kwargs)
           ^^^^^^^^^^^^^^^^^^^^^^^^^^
  File "C:\Users\User\OneDrive\Desktop\computer_science\work\GenericWeb\backend\venv\Lib\site-packages\django\views\generic\base.py", line 104, in view
    return self.dispatch(request, *args, **kwargs)
           ^^^^^^^^^^^^^^^^^^^^^^^^^^^^^^^^^^^^^^^
  File "C:\Users\User\OneDrive\Desktop\computer_science\work\GenericWeb\backend\venv\Lib\site-packages\rest_framework\views.py", line 509, in dispatch
    response = self.handle_exception(exc)
               ^^^^^^^^^^^^^^^^^^^^^^^^^^
  File "C:\Users\User\OneDrive\Desktop\computer_science\work\GenericWeb\backend\venv\Lib\site-packages\rest_framework\views.py", line 469, in handle_exception
    self.raise_uncaught_exception(exc)
  File "C:\Users\User\OneDrive\Desktop\computer_science\work\GenericWeb\backend\venv\Lib\site-packages\rest_framework\views.py", line 480, in raise_uncaught_exception
    raise exc
  File "C:\Users\User\OneDrive\Desktop\computer_science\work\GenericWeb\backend\venv\Lib\site-packages\rest_framework\views.py", line 506, in dispatch
    response = handler(request, *args, **kwargs)
               ^^^^^^^^^^^^^^^^^^^^^^^^^^^^^^^^^
  File "C:\Users\User\OneDrive\Desktop\computer_science\work\GenericWeb\backend\venv\Lib\site-packages\rest_framework\decorators.py", line 50, in handler
    return func(*args, **kwargs)
           ^^^^^^^^^^^^^^^^^^^^^
  File "C:\Users\User\OneDrive\Desktop\computer_science\work\GenericWeb\backend\generic3\users\views.py", line 188, in user_detail
    clinic_id = get_clinic_id_for_user(current_user , site=site)
                ^^^^^^^^^^^^^^^^^^^^^^^^^^^^^^^^^^^^^^^^^^^^^^^^
  File "C:\Users\User\OneDrive\Desktop\computer_science\work\GenericWeb\backend\generic3\generic3\utils.py", line 73, in get_clinic_id_for_user
    clinic_id = clinics_id[0]
                ~~~~~~~~~~^^^
  File "C:\Users\User\OneDrive\Desktop\computer_science\work\GenericWeb\backend\venv\Lib\site-packages\django\db\models\query.py", line 432, in __getitem__
    return self._result_cache[k]
           ~~~~~~~~~~~~~~~~~~^^^
IndexError: list index out of range
Internal Server Error: /api/v1/users/1/
Traceback (most recent call last):
  File "C:\Users\User\OneDrive\Desktop\computer_science\work\GenericWeb\backend\venv\Lib\site-packages\django\core\handlers\exception.py", line 55, in inner
    response = get_response(request)
               ^^^^^^^^^^^^^^^^^^^^^
  File "C:\Users\User\OneDrive\Desktop\computer_science\work\GenericWeb\backend\venv\Lib\site-packages\django\core\handlers\base.py", line 197, in _get_response
    response = wrapped_callback(request, *callback_args, **callback_kwargs)
               ^^^^^^^^^^^^^^^^^^^^^^^^^^^^^^^^^^^^^^^^^^^^^^^^^^^^^^^^^^^^
  File "C:\Users\User\OneDrive\Desktop\computer_science\work\GenericWeb\backend\venv\Lib\site-packages\django\views\decorators\csrf.py", line 56, in wrapper_view
    return view_func(*args, **kwargs)
           ^^^^^^^^^^^^^^^^^^^^^^^^^^
  File "C:\Users\User\OneDrive\Desktop\computer_science\work\GenericWeb\backend\venv\Lib\site-packages\django\views\generic\base.py", line 104, in view
    return self.dispatch(request, *args, **kwargs)
           ^^^^^^^^^^^^^^^^^^^^^^^^^^^^^^^^^^^^^^^
  File "C:\Users\User\OneDrive\Desktop\computer_science\work\GenericWeb\backend\venv\Lib\site-packages\rest_framework\views.py", line 509, in dispatch
    response = self.handle_exception(exc)
               ^^^^^^^^^^^^^^^^^^^^^^^^^^
  File "C:\Users\User\OneDrive\Desktop\computer_science\work\GenericWeb\backend\venv\Lib\site-packages\rest_framework\views.py", line 469, in handle_exception
    self.raise_uncaught_exception(exc)
  File "C:\Users\User\OneDrive\Desktop\computer_science\work\GenericWeb\backend\venv\Lib\site-packages\rest_framework\views.py", line 480, in raise_uncaught_exception
    raise exc
  File "C:\Users\User\OneDrive\Desktop\computer_science\work\GenericWeb\backend\venv\Lib\site-packages\rest_framework\views.py", line 506, in dispatch
    response = handler(request, *args, **kwargs)
               ^^^^^^^^^^^^^^^^^^^^^^^^^^^^^^^^^
  File "C:\Users\User\OneDrive\Desktop\computer_science\work\GenericWeb\backend\venv\Lib\site-packages\rest_framework\decorators.py", line 50, in handler
    return func(*args, **kwargs)
           ^^^^^^^^^^^^^^^^^^^^^
  File "C:\Users\User\OneDrive\Desktop\computer_science\work\GenericWeb\backend\generic3\users\views.py", line 188, in user_detail
    clinic_id = get_clinic_id_for_user(current_user , site=site)
                ^^^^^^^^^^^^^^^^^^^^^^^^^^^^^^^^^^^^^^^^^^^^^^^^
  File "C:\Users\User\OneDrive\Desktop\computer_science\work\GenericWeb\backend\generic3\generic3\utils.py", line 73, in get_clinic_id_for_user
    clinic_id = clinics_id[0]
                ~~~~~~~~~~^^^
  File "C:\Users\User\OneDrive\Desktop\computer_science\work\GenericWeb\backend\venv\Lib\site-packages\django\db\models\query.py", line 432, in __getitem__
    return self._result_cache[k]
           ~~~~~~~~~~~~~~~~~~^^^
IndexError: list index out of range
Internal Server Error: /api/v1/users/1/
Traceback (most recent call last):
  File "C:\Users\User\OneDrive\Desktop\computer_science\work\GenericWeb\backend\venv\Lib\site-packages\django\core\handlers\exception.py", line 55, in inner
    response = get_response(request)
               ^^^^^^^^^^^^^^^^^^^^^
  File "C:\Users\User\OneDrive\Desktop\computer_science\work\GenericWeb\backend\venv\Lib\site-packages\django\core\handlers\base.py", line 197, in _get_response
    response = wrapped_callback(request, *callback_args, **callback_kwargs)
               ^^^^^^^^^^^^^^^^^^^^^^^^^^^^^^^^^^^^^^^^^^^^^^^^^^^^^^^^^^^^
  File "C:\Users\User\OneDrive\Desktop\computer_science\work\GenericWeb\backend\venv\Lib\site-packages\django\views\decorators\csrf.py", line 56, in wrapper_view
    return view_func(*args, **kwargs)
           ^^^^^^^^^^^^^^^^^^^^^^^^^^
  File "C:\Users\User\OneDrive\Desktop\computer_science\work\GenericWeb\backend\venv\Lib\site-packages\django\views\generic\base.py", line 104, in view
    return self.dispatch(request, *args, **kwargs)
           ^^^^^^^^^^^^^^^^^^^^^^^^^^^^^^^^^^^^^^^
  File "C:\Users\User\OneDrive\Desktop\computer_science\work\GenericWeb\backend\venv\Lib\site-packages\rest_framework\views.py", line 509, in dispatch
    response = self.handle_exception(exc)
               ^^^^^^^^^^^^^^^^^^^^^^^^^^
  File "C:\Users\User\OneDrive\Desktop\computer_science\work\GenericWeb\backend\venv\Lib\site-packages\rest_framework\views.py", line 469, in handle_exception
    self.raise_uncaught_exception(exc)
  File "C:\Users\User\OneDrive\Desktop\computer_science\work\GenericWeb\backend\venv\Lib\site-packages\rest_framework\views.py", line 480, in raise_uncaught_exception
    raise exc
  File "C:\Users\User\OneDrive\Desktop\computer_science\work\GenericWeb\backend\venv\Lib\site-packages\rest_framework\views.py", line 506, in dispatch
    response = handler(request, *args, **kwargs)
               ^^^^^^^^^^^^^^^^^^^^^^^^^^^^^^^^^
  File "C:\Users\User\OneDrive\Desktop\computer_science\work\GenericWeb\backend\venv\Lib\site-packages\rest_framework\decorators.py", line 50, in handler
    return func(*args, **kwargs)
           ^^^^^^^^^^^^^^^^^^^^^
  File "C:\Users\User\OneDrive\Desktop\computer_science\work\GenericWeb\backend\generic3\users\views.py", line 188, in user_detail
    clinic_id = get_clinic_id_for_user(current_user , site=site)
                ^^^^^^^^^^^^^^^^^^^^^^^^^^^^^^^^^^^^^^^^^^^^^^^^
  File "C:\Users\User\OneDrive\Desktop\computer_science\work\GenericWeb\backend\generic3\generic3\utils.py", line 73, in get_clinic_id_for_user
    clinic_id = clinics_id[0]
                ~~~~~~~~~~^^^
  File "C:\Users\User\OneDrive\Desktop\computer_science\work\GenericWeb\backend\venv\Lib\site-packages\django\db\models\query.py", line 432, in __getitem__
    return self._result_cache[k]
           ~~~~~~~~~~~~~~~~~~^^^
IndexError: list index out of range
Internal Server Error: /api/v1/users/1/
Traceback (most recent call last):
  File "C:\Users\User\OneDrive\Desktop\computer_science\work\GenericWeb\backend\venv\Lib\site-packages\django\core\handlers\exception.py", line 55, in inner
    response = get_response(request)
               ^^^^^^^^^^^^^^^^^^^^^
  File "C:\Users\User\OneDrive\Desktop\computer_science\work\GenericWeb\backend\venv\Lib\site-packages\django\core\handlers\base.py", line 197, in _get_response
    response = wrapped_callback(request, *callback_args, **callback_kwargs)
               ^^^^^^^^^^^^^^^^^^^^^^^^^^^^^^^^^^^^^^^^^^^^^^^^^^^^^^^^^^^^
  File "C:\Users\User\OneDrive\Desktop\computer_science\work\GenericWeb\backend\venv\Lib\site-packages\django\views\decorators\csrf.py", line 56, in wrapper_view
    return view_func(*args, **kwargs)
           ^^^^^^^^^^^^^^^^^^^^^^^^^^
  File "C:\Users\User\OneDrive\Desktop\computer_science\work\GenericWeb\backend\venv\Lib\site-packages\django\views\generic\base.py", line 104, in view
    return self.dispatch(request, *args, **kwargs)
           ^^^^^^^^^^^^^^^^^^^^^^^^^^^^^^^^^^^^^^^
  File "C:\Users\User\OneDrive\Desktop\computer_science\work\GenericWeb\backend\venv\Lib\site-packages\rest_framework\views.py", line 509, in dispatch
    response = self.handle_exception(exc)
               ^^^^^^^^^^^^^^^^^^^^^^^^^^
  File "C:\Users\User\OneDrive\Desktop\computer_science\work\GenericWeb\backend\venv\Lib\site-packages\rest_framework\views.py", line 469, in handle_exception
    self.raise_uncaught_exception(exc)
  File "C:\Users\User\OneDrive\Desktop\computer_science\work\GenericWeb\backend\venv\Lib\site-packages\rest_framework\views.py", line 480, in raise_uncaught_exception
    raise exc
  File "C:\Users\User\OneDrive\Desktop\computer_science\work\GenericWeb\backend\venv\Lib\site-packages\rest_framework\views.py", line 506, in dispatch
    response = handler(request, *args, **kwargs)
               ^^^^^^^^^^^^^^^^^^^^^^^^^^^^^^^^^
  File "C:\Users\User\OneDrive\Desktop\computer_science\work\GenericWeb\backend\venv\Lib\site-packages\rest_framework\decorators.py", line 50, in handler
    return func(*args, **kwargs)
           ^^^^^^^^^^^^^^^^^^^^^
  File "C:\Users\User\OneDrive\Desktop\computer_science\work\GenericWeb\backend\generic3\users\views.py", line 188, in user_detail
    clinic_id = get_clinic_id_for_user(current_user , site=site)
                ^^^^^^^^^^^^^^^^^^^^^^^^^^^^^^^^^^^^^^^^^^^^^^^^
  File "C:\Users\User\OneDrive\Desktop\computer_science\work\GenericWeb\backend\generic3\generic3\utils.py", line 73, in get_clinic_id_for_user
    clinic_id = clinics_id[0]
                ~~~~~~~~~~^^^
  File "C:\Users\User\OneDrive\Desktop\computer_science\work\GenericWeb\backend\venv\Lib\site-packages\django\db\models\query.py", line 432, in __getitem__
    return self._result_cache[k]
           ~~~~~~~~~~~~~~~~~~^^^
IndexError: list index out of range
Internal Server Error: /api/v1/users/2/
Traceback (most recent call last):
  File "C:\Users\User\OneDrive\Desktop\computer_science\work\GenericWeb\backend\venv\Lib\site-packages\django\core\handlers\exception.py", line 55, in inner
    response = get_response(request)
               ^^^^^^^^^^^^^^^^^^^^^
  File "C:\Users\User\OneDrive\Desktop\computer_science\work\GenericWeb\backend\venv\Lib\site-packages\django\core\handlers\base.py", line 197, in _get_response
    response = wrapped_callback(request, *callback_args, **callback_kwargs)
               ^^^^^^^^^^^^^^^^^^^^^^^^^^^^^^^^^^^^^^^^^^^^^^^^^^^^^^^^^^^^
  File "C:\Users\User\OneDrive\Desktop\computer_science\work\GenericWeb\backend\venv\Lib\site-packages\django\views\decorators\csrf.py", line 56, in wrapper_view
    return view_func(*args, **kwargs)
           ^^^^^^^^^^^^^^^^^^^^^^^^^^
  File "C:\Users\User\OneDrive\Desktop\computer_science\work\GenericWeb\backend\venv\Lib\site-packages\django\views\generic\base.py", line 104, in view
    return self.dispatch(request, *args, **kwargs)
           ^^^^^^^^^^^^^^^^^^^^^^^^^^^^^^^^^^^^^^^
  File "C:\Users\User\OneDrive\Desktop\computer_science\work\GenericWeb\backend\venv\Lib\site-packages\rest_framework\views.py", line 509, in dispatch
    response = self.handle_exception(exc)
               ^^^^^^^^^^^^^^^^^^^^^^^^^^
  File "C:\Users\User\OneDrive\Desktop\computer_science\work\GenericWeb\backend\venv\Lib\site-packages\rest_framework\views.py", line 469, in handle_exception
    self.raise_uncaught_exception(exc)
  File "C:\Users\User\OneDrive\Desktop\computer_science\work\GenericWeb\backend\venv\Lib\site-packages\rest_framework\views.py", line 480, in raise_uncaught_exception
    raise exc
  File "C:\Users\User\OneDrive\Desktop\computer_science\work\GenericWeb\backend\venv\Lib\site-packages\rest_framework\views.py", line 506, in dispatch
    response = handler(request, *args, **kwargs)
               ^^^^^^^^^^^^^^^^^^^^^^^^^^^^^^^^^
  File "C:\Users\User\OneDrive\Desktop\computer_science\work\GenericWeb\backend\venv\Lib\site-packages\rest_framework\decorators.py", line 50, in handler
    return func(*args, **kwargs)
           ^^^^^^^^^^^^^^^^^^^^^
  File "C:\Users\User\OneDrive\Desktop\computer_science\work\GenericWeb\backend\generic3\users\views.py", line 188, in user_detail
    clinic_id = get_clinic_id_for_user(current_user , site=site)
                ^^^^^^^^^^^^^^^^^^^^^^^^^^^^^^^^^^^^^^^^^^^^^^^^
  File "C:\Users\User\OneDrive\Desktop\computer_science\work\GenericWeb\backend\generic3\generic3\utils.py", line 73, in get_clinic_id_for_user
    clinic_id = clinics_id[0]
                ~~~~~~~~~~^^^
  File "C:\Users\User\OneDrive\Desktop\computer_science\work\GenericWeb\backend\venv\Lib\site-packages\django\db\models\query.py", line 432, in __getitem__
    return self._result_cache[k]
           ~~~~~~~~~~~~~~~~~~^^^
IndexError: list index out of range
Forbidden: /api/v1/clinics/
Unauthorized: /api/v1/clinics/
Bad Request: /api/v1/clinics/
Bad Request: /api/v1/clinics/
Bad Request: /api/v1/clinics/
Internal Server Error: /api/v1/clinics/
Forbidden: /api/v1/clinics/
Internal Server Error: /api/v1/clinics/1/
Not Found: /api/v1/clinics/99999/
Forbidden: /api/v1/clinics/1/
Unauthorized: /api/v1/activities/
Internal Server Error: /api/v1/activities/
Traceback (most recent call last):
  File "C:\Users\User\OneDrive\Desktop\computer_science\work\GenericWeb\backend\venv\Lib\site-packages\django\core\handlers\exception.py", line 55, in inner
    response = get_response(request)
               ^^^^^^^^^^^^^^^^^^^^^
  File "C:\Users\User\OneDrive\Desktop\computer_science\work\GenericWeb\backend\venv\Lib\site-packages\django\core\handlers\base.py", line 197, in _get_response
    response = wrapped_callback(request, *callback_args, **callback_kwargs)
               ^^^^^^^^^^^^^^^^^^^^^^^^^^^^^^^^^^^^^^^^^^^^^^^^^^^^^^^^^^^^
  File "C:\Users\User\OneDrive\Desktop\computer_science\work\GenericWeb\backend\venv\Lib\site-packages\django\views\decorators\csrf.py", line 56, in wrapper_view
    return view_func(*args, **kwargs)
           ^^^^^^^^^^^^^^^^^^^^^^^^^^
  File "C:\Users\User\OneDrive\Desktop\computer_science\work\GenericWeb\backend\venv\Lib\site-packages\django\views\generic\base.py", line 104, in view
    return self.dispatch(request, *args, **kwargs)
           ^^^^^^^^^^^^^^^^^^^^^^^^^^^^^^^^^^^^^^^
  File "C:\Users\User\OneDrive\Desktop\computer_science\work\GenericWeb\backend\venv\Lib\site-packages\rest_framework\views.py", line 509, in dispatch
    response = self.handle_exception(exc)
               ^^^^^^^^^^^^^^^^^^^^^^^^^^
  File "C:\Users\User\OneDrive\Desktop\computer_science\work\GenericWeb\backend\venv\Lib\site-packages\rest_framework\views.py", line 469, in handle_exception
    self.raise_uncaught_exception(exc)
  File "C:\Users\User\OneDrive\Desktop\computer_science\work\GenericWeb\backend\venv\Lib\site-packages\rest_framework\views.py", line 480, in raise_uncaught_exception
    raise exc
  File "C:\Users\User\OneDrive\Desktop\computer_science\work\GenericWeb\backend\venv\Lib\site-packages\rest_framework\views.py", line 506, in dispatch
    response = handler(request, *args, **kwargs)
               ^^^^^^^^^^^^^^^^^^^^^^^^^^^^^^^^^
  File "C:\Users\User\OneDrive\Desktop\computer_science\work\GenericWeb\backend\venv\Lib\site-packages\rest_framework\decorators.py", line 50, in handler
    return func(*args, **kwargs)
           ^^^^^^^^^^^^^^^^^^^^^
  File "C:\Users\User\OneDrive\Desktop\computer_science\work\GenericWeb\backend\generic3\activities\views.py", line 112, in activities_list
    activity = Activity.objects.get(
               ^^^^^^^^^^^^^^^^^^^^^
  File "C:\Users\User\OneDrive\Desktop\computer_science\work\GenericWeb\backend\venv\Lib\site-packages\django\db\models\manager.py", line 87, in manager_method
    return getattr(self.get_queryset(), name)(*args, **kwargs)
           ^^^^^^^^^^^^^^^^^^^^^^^^^^^^^^^^^^^^^^^^^^^^^^^^^^^
  File "C:\Users\User\OneDrive\Desktop\computer_science\work\GenericWeb\backend\venv\Lib\site-packages\django\db\models\query.py", line 637, in get
    raise self.model.DoesNotExist(
activities.models.Activity.DoesNotExist: Activity matching query does not exist.
Internal Server Error: /api/v1/activities/
Traceback (most recent call last):
  File "C:\Users\User\OneDrive\Desktop\computer_science\work\GenericWeb\backend\venv\Lib\site-packages\django\core\handlers\exception.py", line 55, in inner
    response = get_response(request)
               ^^^^^^^^^^^^^^^^^^^^^
  File "C:\Users\User\OneDrive\Desktop\computer_science\work\GenericWeb\backend\venv\Lib\site-packages\django\core\handlers\base.py", line 197, in _get_response
    response = wrapped_callback(request, *callback_args, **callback_kwargs)
               ^^^^^^^^^^^^^^^^^^^^^^^^^^^^^^^^^^^^^^^^^^^^^^^^^^^^^^^^^^^^
  File "C:\Users\User\OneDrive\Desktop\computer_science\work\GenericWeb\backend\venv\Lib\site-packages\django\views\decorators\csrf.py", line 56, in wrapper_view
    return view_func(*args, **kwargs)
           ^^^^^^^^^^^^^^^^^^^^^^^^^^
  File "C:\Users\User\OneDrive\Desktop\computer_science\work\GenericWeb\backend\venv\Lib\site-packages\django\views\generic\base.py", line 104, in view
    return self.dispatch(request, *args, **kwargs)
           ^^^^^^^^^^^^^^^^^^^^^^^^^^^^^^^^^^^^^^^
  File "C:\Users\User\OneDrive\Desktop\computer_science\work\GenericWeb\backend\venv\Lib\site-packages\rest_framework\views.py", line 509, in dispatch
    response = self.handle_exception(exc)
               ^^^^^^^^^^^^^^^^^^^^^^^^^^
  File "C:\Users\User\OneDrive\Desktop\computer_science\work\GenericWeb\backend\venv\Lib\site-packages\rest_framework\views.py", line 469, in handle_exception
    self.raise_uncaught_exception(exc)
  File "C:\Users\User\OneDrive\Desktop\computer_science\work\GenericWeb\backend\venv\Lib\site-packages\rest_framework\views.py", line 480, in raise_uncaught_exception
    raise exc
  File "C:\Users\User\OneDrive\Desktop\computer_science\work\GenericWeb\backend\venv\Lib\site-packages\rest_framework\views.py", line 506, in dispatch
    response = handler(request, *args, **kwargs)
               ^^^^^^^^^^^^^^^^^^^^^^^^^^^^^^^^^
  File "C:\Users\User\OneDrive\Desktop\computer_science\work\GenericWeb\backend\venv\Lib\site-packages\rest_framework\decorators.py", line 50, in handler
    return func(*args, **kwargs)
           ^^^^^^^^^^^^^^^^^^^^^
  File "C:\Users\User\OneDrive\Desktop\computer_science\work\GenericWeb\backend\generic3\activities\views.py", line 138, in activities_list
    return JsonResponse({"id": activity.id, "name": activity.name, "description": activity.description}, status=status.HTTP_201_CREATED)
                               ^^^^^^^^
UnboundLocalError: cannot access local variable 'activity' where it is not associated with a value
Bad Request: /api/v1/activities/
Bad Request: /api/v1/activities/1/
Bad Request: /api/v1/activities/1/
Bad Request: /api/v1/activities/bundles/
Bad Request: /api/v1/activity-reports/
Bad Request: /api/v1/activity-reports/
Unauthorized: /api/v1/medications/
Bad Request: /api/v1/medications/
Bad Request: /api/v1/medications/
Bad Request: /api/v1/medications/1000000000/
Bad Request: /api/v1/medications/1000000000/
Bad Request: /api/v1/medications/bundles/
Bad Request: /api/v1/medication-reports/
Bad Request: /api/v1/medications/
Unauthorized: /api/v1/modules/
Bad Request: /api/v1/modules/
Forbidden: /api/v1/modules/
Bad Request: /api/v1/modules/1/
Forbidden: /api/v1/clinics/2/modules/
Unauthorized: /api/v1/notifications/set/notification/
Bad Request: /api/v1/notifications/set/notification/
Unauthorized: /api/v1/fileshare/
